ax_g,ay_g,az_g,gx_dps,gy_dps,gz_dps,classe
-0.4427,-0.2342,-1.2381,1.3300,-2.7866,-20.1127,1
-0.4921,0.0759,0.6954,-0.1204,1.1284,-0.4456,0
1.1442,0.5767,0.3538,81.5243,-5.4089,-83.8072,6
0.3478,-0.6547,0.0897,4.3327,-0.6624,5.6076,5
1.2133,-0.5576,-0.3667,-3.0382,-2.8513,-1.3960,2
-0.9366,0.5371,0.1284,145.8949,-73.9654,135.1137,6
0.2746,-0.5890,0.3968,-6.8001,22.1077,1.5640,5
-0.2707,-0.5407,-0.3690,3.2493,2.6860,2.4228,5
-0.5087,-0.6995,-0.2626,-6.9575,8.2445,-20.3821,5
0.8108,-0.7355,0.5829,0.9032,10.3215,-1.2410,2
-0.5057,-0.4274,-0.5713,-2.3734,0.7396,-3.3503,1
0.8911,0.6916,0.6236,-5.6463,-0.9296,5.5620,2
0.8267,-0.6679,-0.0518,-2.3974,19.9188,-1.4486,2
0.5590,0.7282,-0.6153,-1.4263,12.0254,-3.5082,4
-0.3574,-0.9834,-0.2370,20.7773,15.3119,-0.0345,5
-0.6200,-0.9294,-0.6636,3.1675,-13.9288,-2.6696,5
0.6044,0.3864,-0.7789,33.3983,19.1415,74.5312,6
0.3896,1.2630,-0.6311,4.6143,7.9794,16.6482,4
-0.9459,0.2220,-0.1692,-16.0349,-14.6748,-4.9839,3
-0.7643,0.6196,1.1591,-0.4988,0.8339,-0.3133,0
-0.5788,-0.1873,1.1130,25.5420,0.6787,3.3863,0
0.0849,0.6543,1.1734,9.9756,14.9656,-12.3394,0
0.3975,1.0220,-0.9161,14.1968,-16.5922,9.5433,4
1.0614,0.1832,0.1805,-0.4215,-3.4363,3.8875,2
0.1133,0.7474,-0.0029,-29.0814,70.5650,-17.2202,6
0.9378,-0.7983,0.6680,-19.3146,12.9583,6.3916,2
0.8739,0.3672,0.1412,0.1218,0.1097,0.1167,2
0.7775,0.0833,-0.0984,-13.8964,4.1817,-6.4689,2
0.9205,-0.0187,-0.1935,-6.0255,-6.6807,6.7278,2
-0.2411,-0.5841,-0.9665,11.0410,-19.8781,7.8207,1
0.8597,-1.0875,0.0279,-1.5106,-18.6477,-14.4674,5
-0.6071,0.9935,-0.6300,0.3348,-0.0363,-1.3351,4
-0.8188,0.3778,-0.3207,17.7710,-13.2983,-13.6155,3
0.6792,0.4289,1.0370,2.1237,4.1183,8.9269,0
-0.0086,-1.2216,-0.7281,0.1730,-0.3322,1.4129,5
-0.0134,0.7289,0.6833,-4.1968,-118.3438,131.2879,6
-0.2817,-0.1052,-0.9537,-3.0714,-4.6321,6.4087,1
0.8839,0.3940,-0.1379,6.1231,-1.3400,2.8879,2
0.2147,1.4055,0.2966,-8.4220,0.6010,-1.1688,4
0.3249,0.1813,1.2152,-5.9493,2.0419,-6.8139,0
0.7766,-0.2278,-1.0185,12.1100,-1.1431,17.0863,1
-1.0991,-0.2437,0.0923,15.5269,-12.0793,8.0779,3
-0.7196,-0.4161,-0.9973,0.2706,0.5529,-0.2280,1
0.4513,-1.0398,-0.3716,-2.0964,-4.1433,6.4364,5
1.2176,0.8328,-0.0151,-7.4939,26.1341,3.7888,2
0.3217,-0.7873,-0.0914,-3.8291,-19.8534,9.5819,5
-1.1494,0.5318,0.2345,5.1105,24.7601,13.7529,3
-0.4572,0.2622,0.8145,-0.5269,0.0843,-0.6963,0
0.0436,-0.3905,-0.8128,88.2919,-11.2912,-59.6214,6
-0.5743,-0.8935,-0.5725,0.8638,5.2934,18.5274,5
-0.4406,0.9115,0.6877,22.0441,-3.9822,-5.7300,4
0.4414,-0.5162,-0.1691,2.9278,-0.4736,4.2761,5
0.3579,0.8730,0.5047,-11.7048,-2.8114,10.2652,4
0.6003,0.1164,-0.5083,23.2442,-9.2636,-2.3750,2
0.7562,-0.3011,0.1491,-1.0803,-1.0543,-7.9667,2
-0.8974,0.9624,0.2113,-16.4297,-0.5776,23.1295,4
-0.1748,-0.2861,-1.4206,-9.1703,-239.4304,65.5741,6
0.3365,0.6676,1.1660,-3.7481,-13.9645,-7.6360,0
0.9126,0.4880,0.5925,2.2179,-0.7651,-4.5127,2
-0.7208,-0.3144,0.7305,-0.1038,-19.8298,-7.2464,0
-0.7749,0.2123,1.1840,6.3755,2.1504,9.1615,0
0.5370,-0.5930,0.0301,-7.1690,-5.5466,-10.6138,5
0.8552,-0.7481,0.1396,-24.4942,-14.6116,-0.0817,2
0.6438,-0.1921,0.5895,-1.7097,4.4150,9.6942,2
0.7737,-0.5026,-0.1587,24.8761,-0.8809,4.5530,2
0.2918,-0.4725,-0.5931,5.2123,18.3628,-11.4401,1
-0.3494,0.8335,-0.0118,12.4643,-1.3796,9.5500,4
0.5392,0.3539,0.5145,-2.7739,-12.9652,-20.3521,2
-0.2361,-0.2027,-1.3831,3.0536,16.3024,1.0689,1
-0.7765,0.0445,-0.1061,3.0229,8.8629,-1.3241,3
0.9533,0.3184,-0.8009,-14.4430,9.9844,6.5705,2
0.1163,0.4896,-0.4688,-162.1121,34.1936,-22.0335,6
1.1802,0.6567,0.0707,2.5520,5.8522,8.5953,2
-0.6492,-1.1139,0.7135,-85.1242,-155.9625,-169.6276,6
-0.5935,0.2402,-0.9824,0.2143,-8.0418,-3.5940,1
-0.4258,-0.2946,-0.6034,-12.8924,-3.5099,-14.6712,1
0.7343,-0.0712,-0.1691,8.6067,6.7643,-4.4204,2
0.6120,0.7790,-0.4421,9.1964,5.6989,-7.8209,4
0.8537,-0.0595,-0.5363,-1.2618,19.1163,-15.5724,2
0.7476,0.2577,0.5304,-8.4739,7.6353,-5.0412,2
-1.2606,0.5494,0.0115,-27.4066,0.6250,63.4327,6
0.5456,-0.9599,-0.9237,-52.9082,-24.0276,33.3892,6
-0.2391,0.4494,-1.3801,-0.3355,3.7112,-15.9398,1
0.6427,1.1042,-0.8125,-13.0651,-20.3394,-6.8088,4
-1.3070,0.1362,0.1160,-0.7154,15.3615,-4.6670,3
-0.6677,0.2928,0.3620,2.9683,-15.0597,2.6347,3
-0.9406,1.2335,0.1269,2.3769,9.2822,20.4417,4
-0.8063,-0.9087,-0.3516,7.0908,18.8852,-17.3448,5
-0.6069,0.1344,-0.7669,-0.1401,0.4175,0.0495,1
-0.3135,0.9389,0.5733,5.8013,-12.6920,-7.8079,4
0.3433,0.5065,-0.9640,-5.9606,-6.6739,-0.2657,1
-1.3992,0.1154,0.2699,15.4764,3.5001,15.5355,3
-1.1989,-0.3360,-0.2035,-0.1874,1.9745,-0.2879,3
-0.7386,-0.8761,-0.3238,-9.0370,1.8501,-18.1120,5
-0.5614,0.6085,0.6120,5.5771,-3.5060,6.6030,0
-0.0692,0.4667,-0.9329,-23.4318,9.5807,7.2027,1
0.9733,-0.0479,-0.4989,-20.0863,-9.8737,8.4859,2
0.8732,0.3306,-0.4219,9.3316,-21.2393,3.4673,2
-0.7958,0.2448,-0.1630,169.4450,143.3986,42.2238,6
-0.0949,-0.9951,0.1212,11.9163,-7.2806,3.0281,5
-0.8544,-1.1617,-0.0992,18.9551,2.0490,6.6668,5
0.8658,-0.1093,0.8962,13.7021,-4.0916,3.7467,0
-0.2879,0.2455,1.0335,1.8372,-2.0751,-0.2073,0
0.7048,0.8226,-0.7062,144.7085,-138.7293,-55.4413,6
-0.2085,-0.7979,0.5052,16.1428,-3.8311,22.8587,5
0.5306,0.4110,0.2360,-4.4678,-2.4940,2.4487,2
0.3338,-0.6072,0.7730,4.2651,-3.6860,6.1702,0
-0.6609,0.2681,-0.6127,-0.5293,3.3456,-3.1883,3
0.6420,-1.2086,-0.5239,-7.7114,-6.2216,-7.9157,5
0.8512,0.8257,-0.7629,-6.3000,-15.4992,15.8880,2
0.8253,-0.7125,0.6197,-6.6259,19.9613,-9.8528,2
0.2151,0.1312,-1.3816,12.6586,15.6040,11.2876,1
-0.3447,-0.2349,0.5898,10.2699,-7.0389,-13.7147,0
0.6313,-0.7859,-0.2423,-22.2708,-14.2916,-13.9896,5
0.4786,-0.0029,-0.4751,-117.9017,-26.7826,136.6749,6
0.4521,0.6206,1.1035,-4.0059,-6.6931,24.6844,0
0.5495,-0.6096,1.3386,88.0726,-154.7247,-80.2273,6
0.3903,0.2721,1.3051,68.9007,100.2122,-126.5955,6
-0.3555,0.5917,-0.2920,-11.3969,2.9299,18.6650,4
0.6463,-0.2606,0.0689,13.2482,4.6829,-1.4877,2
0.0446,-1.2472,-0.7219,-48.8037,-139.5218,-74.4072,6
0.5000,-0.3127,-0.4414,2.6251,-3.0915,0.6399,2
-0.4994,-0.6480,0.0054,4.6061,-0.6372,-20.5468,5
-0.3440,-1.0638,0.0454,-1.8764,-5.8177,3.5856,5
0.0926,-1.0932,0.2406,-9.7332,25.1273,-1.4197,5
0.8446,-0.3788,-0.4847,-22.4334,12.2939,-14.8485,2
-0.7542,0.0011,-0.8612,-14.1988,15.3064,-13.5724,1
0.4228,0.7649,0.5621,11.8168,8.0390,-21.1991,4
-0.3684,0.9072,0.7844,5.9118,-1.3961,-3.6868,4
0.7219,-0.1115,-0.3948,-3.5857,-17.4515,-8.5037,2
0.5223,1.0383,0.9167,1.4673,4.8094,-0.9958,4
0.4685,-0.5624,-0.2717,-11.7161,2.7613,14.0904,5
-0.7125,-0.7270,-0.6729,35.0109,-26.1776,81.4548,6
0.6685,-0.6386,-0.3246,-7.6574,6.1346,9.4530,2
0.9046,-0.6879,0.8433,-0.6252,4.0360,5.0710,2
-0.7720,0.6911,0.2180,2.5515,1.5128,-2.3682,3
0.1823,-0.8657,0.2364,-4.6190,-8.0326,4.2900,5
-0.5788,-0.4808,-0.9757,-2.8799,1.7009,-1.2055,1
-0.8657,-0.0985,-0.9741,98.0979,11.1876,128.3454,6
-1.0789,0.3102,0.2321,-1.7016,0.4736,-0.7452,3
-0.2410,-0.7379,-0.6181,-4.2956,-9.7057,5.3639,5
1.0208,0.1527,0.1412,14.6246,-7.9371,1.0972,2
-0.7552,0.5137,0.4912,-43.8941,99.8154,106.0360,6
0.9474,1.1352,0.3476,0.3263,-0.8570,-0.2031,4
0.4953,-0.4696,0.3000,-5.1303,-4.3957,-2.0782,2
0.0638,-0.5465,-1.3242,-118.2669,-32.2087,195.7006,6
-0.1619,-0.6588,0.2568,-15.5201,-5.8865,11.2368,5
0.3054,-0.4221,1.2747,-9.1600,-1.9526,-7.9422,0
-0.2884,0.6005,-1.1447,6.9730,6.2782,-0.8203,1
-0.3717,-0.3645,1.0848,4.3597,-2.7502,8.2159,0
0.6317,-0.1167,-0.2677,0.1189,1.2677,-0.7383,2
-0.5966,-0.2287,-0.7555,-1.5730,23.8268,-1.6786,1
0.3991,0.0660,0.6758,-1.7698,17.3809,-16.5315,0
0.9003,-0.5776,0.7615,13.7504,4.1741,-25.5638,2
-0.8186,-0.0518,0.3499,8.4868,-2.8586,-2.7501,3
-0.2483,0.6251,-0.4702,3.0646,-1.6315,-0.0572,4
-1.0058,-0.1803,0.0076,2.1072,-1.7937,4.3547,3
-0.2256,0.0921,-1.2107,7.4580,-1.0342,3.1089,1
-0.7803,0.9113,-0.1374,2.9383,-4.7856,-18.5235,4
0.4796,0.5545,0.1835,-8.5303,-14.5470,22.9544,4
0.7043,-0.3377,0.6773,-127.1912,-18.5042,24.3126,6
0.7396,0.1001,-0.2783,14.0886,23.6340,-0.6409,2
0.0728,0.1389,-1.3967,-6.0054,-15.0695,3.0902,1
-0.6274,0.3756,0.5702,1.2403,-3.9019,7.3609,3
-0.4028,-0.4055,-0.4863,-13.0857,-3.6343,-18.8530,1
-0.5988,-0.6236,0.2111,-225.2559,41.1284,-47.4752,6
0.6976,-0.0339,0.7453,20.0658,-10.5876,7.3755,0
1.2700,-0.0489,-0.0662,-8.0472,-7.7434,-6.9338,2
-0.4229,1.0954,-0.4378,-14.2334,19.7226,-6.0008,4
0.5573,-0.5802,0.4825,24.8395,68.2825,-118.6224,6
0.2530,0.1066,-0.9311,1.7834,-2.5748,0.8345,1
0.8174,0.6656,-0.6109,-0.0492,1.2180,-0.2067,2
0.0887,-1.4383,0.1220,-2.2435,8.5841,0.7434,5
-1.1077,0.3223,0.3083,-0.0328,2.6991,3.4774,3
1.4102,0.2057,-0.2414,-18.2466,-3.5688,2.2673,2
-0.0292,-0.4536,-0.9942,4.4197,-0.1702,-2.3439,1
-0.4453,-0.8984,0.8390,19.8578,9.2425,2.7617,5
0.2700,-1.1973,0.1540,16.7529,1.3826,15.3215,5
0.7956,0.0986,-0.9380,96.4954,-164.9136,-103.2583,6
-0.6843,-0.1082,0.3246,-1.4322,1.2567,0.4728,3
-0.0289,-0.6839,0.6288,-4.2176,-0.1191,1.2594,5
-0.9116,-0.0556,-1.0857,-2.4260,1.4722,21.6474,1
-0.9725,-0.3914,-0.3006,-13.8131,10.3487,-19.6830,3
-0.6713,-0.1511,0.4994,9.9890,15.1265,-3.4714,3
0.9781,-0.5165,0.6732,-4.0434,-8.3047,-6.3037,2
0.4630,0.3110,0.7742,-30.4371,82.3559,82.5777,6
-1.1107,-0.2912,-0.2719,3.8480,-3.7876,4.1461,3
1.1258,0.1501,-1.0524,32.4576,22.0248,-65.1600,6
0.2735,-0.6833,-0.3057,-1.4395,8.7242,-9.0161,5
0.6931,-0.4297,-0.5555,-7.2259,8.5729,16.2804,2
0.2530,-0.3215,-0.6978,6.5489,-2.6072,-3.7713,1
-0.2723,0.3595,0.7501,-2.2078,19.1339,19.5802,0
0.8435,-0.0277,-0.5585,149.0129,-111.4073,-11.8224,6
0.4473,0.1062,-0.8908,-13.1743,-11.0300,9.5671,1
1.2577,-0.2238,-0.2448,-1.1084,4.8188,3.1467,2
-0.7130,0.8357,0.8690,8.8549,-7.4812,5.9633,0
-0.6799,-0.5681,-0.5910,58.6795,64.6245,-94.3454,6
0.7135,-0.1251,-0.6141,-0.2032,0.1045,-0.0350,2
-0.2578,-0.8319,0.4299,3.5966,-0.4962,3.0993,5
-0.4432,-0.2987,0.7082,-6.0848,-0.6824,0.0806,0
-0.7188,-0.0419,0.5573,0.9509,-0.7545,-2.6751,3
0.8400,0.9277,-0.0543,-11.8422,-0.9498,20.3113,4
-1.3050,-0.2027,-0.1043,-4.2625,-5.8021,-9.4206,3
0.5009,0.4297,-0.4046,6.8697,-10.8064,-13.0348,2
-0.3482,0.0165,0.8079,-9.7665,-25.4228,-5.0969,0
-0.4348,-0.9974,0.5621,-22.5858,-9.2161,-1.7660,5
-0.3051,-0.9392,0.5075,7.9135,8.4633,-9.0884,5
1.0825,0.8145,0.1165,-18.1212,19.7990,-0.0865,2
1.0850,-0.1461,-0.8749,-15.7327,4.4253,21.1817,2
0.9473,0.3932,0.9486,-1.0463,26.0654,1.2586,2
0.5930,-0.4875,0.3445,1.4047,-7.4483,8.0812,2
-0.6073,-1.0294,0.7937,-2.8771,-11.2385,6.8621,5
-0.7430,-0.5821,-0.9925,2.9054,-4.6689,-4.1841,1
0.3292,-0.9027,-0.7157,7.4857,-8.0490,27.0915,5
0.0222,1.1436,-0.8109,-9.4796,-20.8841,10.3906,4
-0.0169,-0.8812,0.0172,23.4579,6.5744,10.7348,5
0.0871,0.9833,-1.0402,9.2271,-5.8041,2.3277,1
-0.3392,0.7351,0.6338,126.9265,-44.3211,-87.0225,6
-0.4764,0.6139,1.0199,-12.1551,3.1692,1.5919,0
-0.6904,1.2658,0.7959,103.9249,60.3706,-96.8193,6
0.4837,0.5010,0.9261,-3.3504,-2.5374,-1.8980,0
0.6210,0.4745,0.5217,18.2689,-14.0352,-8.6085,2
-0.1496,0.5856,-0.8816,-13.6103,-18.9584,-13.6193,1
-0.2841,-0.8030,0.4059,-1.1113,0.7075,-0.5109,5
-0.0442,-0.1930,-0.7509,6.5993,14.1447,-25.1044,1
-0.5484,0.3649,-0.9490,-9.0732,-1.2803,-8.1227,1
0.8653,-0.4547,-0.2093,-0.4868,8.0130,4.6272,2
0.0397,-0.9183,-0.4221,20.1970,3.6351,-18.9724,5
-1.0032,-0.3821,0.0076,3.7247,3.8925,11.1729,3
0.3116,-0.4000,-1.3238,-0.8015,-0.1182,3.5640,1
-0.3355,0.1550,-0.7204,14.3208,-53.0843,-43.3573,6
-0.1367,0.6331,-0.3837,-0.0437,-0.1184,-0.0621,4
1.1301,-0.3923,-0.6366,-161.6651,46.5283,174.5184,6
1.0944,0.2506,0.4905,86.4500,-136.9708,-76.6398,6
-0.1111,1.3469,0.0032,14.0359,-13.4158,11.0298,4
-0.4949,1.1908,0.3965,12.1940,2.3159,10.9934,4
0.1896,-0.6744,-0.2306,-1.1481,4.8915,0.7964,5
0.3629,0.7652,-0.0480,1.6035,-5.1481,27.8531,4
-0.4264,-1.2886,-0.5753,-152.3357,-35.0377,-130.6500,6
-0.8223,0.3800,-0.5243,-22.9720,6.0529,9.3562,3
0.0052,0.8138,-0.4477,-3.0267,1.2538,-4.5985,4
0.9480,-0.3533,1.1141,1.4635,-4.3111,-7.8866,0
0.0576,-0.2435,-0.6672,19.5862,-13.7810,9.3211,1
0.0738,0.2665,-0.7490,-10.1867,-2.9405,-6.1021,1
0.2659,-1.1998,-0.2934,-0.6503,-0.5610,0.5581,5
0.5431,0.7390,-0.8006,20.8756,-14.7805,-0.8141,1
-0.4925,-0.8186,-0.3631,-6.1106,8.8291,-1.7256,5
-0.7399,-0.5793,-0.6125,0.2726,4.5456,-2.8555,3
-0.3785,-0.5100,-1.4508,-89.1394,89.8202,-114.5459,6
-0.5494,0.4504,-0.0964,-6.5236,17.5878,12.7515,3
-0.7973,0.7638,-0.5701,4.1421,6.8290,-7.0649,3
-0.3940,0.0149,-0.7117,4.1067,-6.4594,-9.0919,1
0.5093,-0.1531,-1.1403,10.6038,5.0887,4.0298,1
0.0413,-0.7366,-0.7173,19.5300,219.5295,-71.4374,6
1.0849,-0.0869,0.3911,5.4857,11.3888,7.3450,2
0.1847,0.1936,-0.7085,19.6492,72.8267,-84.9438,6
1.2927,-0.5674,-0.3359,-2.4653,-5.8595,-0.3722,2
-0.0265,0.3614,0.7166,3.6442,1.4172,-11.2011,0
0.8281,0.0449,-0.3227,-0.4033,-0.1653,-9.9420,2
1.0060,-0.6884,-0.5570,-3.4922,4.4863,-6.3743,2
-0.1971,0.4225,-0.6235,12.5948,-4.5995,-17.0957,1
-0.8413,-1.0862,-0.3587,-18.5606,-6.6306,19.0388,5
-0.2138,-0.1170,1.3051,0.7455,-76.3703,93.1072,6
0.2397,0.3165,0.6020,11.9546,6.7684,3.5513,0
-0.4310,-0.9718,0.5705,-5.0842,-8.1750,-9.2418,5
-0.8578,-0.2604,1.0240,-0.1878,-1.1246,-2.2936,0
0.2168,1.0534,0.3407,8.0886,112.3332,-147.9287,6
0.9349,-0.4997,-0.0953,-1.0565,1.7011,1.8762,2
-0.2054,-0.2080,1.1914,-4.0889,-2.3719,-9.3524,0
0.2403,-0.7259,0.2196,10.4000,12.5243,19.9367,5
-1.0704,-0.2400,-0.2964,9.2789,11.3966,-25.4323,3
-0.1157,0.7427,0.0219,26.4746,-1.6229,-55.0857,6
0.6598,0.7314,-0.6725,72.5413,96.3517,-32.5382,6
-0.6796,-0.2154,-0.3355,2.3751,7.0967,-25.3790,3
0.1166,0.5108,0.7566,-8.1216,0.0534,-28.2497,0
0.9175,-0.1531,-0.7398,-1.8966,1.7048,-0.9793,2
-0.9962,-0.6803,-0.0772,-13.3687,5.4364,24.8464,3
0.8040,0.6231,1.0844,-6.3342,7.1589,-9.5988,0
-0.4324,-0.4800,-0.9279,-26.7805,-19.3169,-63.5165,6
-0.7975,0.0561,-0.1678,0.0769,0.0389,0.1143,3
0.8154,0.3126,-0.3957,2.1123,9.4284,-5.2109,2
-0.5236,0.9800,-0.9684,-7.3108,-4.6693,-0.4451,4
0.7715,-0.8782,0.0859,0.0206,-3.6150,-3.5655,5
0.2125,-0.6579,-0.5641,-1.3406,8.8508,11.3718,5
-1.0393,0.5754,0.5216,8.4852,7.3599,-3.7404,3
0.5279,-1.2915,-0.0821,4.0117,0.7140,0.5886,5
-0.7048,-0.3257,0.4045,-5.6255,-5.1659,4.9896,3
-0.0669,-1.2491,0.6623,-1.0701,8.0704,-0.1449,5
0.1310,1.2380,0.2643,10.3794,-5.1311,-20.7668,4
0.1590,-0.4390,-1.4821,-69.8478,-177.9176,-49.5447,6
-0.0073,1.0598,-0.3478,2.4597,6.0033,2.9044,4
0.3967,0.0830,1.1513,6.3945,4.3016,-4.5907,0
0.9241,-0.3122,-0.8344,8.5397,19.2794,17.0851,2
-1.1565,0.1029,0.2772,6.5609,13.7080,20.0869,3
0.2032,-0.4054,1.2692,0.3301,-1.4530,14.8078,0
0.1092,0.6217,0.0676,13.9760,-46.7928,119.4569,6
0.5991,-0.5611,-0.7938,0.9980,3.5552,1.5761,1
0.1741,1.0266,-0.1131,27.5350,6.4965,-4.4677,4
0.3874,-0.6227,-0.3102,-7.5062,-20.4305,-1.1882,5
0.4240,0.5354,-0.5872,-26.8720,9.5450,-0.1759,1
-0.0056,-0.6781,0.2093,131.7792,9.4081,-157.4199,6
-1.1859,0.2753,0.7345,2.1747,-0.3807,-0.0819,3
0.3895,0.6117,-0.0211,6.6990,8.1567,19.6128,4
-0.1810,-0.7474,-0.0654,6.2928,11.1984,16.5386,5
-0.4798,-0.4237,-1.2246,0.5638,-8.1445,26.2902,1
0.6976,-0.1195,0.8841,14.5990,19.7922,-13.7584,0
0.6102,0.6287,-0.0216,-9.5975,0.5218,13.2218,4
-0.4468,0.8091,-0.9322,13.6985,-16.1354,-2.3784,1
0.2516,-0.6871,0.5128,-16.0358,-1.7835,0.7726,5
0.3758,0.2410,0.9520,44.3928,-68.0203,58.5881,6
-0.8914,0.0487,0.7466,7.5802,2.1574,-2.0520,3
0.5337,-0.2047,0.4177,0.1317,-20.0396,9.3045,2
0.6451,-0.5010,-0.6929,-96.7439,54.0180,83.5252,6
0.8861,-0.2633,-0.1248,-179.7601,46.5639,-26.9490,6
0.7333,1.0330,-0.2111,51.2613,38.9439,-50.3050,6
0.0626,-0.7353,-0.4326,0.9168,5.1784,-4.0228,5
0.5021,0.8167,-0.4792,14.3891,-3.1772,-3.9318,4
-0.3212,0.9953,0.0876,-6.8780,-15.7419,8.7703,4
0.4587,-1.0852,-0.0775,3.1188,15.8052,4.4035,5
0.2167,-0.2575,0.8156,-11.3641,13.5476,9.3598,0
-0.7090,-1.1335,-0.4463,9.7702,8.3052,14.8322,5
-0.8785,-0.2362,0.8115,1.7245,-0.6122,-5.0913,3
-0.0794,-1.2785,-0.0885,-0.0568,-18.5011,8.6445,5
-0.6526,-0.5925,-0.5669,-6.9927,12.5308,21.8395,1
0.6886,-0.2421,0.1445,5.5705,2.4874,-0.7959,2
-0.0877,0.9293,0.6518,11.8066,-6.2022,-5.5466,4
0.7041,0.3510,0.1628,-7.1583,7.0776,-4.2195,2
-1.3452,-0.3731,0.1944,-19.5589,-14.8740,-1.2953,3
-0.7908,-1.0863,0.2895,-3.0441,11.4840,-3.7704,5
-0.6030,-1.2181,-0.1124,4.5919,-9.0182,15.7590,5
0.0449,0.9601,-0.0226,11.3766,-14.5006,23.3405,4
-0.5490,-0.5692,-0.2751,-4.6950,-4.6412,-9.0996,5
0.6883,0.5043,0.9999,20.1893,-15.9139,14.2738,0
0.9129,0.8499,0.3095,-9.3324,8.9002,-1.1537,2
-0.2004,-0.6143,0.5338,27.1222,-6.9966,10.5813,5
-0.4599,0.6266,-0.3055,76.7934,-50.2737,7.8272,6
-0.7158,0.0248,-0.3676,-1.6162,10.0250,-12.5841,3
0.9644,0.3505,-1.0052,0.3120,-1.3200,-1.9401,1
-0.3269,0.6325,0.1586,6.4777,10.8542,0.6862,4
-1.1383,-0.7353,-0.4502,3.5794,7.8181,-3.2251,3
-0.2311,-0.2138,0.6377,19.0710,2.2926,-21.1577,0
-0.9585,-0.0953,-0.1747,-12.2824,14.8436,-3.1867,3
-0.4448,0.1189,-1.1896,10.8948,7.1381,13.5483,1
0.1628,-1.0058,-0.0923,-11.7955,-2.4593,10.2618,5
1.0353,-0.0275,0.8901,8.0919,-18.1906,13.3888,2
0.2618,-0.0957,0.7243,-5.0536,-5.1162,-1.6267,0
0.0491,-0.2242,-0.6598,-10.5594,15.3883,0.0623,1
-0.9234,0.2095,0.1237,-40.4394,-164.6312,16.9075,6
0.3135,0.3904,-0.4906,-17.3499,4.4872,18.3817,1
-1.0387,0.9737,0.2013,-2.2871,-3.2413,-1.0834,3
0.1109,-0.8871,-0.1586,8.6036,-3.3029,-4.8074,5
0.0892,-0.4980,-0.7437,-11.8391,-137.7245,165.5850,6
-0.0006,-0.9463,0.0436,1.2448,10.4556,-15.2655,5
-0.1487,-0.6481,-0.3769,-11.2760,10.8868,2.1058,5
-0.8370,-0.7708,0.3420,-3.5828,-1.2947,0.2596,3
-0.4687,-0.9875,0.5027,3.0942,2.7022,-6.0551,5
0.3333,0.2927,-1.0650,0.9854,10.6973,9.5409,1
-1.0278,0.3500,0.6301,-15.2913,-4.8149,0.0973,3
-0.6040,1.0103,0.7180,11.1321,-9.8776,-1.9819,4
0.4436,0.5394,-0.2041,-2.0670,-9.1721,0.9583,4
0.5422,-0.5594,0.2808,3.9092,-9.7191,-5.8623,5
-0.1000,-1.2396,-0.3627,-2.3602,-2.6837,-8.5650,5
-1.0465,0.2018,0.2929,-0.3670,-17.0854,0.0512,3
-0.3394,-0.9349,-0.5646,9.4632,-0.3420,4.2495,5
-0.6866,-0.0681,-0.0544,-3.0270,0.8858,2.1389,3
-0.8820,0.2718,-0.3099,0.3177,-0.6077,5.5751,3
-0.6565,-0.5043,-0.1785,79.3476,-189.3011,26.0275,6
0.3245,0.9550,-0.7036,-12.3611,0.8271,1.1525,4
0.9602,0.1908,-0.1950,15.3433,2.2405,6.5438,2
1.0479,-1.0413,-0.0367,37.4973,31.2023,150.9138,6
1.2663,0.0494,-0.1297,-57.3848,-103.4189,-113.4820,6
-0.5422,0.2177,-0.5005,181.1522,11.1938,-149.4744,6
0.6030,0.0281,-0.4886,0.5102,-12.3693,4.9025,2
0.6518,0.8358,-0.5193,-7.8571,-23.5403,-2.2218,4
1.1861,0.2371,-0.1711,-0.3227,8.6481,-5.2804,2
-0.9646,-0.0506,-0.8694,-0.4848,-18.4663,1.1461,3
-0.6765,0.1658,-0.4906,-17.0060,18.9693,-4.7436,3
-1.0235,-0.5022,0.1270,-0.0840,0.0643,0.0659,3
-0.9785,-0.2366,-0.8837,-90.0206,-71.6153,11.7026,6
1.0667,-0.5884,-0.5144,-12.7624,-9.7050,-6.6487,2
-1.0683,-0.2265,0.5581,-0.2990,-0.6240,-1.6953,3
1.0982,-0.1306,0.5802,-3.2888,6.0303,11.9152,2
-0.7081,-0.9571,-0.3907,16.6055,-4.7470,-3.8683,5
0.3352,-0.6206,-0.4623,15.2627,-1.4934,8.6901,5
0.1308,1.4011,-0.3859,-19.8992,3.9205,14.2834,4
-0.2507,-0.4915,0.5503,-59.8349,74.7255,3.4123,6
0.5603,-0.1009,-0.9159,190.6630,66.4025,3.3134,6
-0.7792,0.0276,0.2360,-2.4597,-7.0789,-3.3684,3
0.6566,-0.0120,0.7139,0.9239,-9.1664,-1.7301,0
-0.6056,0.3922,-0.9283,-6.3622,-4.2754,15.3821,1
-0.5852,0.7634,1.1128,-1.7544,2.3815,-3.9890,0
0.5974,0.5766,0.4665,-1.0620,0.6567,1.4967,4
0.0400,-0.6427,0.8077,2.2425,-6.1732,9.8512,0
0.2489,-0.6208,0.5436,12.5377,-14.4149,-0.7061,5
-0.6298,-0.5448,0.0038,-0.6030,-3.8301,-6.0349,3
-0.3456,0.4987,-0.7441,13.5232,-2.1776,-15.9221,1
0.0511,0.3295,-1.2039,-0.2327,-0.0039,0.0057,1
-0.3255,-0.8081,-0.4726,61.1997,87.7935,-165.8208,6
0.1343,-0.8746,-0.4746,3.9022,-3.6849,-2.8099,5
0.1606,-0.5531,0.6699,-8.5711,-10.4754,12.3956,0
1.1765,0.1456,0.4606,17.6792,-5.7735,-6.9646,2
-0.8456,0.7003,0.4477,-102.0224,-117.8305,53.9675,6
-0.5740,-0.4901,-1.0242,11.0406,45.3342,62.1330,6
-0.1962,0.7257,-0.7444,-0.6848,-3.8620,3.7666,1
0.9487,-0.6603,0.2051,-20.2190,3.1625,14.1228,2
0.4879,0.7414,-1.2455,-0.8869,-1.1081,-0.6072,1
0.1229,0.7458,0.0399,-12.5877,8.3063,-23.3785,4
0.5373,1.0201,0.2230,-7.5694,0.1700,-5.2429,4
-0.5152,-1.2731,-0.5539,-24.7944,6.0667,0.3359,5
-0.2292,-0.5817,-0.5845,12.6986,17.6351,-5.2942,1
0.5130,0.0665,-0.6143,-1.9174,20.1564,7.3574,1
0.4136,0.4712,0.6661,-142.1121,109.6578,35.1939,6
-0.0928,-0.6288,-0.6513,15.0846,13.6886,2.0089,1
-0.2339,0.2139,0.9589,24.0196,-3.9204,14.5314,0
-0.8204,0.7446,0.0774,7.7430,-8.7054,3.8454,3
-0.1852,-0.2011,-0.7628,-17.5979,0.5490,22.9858,1
0.5638,-0.6249,0.4162,1.2727,-3.5173,-2.4663,5
-0.6266,1.1577,0.1564,-131.3824,59.0325,33.0332,6
0.0006,-0.4263,0.8521,-1.4679,1.8102,-1.4646,0
-0.1672,1.1070,-0.2358,2.6618,-1.0628,-0.3293,4
-0.3464,0.9748,-0.5785,12.5721,11.8869,-14.8259,4
0.7104,0.5773,0.3336,5.6314,14.0483,1.1104,2
-0.2219,-0.9310,0.4809,-106.2284,160.8062,52.2266,6
-0.1143,-0.3919,-0.9576,21.1242,13.8400,10.3332,1
0.7944,-0.6784,0.1820,-97.3863,-46.8112,-90.6420,6
0.2254,0.5280,0.9104,-4.9239,-9.8996,3.2970,0
0.8637,-0.1145,0.8599,-12.5270,1.2069,2.3418,0
-0.6199,0.4178,-0.3771,-11.7864,-1.2269,0.8847,3
-0.2993,-0.0755,-1.3757,230.9008,58.2044,67.7292,6
-1.0405,0.2098,-0.1053,128.6689,-49.6161,-179.4038,6
-0.3954,-0.6558,0.0309,-3.8549,-6.7463,-0.3339,5
0.1392,-0.4910,-0.2187,25.4562,61.8220,-1.4281,6
0.4572,-0.5531,-0.7674,22.4136,-4.9081,-13.0412,1
0.3131,1.0465,0.0320,-4.2342,12.2822,-6.5730,4
-0.8908,-0.2205,0.6119,-47.1061,9.3190,-228.9725,6
-0.1989,0.7581,0.2518,-0.3047,-6.2332,-0.9219,4
-0.8552,0.8647,0.3949,-11.9587,15.9412,9.1077,4
0.8753,0.0331,0.1823,6.2567,-0.7148,0.1138,2
-0.9877,-1.0170,0.2543,9.9180,8.4380,-17.8017,5
0.6337,0.3911,1.2817,1.7293,-1.7212,1.9309,0
-0.6156,0.7905,-0.3954,-41.9156,163.3462,-16.7067,6
-0.2671,0.6439,-0.6066,-12.2409,-3.7712,-8.1550,4
-0.7912,-0.0015,0.7144,15.0273,-7.7469,14.9199,3
-0.6025,-0.6868,0.4123,-1.7443,-2.4264,-4.4877,5
-0.6985,0.1535,0.0967,8.6436,-10.1542,16.2036,3
-1.0674,0.5855,0.6737,1.4985,3.1153,-5.2514,3
-0.5913,-0.1068,0.3011,-7.2676,0.3472,-8.5735,3
1.4068,0.3304,-0.3093,6.3072,-2.5034,-1.6660,2
0.6302,0.3368,-0.4677,7.3443,1.2328,9.4180,2
-0.7713,-0.5759,-0.3902,2.2670,-1.5936,1.8043,3
0.1954,0.2995,0.7141,-20.0007,-1.6893,13.5643,0
0.0377,-1.0896,0.4961,-8.4987,27.7840,-4.6324,5
1.0447,-0.3927,-0.8487,0.8043,3.5805,-15.7216,2
0.1656,0.0536,1.3446,5.1673,-1.5046,4.9969,0
-0.0842,-0.9356,-0.7744,-3.1218,6.3681,1.6688,5
0.7519,-0.0732,-0.5708,-27.7446,8.3498,3.0595,2
0.4541,-0.9277,0.3233,-0.6205,-0.5538,0.2647,5
-0.3178,1.0348,1.0864,0.9390,4.1691,9.5597,0
0.2534,0.0940,0.8769,12.4452,1.9989,-16.1102,0
-0.7528,0.6154,0.6082,-22.1290,-7.8442,-11.4764,3
0.8426,0.1888,0.4284,-8.5249,1.6569,-2.9396,2
-0.3875,-0.7648,-0.6712,-0.3284,-0.0326,0.2525,5
0.8109,0.0617,-0.6458,-4.7587,-0.7133,7.6987,2
-0.5173,0.0382,1.4551,-25.8391,-0.1495,-130.8410,6
-1.0428,0.2489,-0.6328,-1.9244,-23.8326,5.2888,3
0.2900,0.0714,1.1565,58.0288,-40.9715,69.7903,6
0.9144,-0.7882,0.2871,1.4370,-3.6906,2.1140,2
1.0660,-0.5980,-0.6073,5.2506,-16.7567,-18.7823,2
0.7554,0.3584,-0.6301,14.0530,7.2570,19.0817,2
0.8496,-0.9891,-0.6408,-95.3012,-108.9525,-54.0601,6
0.5631,0.1405,-0.4975,-1.5124,-0.4306,-11.0841,2
-1.1611,0.6214,-0.4599,-7.6353,-0.8832,3.1421,3
-0.6697,0.1667,-0.1066,14.4071,-7.3733,0.7445,3
0.4190,-0.5517,-1.3161,6.6495,6.5055,2.0749,1
-0.7478,-0.1071,-0.2858,1.2651,1.7808,-0.2771,3
1.0144,0.3593,-0.3944,0.6212,-0.6980,-0.0555,2
-0.5101,1.0499,0.2759,-8.4482,-11.8452,-1.4816,4
0.9378,-0.4033,0.9165,-7.6611,-0.5318,-13.3698,2
0.3469,0.1399,0.6629,1.8432,0.3319,0.5977,0
-0.9364,-0.4538,-0.2208,0.6320,-0.1547,-2.6343,3
-0.8478,0.0478,-1.1853,-130.5675,53.9311,33.2151,6
0.2213,-0.8651,0.6005,-25.1366,1.5786,-2.7586,5
-0.4969,-0.8354,0.2424,10.8794,-61.8071,23.8301,6
-0.4623,0.9569,-0.0259,-23.6569,14.3164,6.1208,4
-0.2798,-0.6597,0.0580,116.4048,49.6217,-82.6466,6
0.1664,-0.5774,-0.9935,-1.7800,-5.5555,1.5636,1
-0.2276,0.8959,0.5152,-1.2463,-21.6237,-12.3498,4
0.4065,-0.3651,-0.7591,5.9228,-7.0529,-9.0782,1
0.9019,0.4011,-0.7745,1.0996,-7.2089,-0.1689,2
0.2607,-0.2824,-0.9373,2.8297,4.3382,3.5685,1
0.6190,0.2115,0.4900,-8.4456,-3.4999,6.6235,2
-0.4250,0.7164,-1.2804,10.6629,219.2565,83.2743,6
-0.3943,1.4280,-0.3099,-44.1583,17.1442,53.4536,6
0.4839,0.5905,-0.1038,0.3970,-0.0162,-1.0050,4
-0.4494,0.6964,0.2441,3.2135,-15.3447,1.1249,4
0.3471,-0.7653,-0.2549,4.8992,-2.0806,0.1472,5
-0.2305,0.5053,-1.0556,-141.4708,59.2176,-86.2254,6
0.1121,0.1152,1.0244,-56.7028,-23.3982,47.6453,6
0.3802,0.3870,0.5509,10.4918,18.1088,-0.2435,0
1.0930,-0.2362,-0.2106,108.4008,-2.5875,-78.1557,6
0.7601,0.7130,-0.6515,-90.5277,-70.6481,21.2316,6
-0.0228,0.8722,0.2968,-15.5035,-17.6643,-8.2197,4
0.7653,0.7639,0.2914,0.6370,-1.7569,0.6080,4
0.5355,-0.0384,-1.4454,24.1435,11.4331,2.1707,1
-0.4705,-0.2739,-0.4296,-2.3150,0.4843,8.0750,3
0.3638,-0.6112,-0.3135,0.9353,15.0091,18.6354,5
0.8590,-0.5747,0.1415,21.3215,15.8022,11.7003,2
0.3768,-0.3499,-0.6822,-2.8008,0.5307,0.6468,1
0.1839,-0.8901,-0.0522,6.8201,25.2515,-8.8882,5
-0.0301,0.5744,0.8345,116.3578,139.7583,26.3002,6
-0.6707,-0.0185,0.7335,0.7972,-18.1104,20.6327,0
-0.5733,-0.1936,-0.5557,-5.6273,4.3240,-0.3312,3
-1.0471,0.5171,-0.0604,-5.6781,4.0013,-3.5201,3
0.9186,-0.1675,-0.0054,5.8170,-7.9437,0.6362,2
0.0701,0.3277,1.3317,-23.2290,14.3364,10.1892,0
0.3177,0.5282,-1.0316,166.8217,102.9041,-77.0924,6
0.8510,1.1551,0.3265,1.5464,7.3834,-15.6533,4
0.4578,-0.6256,0.6798,115.2252,-150.7242,-74.7132,6
1.1257,-0.2540,-0.4396,0.5183,2.6210,7.0585,2
-0.2274,0.6438,0.4256,8.1181,1.8094,4.7815,4
-0.1139,0.7873,-0.3235,1.3304,-20.6252,-12.4505,4
-0.9175,0.0405,0.5503,-2.6570,-3.0032,-4.9630,3
-0.2428,1.1807,-0.1424,20.0497,10.5403,17.7628,4
0.3205,0.8156,0.7279,20.4407,-3.2756,-13.1779,4
-0.7414,-0.9747,-0.4899,1.6225,-2.6552,-29.7092,5
1.1140,-0.4170,0.8031,0.4090,0.1107,0.7107,2
0.2701,0.3816,-0.4923,-0.6362,5.3169,-11.2956,1
-1.1621,-0.3242,-0.1531,19.5345,-10.6380,-10.1650,3
-0.1172,-1.4304,-0.6297,220.8951,-28.5756,-62.9111,6
-0.1810,0.2349,-0.8417,13.6699,-10.7196,7.7798,1
-0.3914,0.4430,0.5343,1.9616,-1.2155,-0.4528,0
0.6715,0.4211,-0.8624,-3.4245,-5.8674,6.9351,1
-0.1478,-0.7546,1.2016,20.3369,1.5911,5.6276,0
-0.4960,-0.0629,-0.6298,10.5558,21.6743,1.9040,1
0.7682,-0.1514,0.5732,9.7530,6.6046,8.8336,2
0.1772,-0.5204,-0.7540,0.0500,-0.0382,-0.2043,1
-0.0993,-0.9771,0.3454,-12.3879,-17.2546,11.3076,5
0.5425,0.2139,-0.7179,10.4476,-2.5846,-7.5822,1
0.5995,-0.6541,-0.1263,0.3869,-8.5305,17.6421,5
-0.2417,1.0583,-0.0538,-18.2265,-3.1277,-13.9071,4
-0.5329,-0.9494,0.4725,-98.3813,51.5631,19.1789,6
-0.2063,0.6065,-0.3488,-3.0358,1.5299,-2.9433,4
-0.1085,1.3415,-0.3281,0.0851,0.8851,14.1863,4
-0.2284,1.1194,0.1650,-0.4501,1.2592,0.4522,4
0.3921,0.0820,-0.6458,9.0252,5.1930,12.1365,1
0.8123,-0.2042,0.6286,-2.8582,2.0406,1.1101,2
0.2461,0.0867,-0.6884,-81.9134,7.5875,18.8478,6
-0.6751,-0.1563,0.5496,24.5946,10.8998,60.6074,6
-0.9511,-0.3584,0.3906,17.5370,-2.2459,-0.2612,3
-0.0679,0.6703,-0.2534,-3.7255,-4.8598,-25.0117,4
0.6346,0.9457,0.5427,10.3802,-14.3986,7.5871,4
-0.7382,0.7028,0.5279,4.3616,-16.3515,1.7057,3
0.5472,-0.1709,0.4834,-11.3985,-24.2612,12.1601,2
0.2645,-0.7914,-0.3411,-2.7551,-4.4581,1.0491,5
0.5777,-0.1967,-0.6896,93.2769,-45.4315,-226.9499,6
-1.1355,0.0591,-0.3220,6.6531,26.5674,2.8264,3
0.9673,0.4458,0.5115,18.6713,2.3184,19.5818,2
-0.9654,-0.6023,0.1680,4.9201,-3.9058,-2.4724,3
-0.2915,-0.4751,-0.6402,-17.3587,13.8591,7.6251,1
-0.0277,1.4305,0.0192,2.8839,-17.5775,11.9195,4
-0.2369,-0.7701,-0.4160,-118.5361,-165.6004,59.2564,6
0.1116,-0.7285,-0.2701,-0.2433,-3.3355,-11.5469,5
1.0003,0.2989,-0.0853,9.4975,4.9574,-4.4234,2
-0.0248,-1.0012,-0.8641,-7.3043,-6.9942,-5.2295,5
-0.0878,-0.9511,-0.7858,-24.7169,-7.9780,-5.4003,5
-0.6169,0.6754,0.4722,1.5256,-12.3865,23.6646,4
1.0268,-0.1373,-0.2568,-27.5237,2.0829,-6.9033,2
-1.1690,0.9124,-0.1067,42.3019,10.8081,-96.0467,6
0.2276,-0.5674,0.4793,5.0258,4.1219,1.3071,5
1.2393,-0.6194,0.1894,75.0047,66.5793,-95.2986,6
0.2993,0.2430,0.7539,-3.7022,-14.2891,-18.0619,0
-0.1722,-1.2981,-0.5633,11.6735,0.4209,-9.1264,5
0.8670,0.0720,0.3339,-3.3574,16.1802,-21.1269,2
-0.1088,-0.8503,0.5742,3.2882,-23.1278,15.2820,5
0.1004,0.3765,1.3011,22.9009,15.4585,-1.3280,0
0.4649,-0.3803,-0.7872,-13.2980,17.7522,-248.1003,6
-0.5006,0.4958,0.1884,11.7068,11.4148,4.8822,3
-0.4568,-0.9509,-0.2698,-1.2556,2.3242,-1.0711,5
-0.2441,0.9547,-1.1297,17.2834,5.5028,-22.0817,1
-0.1610,0.2137,-0.6584,11.3576,-4.6555,0.2571,1
0.3944,1.1818,0.3650,1.9010,0.0462,0.6755,4
0.3970,1.3248,-0.2527,17.7998,-13.1079,1.6885,4
-1.1422,0.7563,-0.0610,3.0792,17.1129,18.5909,3
-0.9921,0.7852,-0.5487,-54.3123,-60.3786,221.6084,6
1.4131,-0.1966,0.4963,-5.5266,-20.6101,-5.5586,2
0.9015,0.2646,-0.2997,5.3063,-4.3080,7.6823,2
-0.3896,-1.0736,-0.7314,-0.3156,-0.0269,0.1055,5
0.9178,-0.8501,0.4509,-76.4769,0.7332,-48.5570,6
-1.2306,-0.9289,-0.2195,55.1619,-47.5545,-178.1310,6
-0.1904,-0.0590,-0.7685,9.4486,-5.0667,-26.9671,1
0.0290,0.1509,-1.1097,-1.0977,16.6403,-11.5794,1
0.0997,-0.1042,1.3437,-0.1860,0.1051,-1.4225,0
0.3841,-0.6059,0.3849,3.3845,-20.9227,0.2516,5
0.8041,0.5471,-0.7119,4.4585,12.0625,-1.2420,2
0.4683,-0.0677,0.7741,7.0934,9.2932,-11.6119,0
-0.3153,-0.5805,-0.5525,-3.3346,9.3691,-15.1806,5
1.3056,0.0527,-0.2527,0.6300,-9.4036,-2.3131,2
0.4860,0.8873,-0.3848,25.5547,-72.6523,-10.5473,6
-1.0985,-0.6704,-0.3290,100.6628,-105.5390,67.0862,6
0.0472,0.1142,-1.0990,26.1135,-10.6884,-6.9549,1
0.8993,-0.3177,-0.8485,1.6834,0.4807,1.1289,2
-0.7214,0.2231,0.5247,4.6017,3.7264,-9.7014,3
-0.0819,1.4020,0.3959,-35.3500,75.0742,-185.5290,6
1.0644,-0.4836,-0.2781,1.3880,-1.4654,-0.5567,2
-1.1256,-0.7454,-0.4856,-5.6722,21.5833,16.5922,3
-0.7847,0.1929,-0.3715,-3.8287,-8.6447,13.4852,3
0.4658,-0.6099,-0.4677,33.8046,183.3366,57.6781,6
-0.6077,0.4418,0.4581,-5.9286,-0.3422,-18.8880,3
1.4777,0.1245,-0.2041,0.7087,2.5346,20.5776,2
0.5626,-0.3552,-0.3454,-0.7878,2.2016,-3.3444,2
-0.8095,0.2921,0.0969,7.9941,-11.7487,1.7699,3
-0.2760,-0.6230,-0.3658,4.6128,5.2725,-1.3444,5
-0.1005,-0.2593,0.6500,23.2454,-5.3890,8.4295,0
-0.4679,-0.3457,-0.3071,-17.1578,3.8697,-19.8430,3
0.5163,0.5626,0.2084,-1.5275,-18.7059,-8.0920,4
-0.2135,-0.1607,-0.7898,-7.8526,4.1803,-25.3433,1
-0.8329,0.7169,0.6078,-121.2832,-14.3644,-165.6254,6
0.1677,-0.3241,0.6886,6.0613,10.6183,3.1999,0
-0.1339,-0.6304,-0.9206,-4.8177,5.2102,-5.2752,1
-1.0743,-0.0786,-0.2816,-1.5853,-7.6146,3.6158,3
0.0399,0.0930,-1.1415,14.1030,-7.2518,73.0502,6
-0.7684,0.4321,-0.0344,17.6327,7.2997,-14.0919,3
0.1516,1.3642,-0.4124,-12.3837,-21.3609,8.5435,4
0.5404,0.5530,-0.5071,-1.4189,4.7765,-4.3176,2
0.9230,-0.3171,-1.0768,0.7681,1.0356,0.1162,1
-0.2489,0.6469,0.4102,14.0625,1.2981,-2.6225,4
-0.8821,0.6887,0.3599,-6.3483,-4.6119,-11.2690,3
-0.1217,-0.4151,-0.1350,-37.5186,197.0996,14.3080,6
0.1074,0.7214,-0.3053,-8.4462,2.9581,5.5092,4
-0.6871,-0.3244,0.5961,-44.5010,-186.5376,-122.2555,6
0.8065,-1.1329,-0.1702,-11.7444,11.4654,-16.2431,5
0.0249,-0.4741,0.1776,22.8807,-55.1798,122.1150,6
0.5103,0.2069,1.0305,72.4691,-152.4949,-37.3882,6
0.7832,0.0857,-0.0043,-13.1473,-7.4926,6.3634,2
0.7057,-0.5736,0.1725,-26.3691,-3.3837,-9.3170,2
-0.9000,0.5110,0.0045,0.6817,0.0487,1.9173,3
-0.3272,0.8439,-0.8364,9.1532,2.8407,12.8040,4
-0.8932,-0.9025,0.5995,-0.2992,-0.1378,-0.4054,3
-0.1580,0.4835,-0.7209,-9.9175,-18.0420,-17.4014,1
0.6198,-0.4892,-0.2910,0.9211,2.8085,-5.0619,2
-0.7851,-0.8097,0.5423,-3.0544,7.9818,5.0364,5
1.0094,0.6917,0.1042,6.0051,25.1937,1.6403,2
-0.2773,0.8991,0.5932,9.0893,-1.2936,4.0903,4
-0.3094,-0.1357,1.5890,46.4252,-172.7203,26.6337,6
0.0199,0.7652,0.0618,14.4268,-50.6953,-38.1167,6
0.1860,-0.9039,-0.3650,-52.4425,102.7924,13.0014,6
0.6036,-0.9513,-0.5899,14.8713,7.1148,-21.4538,5
0.3861,-0.6393,0.7451,7.6101,-3.4641,1.4596,0
0.5682,0.8245,-0.2477,-6.8549,-0.6034,3.2520,4
-0.0190,0.7173,0.8510,1.8686,4.7366,-17.5768,0
-0.0233,-0.2504,0.9098,7.0337,0.3761,-11.6495,0
-0.1732,-0.0942,-0.8947,18.9637,-18.4677,-13.0531,1
-0.4487,-1.3435,0.4915,-9.6418,-1.5606,-4.7362,5
-0.6809,-0.4911,-0.4209,-5.6876,-13.5373,-0.3480,3
-0.8547,0.2834,0.1398,-1.2418,3.8774,12.8663,3
-0.2268,1.0660,-0.4124,-182.2018,-13.1974,10.9611,6
-0.8893,-0.4068,0.4315,2.8745,14.6234,3.1183,3
-0.3518,-0.9834,-0.5784,-76.1125,80.1227,67.9080,6
0.8069,-0.8798,0.2960,5.3388,-4.9223,-14.4655,5
0.9712,-0.0573,1.0389,18.8162,17.2267,-2.9787,0
-0.7606,-0.1394,-0.1933,0.9689,-3.2221,1.5634,3
0.5734,0.6637,0.2998,8.5711,12.3182,18.6321,4
0.6877,0.6488,-0.6487,13.3675,9.4713,-1.1444,1
-0.9057,0.6990,0.7717,-5.6113,22.6183,-0.6512,3
-0.6427,0.9193,-0.1583,-11.7529,-20.0265,2.5619,4
0.3985,0.9055,0.2348,-2.3620,-0.3507,-15.8150,4
-0.9380,-0.1569,0.0452,9.8176,4.1388,-9.7814,3
-0.0055,0.7576,0.7190,3.2737,-6.9755,-0.9615,0
-0.5928,0.1586,1.5206,-20.8501,78.2869,76.0038,6
0.3653,-0.1291,1.0207,-13.7785,-0.3854,-16.4216,0
-1.1282,0.4461,-0.3430,18.5382,16.0715,-3.0752,3
-0.7834,0.6911,0.6134,3.7539,-5.4905,-17.7035,3
-0.0787,-1.4372,-0.7073,-55.4975,-35.7873,153.2671,6
-1.1218,-0.2123,-0.2099,-18.4186,-10.1911,16.5515,3
0.8653,-0.1424,0.6494,-1.3081,0.2265,0.3494,2
0.1719,-0.3118,0.2526,-108.0683,-109.5562,16.3304,6
0.2907,0.1663,-0.9917,1.8806,0.8173,0.2745,1
0.2132,-1.3121,0.1237,-5.9490,1.1271,3.1440,5
0.8564,0.9590,-0.2769,92.6823,27.3785,177.3927,6
-0.3724,0.5822,0.3120,-0.6481,0.7864,-7.6843,4
0.0811,-0.6614,-1.1028,29.0646,-34.5336,81.0258,6
0.3676,-1.1594,-0.3121,2.7760,6.2632,2.2568,5
0.2777,-0.5677,-0.4551,0.0663,2.5641,-21.2338,5
-0.7483,0.8518,-0.3022,-17.4425,18.2632,-15.7342,4
-1.1639,-0.3345,-0.3967,3.4975,20.8433,-10.6033,3
-0.0079,-1.0429,-0.0628,-0.1979,-0.0674,-0.1161,5
-0.3014,0.1341,1.3628,-0.2352,3.0985,2.3497,0
-0.5078,-0.6791,-0.0644,22.4379,4.7621,-19.2857,5
-0.7882,0.2486,-0.4391,37.8693,50.5115,-24.4862,6
0.4722,-0.4856,-0.8512,98.6394,-67.6047,36.9632,6
-0.7884,0.2831,-0.7831,2.9207,7.3858,1.2254,3
1.1582,-0.5955,-0.4394,8.0383,-11.1425,8.4867,2
-0.7647,-0.9383,-0.7455,-7.5409,-19.5208,-8.0272,5
-0.9231,-1.0115,-0.4610,146.4056,42.2349,-99.8284,6
0.4044,-0.5822,0.3096,8.0387,2.3957,-1.9402,5
-0.1545,-0.8864,-0.6293,-7.5142,-25.9699,-12.3305,5
-0.6750,0.1702,-0.2132,-55.4369,191.8436,-53.1027,6
0.3165,0.8389,1.1111,-4.3844,3.4927,-3.2787,0
0.2385,-0.7105,0.3738,9.0439,1.6717,12.0452,5
0.7422,0.3895,0.5721,0.0366,-0.0864,0.0620,2
-1.2141,0.0499,-0.0870,26.3870,-1.6470,-2.9026,3
0.5619,-0.6368,-0.3103,7.9636,-14.1290,3.8356,5
0.3984,-0.7564,0.3580,-13.7841,5.4406,9.8694,5
-0.6969,-0.6678,-0.3956,9.6253,-9.7287,-22.4836,5
-0.8799,-0.2462,0.4419,17.6168,0.4299,-12.5669,3
-0.7210,-0.5961,0.5296,12.2061,-2.5089,15.0560,3
1.0952,-0.4841,-0.6123,1.8846,-4.8884,-6.0763,2
0.4942,-0.6987,-0.5229,1.7616,0.7857,4.0836,5
1.1937,0.4972,0.1697,-0.4127,1.5813,1.1214,2
0.5615,0.4899,-0.7734,-12.7489,144.9544,-77.1198,6
0.1741,0.8505,0.7464,-6.2696,13.4931,0.1397,4
-0.5635,-0.3092,1.3039,-58.8997,24.8470,27.2726,6
0.1487,-0.2513,1.3434,3.9529,-3.8742,-1.2567,0
-0.5505,0.6234,0.7838,0.1192,-0.0563,0.0989,0
-0.5687,0.4261,0.7397,93.2008,152.9801,-28.0651,6
0.7405,-0.1947,0.8984,3.4683,24.9179,12.8802,0
-0.1751,-1.0395,-0.2257,10.6930,22.3155,11.5017,5
0.0100,1.2556,0.2524,1.1431,4.2335,12.4953,4
-0.7487,-0.2240,-0.8898,10.1743,0.1962,-18.2338,1
-0.3191,1.2960,-0.6467,6.5100,7.7335,7.0891,4
0.4957,-0.3747,0.9064,-38.0562,-66.8528,-20.9867,6
0.4999,-0.0083,-0.4834,-0.3586,0.1269,0.0773,2
0.6997,0.3698,-0.9876,-13.7347,18.6693,-10.7458,1
0.7571,0.3579,0.3222,1.4782,-17.1700,-6.2225,2
-0.5889,-0.6110,-0.6254,-26.8997,-10.0464,6.1216,1
-0.3341,0.7579,1.1240,9.8070,-23.2821,10.0293,0
-1.0443,-0.0923,-0.3010,5.7515,1.7946,2.7712,3
-0.9054,0.6410,0.3997,-14.0423,9.5618,18.5872,3
0.0624,0.6654,0.2616,15.2374,-21.0204,-6.1663,4
-0.1391,0.6304,-0.1788,0.7795,0.9208,0.4714,4
0.1502,-1.1158,0.9035,0.0433,-0.8407,0.8429,5
0.2042,-1.1569,-0.5259,8.9836,-1.3741,1.5459,5
-0.2494,0.7520,1.1508,18.6935,-175.2958,-28.6480,6
-0.7974,-0.0304,0.6782,-8.3412,-7.5819,7.4777,3
-0.3337,1.2299,-0.8055,0.0032,-0.1142,-0.1899,4
-0.2259,-1.3720,-0.4501,-8.3888,-1.3100,13.5727,5
-0.0633,1.1651,-0.5437,-5.6822,2.8028,15.4119,4
1.0567,0.5755,-0.6756,5.0442,-11.9780,-17.9276,2
0.7848,-0.0394,-0.1378,-24.8911,-12.6580,-0.3655,2
0.5923,-0.5072,-0.8063,14.8906,11.8382,19.9587,1
1.0168,0.1866,0.7412,-73.9460,207.9833,89.6756,6
-0.8596,-0.7551,0.0352,-3.8752,5.8514,-3.4484,3
-1.0517,-0.1083,1.0498,-220.9901,7.7260,91.3750,6
0.1229,0.0400,0.9660,2.0030,-1.4073,6.5306,0
0.8738,-0.4033,0.8110,-75.5416,51.8487,-79.4267,6
-0.4039,-1.4140,-0.2909,16.3965,155.3870,-48.1525,6
-0.4964,0.5710,0.2387,7.4903,-2.0146,22.9054,4
-0.7118,-0.3836,-0.0271,-98.7038,149.2714,96.0473,6
-0.5993,-0.7686,-0.8804,-23.6450,-17.1106,-2.7588,1
-0.4513,0.0822,0.5491,66.0692,52.2868,22.9551,6
-1.1239,-0.1412,-0.3660,-22.5151,15.6235,10.1518,3
0.4592,0.6435,-0.5884,-0.0868,-0.0490,-0.0277,4
-0.4789,0.3783,-0.6231,-7.6393,25.2900,-0.5376,1
1.1629,-0.5896,0.0694,-7.5086,4.3862,-7.0273,2
-1.0238,-0.2370,-0.5164,0.7740,6.7187,-27.6062,3
0.2242,-0.7134,0.0568,-10.9648,12.1416,-13.6324,5
0.1821,0.7388,1.2015,-0.9684,-0.1461,-1.9967,0
-0.3412,0.2614,-0.9175,13.9647,3.9627,15.5124,1
0.1051,1.0355,0.4768,9.2981,11.2420,14.0889,4
-0.0815,0.9758,-0.6540,-15.0428,3.5489,14.7453,4
0.2530,0.5719,0.4496,6.9182,-2.7148,7.1638,4
0.6267,0.0142,0.3747,-25.5024,-6.2083,3.1210,2
0.4893,0.9372,0.4755,-2.7324,-6.7430,-6.7991,4
-0.0389,1.3299,-0.4432,13.7026,13.7312,7.5489,4
0.2445,0.8649,-0.7768,-2.2080,-2.4345,10.1831,4
-0.5783,-0.4624,-0.2645,12.8170,-12.8758,17.5420,3
-0.2992,0.0902,0.9391,-1.9487,-0.3760,0.0124,0
0.8691,-0.1843,0.6560,-148.9855,67.2958,165.5900,6
0.2140,1.3404,0.4665,3.5141,-0.6710,0.1370,4
0.9503,0.2506,-0.3680,0.6390,-17.9136,11.8026,2
0.5862,1.3340,0.0645,-2.4406,-2.6900,-3.0508,4
-0.8387,0.7176,-0.8084,-12.7607,10.6931,-2.7925,1
0.7769,0.9718,0.0158,-17.5099,-4.9112,-2.4405,4
0.7591,0.0457,0.9420,1.2880,1.8397,0.4407,0
-1.3595,-0.1736,-0.3690,-5.8956,-0.0692,-1.7975,3
-0.2562,0.6339,0.3566,-3.8030,2.0182,2.0835,4
0.6912,0.4363,-1.0999,-0.8912,-4.1310,6.2378,1
0.0031,-0.4760,0.8857,8.6867,11.0323,12.8509,0
0.0976,-0.1058,1.2729,-3.2789,25.4534,15.0299,0
0.2494,-0.1113,-1.1385,-0.0022,-0.2915,0.5887,1
0.9220,-0.3770,0.2802,-9.9833,-9.1357,-4.6256,2
0.4819,0.4779,-0.2669,-3.6823,-15.8399,-3.7451,2
0.3899,0.5943,0.0483,129.3724,189.2685,-70.4399,6
-0.9000,0.3821,0.5463,21.5155,15.8160,1.0090,3
-0.1179,-0.2525,0.9275,-74.3576,-13.1694,-141.4447,6
0.8147,0.5791,-0.3748,-0.5531,-4.0845,2.5554,2
-0.5176,0.8665,-0.0113,-5.3621,-1.0882,-3.3909,4
0.3055,0.5901,-0.9020,-0.2745,-13.4420,11.7204,1
-1.1050,0.7107,-0.5579,3.2233,-0.7540,1.9124,3
0.6696,0.3371,0.3186,-1.8102,6.7885,14.7105,2
0.7666,0.8227,-0.5416,0.2196,-0.2989,0.5455,4
-0.9967,-0.4684,-0.8700,-12.5068,-22.0695,5.0285,3
0.4028,0.7027,-0.7194,-1.0989,-1.3879,4.7253,4
0.5816,0.7963,-0.5503,11.9716,1.6508,-9.8481,4
-0.6896,0.3569,0.7282,-3.6088,-8.7256,4.9420,3
0.0790,-1.3356,-0.1888,-19.1017,-19.5327,-4.9451,5
-1.0090,-0.0752,-0.8917,-9.8512,-23.2572,14.1967,3
-1.0110,0.3457,-0.2058,-185.3303,63.6598,-44.6569,6
0.8778,-0.0710,0.0877,16.0094,5.7016,10.3699,2
0.4088,0.3599,-0.4195,4.2351,-7.0697,-17.4144,1
-0.0556,-1.1832,-0.0894,4.3113,7.4772,13.4691,5
0.4248,0.5425,-0.5686,7.2784,19.0125,5.3831,1
1.3333,0.3272,-0.0681,-4.4825,4.0330,1.3987,2
-0.6532,0.2774,0.4043,-3.9430,-21.0846,-11.7509,3
-0.0961,0.6241,-0.2444,1.9009,-21.2788,-14.4756,4
0.0441,-0.2550,0.7094,-4.9127,14.7014,0.8681,0
-0.3282,-0.7363,0.5475,10.7520,25.1794,-6.9519,5
-0.9403,0.3825,0.7769,7.3252,-84.7788,-95.5944,6
-1.0779,0.2847,-0.8760,-10.2441,19.8267,-18.5131,3
1.1018,-0.0324,0.4181,-0.0728,44.2938,-53.7570,6
0.5402,-0.0398,-1.3086,21.0712,16.7812,11.1624,1
-0.2194,0.6286,-1.1083,64.5819,153.4420,-63.5352,6
1.1233,-0.2276,-1.0209,13.6257,-6.2327,1.4466,2
-0.6676,-0.3844,0.5278,-92.9279,-52.9498,150.5955,6
0.2286,0.6659,-1.1090,6.6651,11.4185,-26.0968,1
-0.5444,-0.5237,-0.7231,1.1107,-11.2849,20.1259,1
0.5671,-0.3475,-0.9290,-24.3718,3.5278,12.7959,1
-0.4264,-0.6363,-0.4743,-3.0098,24.3430,70.7202,6
-0.7319,-0.4834,0.4165,42.0588,25.5102,99.4451,6
0.4012,0.4124,0.8276,90.4743,-82.7378,-93.4395,6
-0.0649,0.2959,0.9540,-0.8175,-2.8432,-2.1417,0
0.7339,0.2535,0.9092,27.3415,-0.5530,-6.5808,0
-0.2202,0.1253,1.3346,117.6817,118.9400,-161.1382,6
-0.4841,0.1950,0.8973,-6.8633,4.4741,-15.3611,0
0.8063,-0.6450,0.8986,4.1337,1.8626,-8.7100,0
-0.6456,0.0732,0.4128,13.4084,-13.3959,-22.8987,3
0.4573,-0.0706,0.6030,-3.5380,-6.9637,-5.2552,0
-0.6280,-0.8075,0.2652,14.7264,-19.6540,-13.2169,5
0.3121,-0.5906,-1.1730,-3.9429,0.4297,3.4385,1
0.6987,-0.3458,0.8979,5.6621,8.8040,10.1947,0
-0.6452,0.6434,-0.7681,-4.5320,-5.7288,-2.2445,1
1.1165,0.8529,0.3959,3.4317,0.9899,1.7922,2
0.2920,0.0105,0.7573,186.4516,-33.7418,-18.3627,6
-0.9443,0.7984,-0.6303,-13.0707,10.6281,-12.5621,3
0.1015,0.3683,-0.7679,18.0468,-11.7289,1.8423,1
0.4802,-0.1639,0.6648,-15.9968,0.2333,1.2401,0
0.9984,-0.0579,-0.8699,-52.1647,163.1886,94.6965,6
0.9069,-0.1058,-0.3257,1.2544,1.2824,3.4054,2
-0.9072,-0.4920,-0.1214,19.1571,19.3484,5.7386,3
-0.7870,-0.6738,0.3188,9.8880,-15.4205,-23.4232,3
-0.0524,0.1640,1.2266,-4.3925,0.0508,-2.1504,0
-0.3284,-0.2865,0.8005,-4.8699,6.3783,7.7713,0
-0.3820,-0.0787,0.6242,23.1294,-3.7812,-5.6421,0
0.2272,-0.2081,-0.6756,-23.7114,4.7457,9.8141,1
0.0314,-0.5060,0.5198,0.5382,-0.0128,-2.1992,0
-0.8099,0.3708,-0.1498,-0.2692,0.1013,0.0447,3
-0.3711,-0.9535,0.8561,-24.8904,-31.6392,91.7605,6
0.3467,0.9706,-0.5541,-185.1389,59.5211,97.8541,6
0.5313,-0.7178,0.5062,-0.2498,0.6621,0.5719,5
-0.5715,-0.8469,-0.0517,11.4324,1.6344,1.1433,5
1.0888,-0.7992,-0.5698,-16.4692,2.1892,6.9405,2
0.8478,0.1491,-0.1331,-24.3193,12.2948,0.4523,2
0.4716,-0.6623,0.5266,-12.2171,9.5770,21.6594,5
0.9209,0.9072,0.0884,-16.2183,-12.7235,-10.1255,2
-0.9954,-0.6934,-0.2199,6.0165,14.1307,15.0501,3
-0.7774,-0.4097,0.1080,-0.1598,-0.0713,0.3429,3
0.0884,-1.1718,-0.4767,-5.6002,2.4577,-3.2197,5
0.8197,0.0547,0.0386,15.7388,18.6794,-3.4829,2
0.8952,-0.3946,-0.2100,17.2495,12.0488,1.8787,2
-0.3516,1.0470,0.9687,7.8176,7.1299,9.1444,4
-0.1352,0.1074,0.7769,-60.1840,4.8321,15.6576,6
0.7464,0.4727,-1.1316,46.3832,33.2878,177.3071,6
-0.3010,0.6151,-0.6278,-35.9300,-105.8071,-80.4518,6
-0.9299,0.4605,-0.6745,54.1034,-27.6057,-26.4225,6
-1.2581,0.0117,-0.5815,-13.9738,17.3838,14.6221,3
0.7438,0.3124,-0.4615,16.3125,16.9478,-4.9584,2
0.4413,0.0244,0.6055,-16.8332,-9.8177,-18.5420,0
1.1507,-0.3841,-0.6710,-10.3673,5.5413,13.8932,2
0.3294,-1.1341,0.0447,90.0353,110.0023,-189.5111,6
1.0428,0.3646,0.2930,2.9182,22.4406,2.0935,2
0.3777,0.0807,-1.0518,0.5811,6.1059,8.1246,1
0.2063,-0.9575,0.8464,-59.2538,-165.2290,39.7855,6
-0.4995,0.6974,-0.2199,-14.3859,6.2083,-15.1814,4
-1.1845,0.3536,0.4493,-0.2799,-1.0568,-0.8779,3
-0.9478,0.9009,-0.5837,-1.6865,0.2921,-3.7467,3
0.4432,0.3893,0.5034,-58.2114,-0.5084,54.6985,6
-0.6108,0.4935,-0.4527,6.3113,-5.5854,-1.0557,3
-0.1716,0.7601,-0.5165,-0.3393,-0.0456,-0.0951,4
-0.2286,-1.2405,-0.7183,-6.3009,-22.1734,9.0125,5
0.1830,1.0627,-0.3228,-12.4169,0.6336,7.4019,4
0.1924,-0.8296,-0.2983,101.6885,-187.9027,120.9404,6
-0.4391,-0.2203,1.3664,22.7057,-13.0046,13.3950,0
-0.4025,-0.7440,0.7133,4.4406,81.6871,-20.6709,6
0.1936,0.4585,-0.5045,155.0287,-88.4321,-7.6899,6
-0.7985,0.4502,-0.1197,-12.2140,0.0315,-14.4452,3
-0.5315,-0.6479,1.0708,172.5976,80.9464,152.6950,6
-0.8563,0.8753,0.2636,0.6532,0.6015,-0.5673,4
0.8129,0.2457,-0.2209,-1.2920,10.0847,-9.0390,2
-0.6764,0.2791,0.9797,-6.3107,-1.5256,-11.3101,0
0.7956,-0.2450,-0.4308,-13.6827,22.4493,13.3573,2
0.1799,-1.0314,-0.2695,2.9201,-8.0531,-8.3577,5
0.3491,-0.9430,-0.8021,-0.3942,-1.9749,2.8431,5
-0.5285,0.6538,0.7130,7.1758,-26.4401,11.3243,0
0.1132,0.5112,-0.7500,-3.1578,-2.4405,2.0537,1
0.6497,0.3712,0.1608,-6.0724,-7.9099,-14.8827,2
-0.9809,0.4954,0.6039,-10.5688,25.5701,2.4184,3
-0.4404,-0.6625,-0.6565,-4.4041,-1.4335,-17.1295,5
-0.6765,-0.4451,-0.2024,-174.8144,138.9623,-22.0741,6
-0.1832,-0.4158,0.7728,14.8253,10.2372,-19.0272,0
1.1929,-0.0427,0.1667,-1.7840,-17.6454,-0.7579,2
-1.2006,-0.1696,-0.4882,4.4652,1.4294,0.8405,3
-0.7527,0.0674,-0.7405,-2.0700,2.2654,0.4941,3
-0.2137,-0.4231,0.5538,-1.0600,-7.7445,15.0577,0
0.3083,0.3857,-0.6930,4.5114,-1.5050,-3.4054,1
0.7649,-0.2914,0.2177,19.7829,-6.9344,-10.3434,2
-0.0073,0.6754,0.3627,-30.2777,111.2442,-144.0046,6
1.0544,-0.3592,0.0355,1.6368,-0.8395,-1.4054,2
-0.4739,0.6936,-0.4134,-29.9835,24.5937,54.8072,6
-0.4569,0.6153,0.9346,175.5323,35.0540,-24.3873,6
0.0607,0.4809,0.4861,-17.7806,-4.4429,14.7761,0
-0.1890,-0.5623,-1.1526,-162.2334,41.1736,113.8045,6
-0.6917,-0.4294,0.5579,3.2158,-0.3496,10.5078,3
-1.0258,0.2532,0.8796,0.0659,-0.0273,-0.0333,3
0.2677,-1.0369,-0.0395,-8.7292,22.1606,5.8754,5
-0.6110,-0.7385,0.1820,-0.1977,0.5431,1.1770,5
-0.4313,-1.0815,0.4276,-8.5194,-7.6026,-5.2107,5
-0.7129,-0.0267,-0.2240,-68.1601,27.1330,2.9070,6
0.6708,-0.0387,-0.6987,2.5911,1.7704,3.0712,1
-0.3789,1.3446,0.4307,1.0389,12.4621,1.9128,4
0.0677,-0.8290,0.7014,-2.4214,4.4163,-0.6651,5
-0.1562,0.1694,-0.7340,-3.5456,16.3350,20.6227,1
0.4497,0.2110,0.5343,-2.1417,-0.2782,0.7808,0
-0.8742,-0.0276,0.5928,-2.8645,-0.4678,-3.7687,3
-0.7507,0.6698,0.4698,0.4976,3.1805,-1.0029,3
0.7667,-0.6366,-0.4250,4.1852,9.8311,7.9358,2
-0.0958,0.8375,-0.3627,110.9659,-28.4745,-87.5798,6
-1.1417,-0.4199,-0.1489,-0.0001,4.5637,6.7932,3
1.0511,0.5996,-0.6380,12.7033,-0.2466,12.7464,2
0.6205,-1.1971,0.0472,4.3894,1.1560,-3.5460,5
-0.6898,-0.2244,0.3800,-21.6213,1.8159,3.6811,3
0.8342,0.7577,-0.3593,4.9943,5.5106,-9.7471,2
0.2007,-0.3947,-1.0146,9.4874,10.2987,-0.5917,1
-0.8621,-0.1941,-0.5931,-8.2275,-17.9668,15.0305,3
1.1635,0.6791,0.5810,4.4173,-10.6297,2.9896,2
0.0222,0.3461,0.9178,-14.6050,-7.0345,14.0586,0
0.2835,-1.1519,0.7976,-0.3854,-2.1968,-1.2627,5
0.4387,-0.4737,0.9672,-6.8518,4.5910,9.9131,0
-1.2922,-0.4404,0.0886,0.2453,0.2751,-0.2881,3
-0.4365,-0.7887,-0.0385,-79.9221,-38.8943,-37.2918,6
0.8701,-0.4448,-0.4117,-17.0357,-6.3526,-12.5857,2
-0.4388,0.3887,0.9126,-6.8624,-7.4568,0.4622,0
-0.8891,0.6572,-0.0117,-26.6404,4.6498,2.4369,3
-0.1716,-1.2083,0.6254,-16.2443,2.7874,-1.5619,5
-0.1680,-0.7537,-0.3047,-17.3489,-16.8036,-6.5236,5
0.9753,-0.1029,0.4599,-0.0552,0.2562,-0.1027,2
-0.4206,0.5875,-1.0604,-1.9415,0.2889,-5.5385,1
0.4570,-0.4898,-0.3840,-1.7342,13.8114,2.1876,5
0.2547,0.0102,0.9550,14.6385,5.5801,-7.6230,0
0.1717,-0.8001,-0.2183,-29.6509,9.4789,-74.4208,6
-0.1393,0.1510,-0.6713,0.1901,2.6651,0.4200,1
0.2167,1.0552,0.0492,-14.3537,-4.7513,8.9810,4
0.7367,-0.7633,1.0547,-1.3471,-1.6146,22.4966,0
-0.6544,0.2441,0.8782,-6.0397,0.9012,-17.4644,0
0.3672,0.8768,1.1011,-6.1094,-0.8039,4.5661,0
-0.7251,-0.1082,-0.0397,17.0602,12.6316,0.5271,3
0.6760,-0.1037,-0.4236,-4.0886,-3.6157,1.6576,2
0.4262,0.3602,1.3567,1.5126,-14.2185,-7.2015,0
0.8681,0.2305,0.0685,-15.3855,7.8494,-13.7175,2
-1.0367,-0.1382,0.0988,7.1310,3.0493,-19.6503,3
0.0699,-0.0805,1.0076,-103.9276,-54.9792,120.3880,6
-1.1510,0.5346,0.1448,-8.2147,-11.4370,1.3712,3
-0.9169,-0.3225,-0.5111,-1.2074,0.5566,-0.5390,3
0.2001,0.7392,0.6393,1.5402,-15.4053,-3.6949,4
-0.3891,0.7898,-0.5609,-2.2984,1.1134,1.3065,4
-0.0187,0.5400,0.5719,-18.8052,-14.5231,4.6757,0
0.6544,-1.0225,0.1112,-141.8541,-143.6469,-106.8324,6
-1.0520,-0.3367,-0.4420,2.4906,-72.1934,25.3279,6
-0.4852,-0.4994,0.4040,137.7623,-145.9085,52.0733,6
-0.5585,-0.3420,-0.6888,-4.9810,3.6367,-3.0351,1
-0.2399,-0.3914,-1.1852,0.5222,-3.4226,1.8380,1
-0.2196,0.4424,1.0149,-161.0289,-43.6097,23.3899,6
0.5528,0.8696,-0.5594,137.4070,96.6681,177.3923,6
-0.4173,0.5765,0.9518,14.3102,-11.1235,-5.8024,0
-0.4893,-0.1485,1.0159,13.2950,-22.2806,-10.4862,0
-0.3694,0.1726,0.8681,-4.1750,-3.8282,-8.7882,0
-0.3260,0.5099,0.3985,24.4886,-12.8244,-0.3330,4
0.5722,0.0095,0.7172,-6.0803,14.4484,-5.6734,0
0.0111,0.2850,-1.1526,5.0477,-11.9406,4.2428,1
-0.6241,1.1523,-0.2898,5.2411,-15.3866,4.2001,4
0.4439,0.3899,0.7673,-23.6837,-15.6151,-5.0833,0
0.8878,0.2543,-0.6145,-5.5624,-16.2605,-3.1991,2
-0.4133,1.1757,-0.1952,-1.3434,0.6470,0.2341,4
-0.1479,-0.4322,1.0613,80.9678,58.8518,-24.5895,6
0.5129,0.3477,-0.4405,1.7620,2.2858,1.4397,2
-1.0904,0.1925,-0.5678,-24.6568,-0.8502,9.1742,3
-0.5174,1.0904,0.6651,-26.9725,0.2331,12.6221,4
-0.5175,-0.1313,-0.5767,-6.2979,2.1736,2.7130,1
0.5088,0.8104,0.9611,-2.9670,-0.1881,-1.3460,0
-0.6903,-0.3627,0.0014,-0.7889,-8.4595,15.4785,3
-1.0329,0.8662,-0.0250,10.9292,-9.2220,0.8499,3
0.0989,0.9929,0.7625,-0.0170,1.0220,-0.8507,4
0.8812,0.0537,-0.6948,81.9462,89.0100,-183.4908,6
0.7291,0.3644,-0.3091,-4.9952,15.0411,20.0608,2
1.0605,0.6226,-0.1280,186.2592,-120.4281,-107.4086,6
0.5560,-1.0149,-1.0921,-96.2041,-27.8214,-8.3298,6
0.9851,-0.6950,0.2361,1.2425,4.4454,0.1808,2
0.6297,0.6175,0.4495,-0.9518,-10.0899,15.1797,2
0.4803,0.0770,0.7817,1.5849,-11.9864,-1.0285,0
-0.7787,-0.2166,0.0452,-1.6651,21.9965,-20.1553,3
0.4445,-0.6082,0.0872,-1.9714,3.9058,6.0286,5
-0.0772,-0.5128,-1.1785,-8.6458,0.5128,10.5961,1
0.9745,0.1583,-0.2181,11.3361,-1.1301,6.7992,2
-0.3621,0.8307,-0.4878,10.0598,3.2232,-0.0151,4
0.4579,-0.7828,0.8404,-0.0171,0.0688,0.0606,0
1.2335,0.1741,-0.5940,-2.7805,-11.6307,-11.1979,2
0.8016,0.2653,0.2129,2.5810,12.2240,11.6132,2
0.0095,1.1721,0.4163,-6.4539,15.8598,-12.8709,4
-0.0520,0.8291,-1.1282,9.7128,-23.8349,-0.5048,1
0.2254,0.1489,-0.8984,10.4500,-4.1143,14.3937,1
0.1283,-0.5858,-0.3456,-2.7560,13.6666,25.5422,5
-0.3489,1.3398,-0.0028,117.7449,7.0141,-33.0564,6
0.8077,0.2139,0.0977,-10.3568,4.9611,-0.1716,2
0.8408,0.8235,-0.4722,15.1158,-1.2799,-4.4213,2
0.2152,-0.1605,0.8512,3.6957,4.2049,-4.6717,0
0.1163,-0.7282,-0.8399,2.1731,7.8284,24.7361,1
0.7699,-0.8922,0.9227,26.7126,6.7502,-9.0691,5
-0.1027,0.8760,-0.1411,-133.8006,36.2004,90.3284,6
-0.5984,-0.4535,0.4267,-3.6671,-3.9375,-2.2209,3
0.8657,0.2380,1.0497,23.3545,13.0414,-2.6379,0
0.9403,0.2560,0.6725,0.7153,-2.8623,4.5225,2
-1.1053,0.3472,0.3653,-8.7031,-1.4745,8.2588,3
-0.2203,0.4576,-0.5927,11.0691,0.3428,-10.9563,1
-0.3183,-0.1102,0.9301,-2.4446,-3.6171,-1.4392,0
0.7334,0.4156,-0.0360,-4.6628,2.7390,-5.8181,2
-0.1017,1.0741,-0.6322,-7.4271,-8.3475,6.8205,4
0.7684,0.2873,0.1516,-2.5100,-8.8415,-3.1888,2
0.9241,-1.2093,0.1517,7.4134,3.4287,-7.0880,5
0.4481,-0.5114,0.6992,6.1257,-2.5948,-1.5229,0
-0.9664,0.1974,0.0251,24.1925,-6.7655,-13.3731,3
-0.6190,-0.3032,0.7878,40.2479,-69.9712,184.3858,6
0.3623,-0.2156,0.7326,-0.2619,-3.0811,-4.5728,0
0.2549,0.8753,-0.2132,10.1861,18.3125,-8.0540,4
-0.6276,-0.2964,0.5604,0.4108,-0.6479,0.7193,3
-0.1172,0.5126,-0.8145,-108.0775,5.3442,-133.2170,6
-0.1859,-0.5668,0.4918,0.7162,-4.5406,0.6314,5
-0.5632,-0.5462,0.3927,8.8729,18.7907,1.8086,5
0.6038,-0.5091,-0.9990,-27.5854,5.6748,-1.8950,1
0.6855,-0.5192,0.0211,-23.3181,2.9765,3.4320,2
-0.9648,-0.2442,-0.6499,7.0489,20.7057,-9.6234,3
-0.4948,0.2384,-0.8149,-0.1964,-2.5134,0.3679,1
1.4601,-0.2375,0.2008,3.8521,0.1418,1.8265,2
-0.3339,0.5315,0.2801,-11.0126,-1.2367,-11.0121,4
0.6058,-1.4143,0.0437,-1.1657,-18.2785,1.5053,5
-0.3199,1.2564,0.6784,-1.2914,-5.5741,-1.3480,4
-0.9101,0.0380,-0.6360,24.2272,9.3541,-0.1811,3
0.2373,0.5986,-0.6040,13.4128,-11.8403,-5.0066,4
0.6632,-0.7934,-0.0336,-1.6933,0.0020,6.7828,5
0.0180,0.9830,-0.2995,0.8411,-5.3266,0.1681,4
0.1829,-0.5069,-0.5858,-3.6746,2.8462,3.5882,1
-0.4280,1.1259,0.0339,-3.5975,2.2787,9.1196,4
1.0304,1.2218,0.2835,-113.4024,-81.2582,-27.8924,6
-0.6788,0.6348,0.1726,6.7680,-5.3171,-11.6074,3
-1.2320,-0.6672,-0.1073,-11.9133,-4.5767,-23.8012,3
-1.0820,-0.3263,0.4468,-12.4210,7.8380,14.5003,3
-0.7364,-0.8619,-0.0831,0.8756,1.5222,-1.3444,5
-0.4591,-0.3087,-0.9679,5.2599,1.5574,24.1471,1
-0.6136,-0.0097,-0.5754,4.0281,-2.7167,-20.0628,3
0.8063,0.6156,0.1769,22.1620,-0.3163,0.3903,2
1.2875,-0.2140,-0.1986,9.4886,-2.0911,4.5908,2
0.7910,-0.5705,-1.1456,7.9405,6.5674,26.3611,1
-0.9356,-0.2052,-1.0426,6.7331,15.8317,-7.7195,1
0.4026,-1.1669,-0.7537,121.9678,-40.4335,14.4607,6
0.9756,-0.1460,1.0998,6.7179,-13.5803,-3.3682,0
0.6147,0.3516,-0.2487,-15.6419,12.1431,-8.3876,2
0.9922,-0.4843,-0.2223,0.0875,-1.4374,0.4024,2
0.3226,-1.4279,-0.0794,1.6569,7.6536,0.2119,5
0.7497,0.9306,0.2803,3.3423,-21.1938,-1.8653,4
-0.9946,-0.3234,-0.5089,20.6669,1.8308,17.5125,3
0.7859,-0.0649,0.3631,-3.2819,-5.7690,6.0326,2
-0.8201,0.1505,-1.0901,-0.7029,-2.2221,-6.1181,1
0.9022,0.7374,-0.4363,-6.5074,-12.2209,9.2964,2
-0.5017,-0.5129,-0.6260,-5.5690,4.9949,-7.2082,1
1.1929,-0.5739,-0.2287,-0.4255,-0.7363,0.1906,2
1.1059,-0.2698,0.9091,11.3317,-25.8628,-6.6350,2
0.1253,0.0376,0.9330,-7.4513,6.7778,0.5273,0
-0.1236,-0.2897,0.8928,12.7192,2.7120,-17.0124,0
-0.4996,-0.2564,-0.4523,-0.0651,-0.1102,0.0349,3
-0.3913,-0.0040,-0.7751,1.5086,-7.3438,15.1791,1
0.5653,-0.7290,-0.9070,7.7341,-2.1471,-2.9678,1
-0.6979,0.5130,-0.2931,19.9685,5.4535,8.5331,3
0.6303,-0.5027,-0.5980,-28.8457,-0.9267,-5.5800,2
-0.9741,-1.0028,0.5004,-1.6907,-1.7233,-0.1976,5
-0.9655,0.3796,-0.3013,-0.6398,-4.2170,-2.7254,3
0.6892,-0.4851,0.8926,-24.3269,4.0068,1.5938,0
-0.4778,0.7617,-0.0673,1.3463,13.4633,-0.6112,4
0.5710,0.5397,1.0057,-29.3190,-155.3200,4.3200,6
0.5227,0.1988,-0.4956,6.5056,8.9856,-3.8699,2
-0.6112,0.5200,0.6538,12.9192,8.3583,-6.1721,0
-0.9445,-0.5278,0.4850,-1.0213,8.9892,7.4102,3
0.8958,-0.5195,-0.0535,-8.7425,-5.2587,4.2535,2
0.8433,-0.4965,-0.6116,11.5975,-5.7991,20.1628,2
-0.0871,-0.4342,0.5267,-86.3527,-78.7542,-117.4741,6
-0.1018,-0.5600,-0.8185,23.9190,7.7057,0.7120,1
0.0098,-0.6331,0.5127,-15.2363,0.6499,16.7761,5
-0.7538,-0.5847,-0.2183,1.8375,-9.5139,3.4380,3
-0.3218,-0.6645,-0.7017,-14.5587,6.6197,-2.7230,1
-0.8943,0.1148,0.9137,-2.2920,-11.1781,-5.6110,0
0.2270,-0.2404,-1.0905,-12.4060,-14.0635,-8.6084,1
0.7655,-0.0246,0.4358,0.1694,2.5457,-2.6826,2
-1.0505,0.5139,-0.6462,-5.1259,-2.8040,7.1567,3
-0.5730,-0.8031,0.3913,1.5125,-5.4400,-1.9400,5
0.2231,-0.2231,1.2436,-23.6524,-10.6917,6.5412,0
0.9678,0.3156,-0.5854,-8.1992,12.5301,-17.1589,2
0.4797,0.7965,0.1528,-21.4304,7.4508,2.8991,4
-0.8703,0.6871,-0.3407,-7.7524,16.9597,-11.7342,3
0.8522,-0.6710,-0.2007,15.7204,-0.1531,23.9015,2
-0.1187,0.3812,-1.1719,-3.5762,4.7105,3.9195,1
-0.5489,0.0583,0.1572,57.8625,-118.7814,69.5029,6
0.1677,-0.0574,-1.0897,3.6655,-2.9995,-1.7004,1
0.1457,0.2363,0.7438,-26.6555,6.2541,-11.1037,0
0.7208,-0.8454,-0.7718,2.9826,3.5071,3.2571,5
0.2650,1.0315,-0.2295,68.2290,-181.8841,-137.9192,6
-0.0855,-0.3510,1.0445,-0.4889,-10.6827,14.8009,0
0.5200,-0.4890,0.0135,-2.3367,-5.9706,4.6014,5
0.0371,-0.8845,0.2654,4.0854,-0.8577,19.2474,5
1.0008,0.7177,-0.0134,-14.5449,-4.4311,24.3312,2
-0.5944,0.5168,0.8008,5.2421,12.0100,13.6116,0
-0.9097,0.1174,-0.3549,132.1619,176.8813,59.5815,6
0.2606,0.6295,0.4423,3.0445,2.6310,-0.7539,4
-0.4212,0.1907,1.0631,-12.3387,17.2409,-0.6096,0
-0.2825,-0.7277,0.2572,2.9162,6.7050,21.1280,5
0.9401,0.1761,-0.3690,4.1834,-10.7259,-25.8023,2
-0.7959,-0.1751,0.5343,-50.3013,-149.9935,55.1760,6
-0.1216,-0.9024,-0.9513,7.5466,-13.7446,15.8890,1
0.7562,-0.3879,0.2900,29.1285,-165.1959,5.9583,6
0.1386,-0.2422,-0.8643,3.4356,-28.8722,-1.1090,1
1.1716,-0.7705,-1.1133,-3.2249,-210.0987,-96.1766,6
-0.3491,-0.1598,-1.2724,13.9227,3.2618,11.6992,1
-1.1118,0.9660,-0.2363,-15.4342,20.8314,-7.7395,3
0.2676,0.9446,-0.6393,-7.4302,-8.4735,8.2051,4
0.4848,0.4425,-1.1176,-0.1070,-0.3083,-0.1826,1
0.5890,1.2554,-0.5670,2.3931,5.2027,-0.3776,4
-0.4134,-0.6175,-1.1676,58.7533,70.5937,-64.2501,6
-0.5726,0.5833,0.2733,-0.8689,-19.7114,11.9423,3
0.0435,0.0936,-1.2018,5.3476,-176.1798,-97.6077,6
-1.1801,-0.3607,0.0787,-1.7479,-0.0831,-1.2909,3
-0.4366,1.0392,0.4765,-6.3323,-0.5097,-9.1344,4
1.0611,-0.3214,0.0694,-5.7280,3.3261,-19.8800,2
-0.4619,-0.5706,-0.6733,-15.2348,100.9864,9.1983,6
-0.5769,-0.4671,-0.3355,-3.8591,-7.4382,0.1887,3
-0.0347,0.7447,0.2481,-6.8645,9.5707,-15.4489,4
-0.1227,-1.3152,0.1774,5.5345,7.7551,5.6637,5
-0.7824,0.9946,0.2612,-0.2293,29.1625,0.2516,4
-0.4245,-1.0445,0.1662,11.6719,-51.8486,-40.0940,6
0.2205,-0.6891,0.5209,-3.4793,2.0938,13.0443,5
0.8005,0.2400,1.0222,-8.4186,-17.2666,-5.0290,0
-0.9360,0.0618,0.2736,-6.3697,-14.2205,10.0978,3
0.4102,0.8793,0.7762,-7.7222,15.7581,3.8927,4
1.2337,0.7909,0.1355,-12.0387,19.9072,4.6678,2
-0.1700,-0.5643,1.0545,19.4737,-10.0906,-4.8261,0
-0.1717,-0.7470,-0.9387,14.6277,3.5749,-1.6042,1
0.3555,-0.2177,-1.3106,-199.7615,-112.6960,77.2854,6
1.1034,-0.5111,-0.1825,7.1938,1.1762,0.4187,2
0.1810,-0.9231,0.8395,2.8906,-68.6306,41.0548,6
-0.0074,0.2593,0.6809,-0.8791,1.6538,2.1455,0
-0.0098,0.4532,-0.9490,0.7605,-0.1363,-0.0295,1
-0.0637,1.0307,0.8529,16.1800,-17.1424,-16.0214,4
0.2319,1.0145,0.8663,-9.3007,11.7230,24.0059,4
0.8998,0.5011,-0.1492,-9.3514,7.7525,-19.7009,2
1.5001,-0.1532,-0.1934,9.7943,-75.3127,-68.2314,6
0.5723,0.1837,-1.1998,154.3178,43.7521,-43.0503,6
0.6481,0.7106,0.0461,5.1350,-0.8584,6.3098,4
0.4310,-0.5174,-0.6112,13.2796,-22.7591,5.6220,1
-1.3704,-0.5512,0.5656,-106.3460,-81.8067,75.4381,6
0.5512,0.3940,-0.4627,-17.9607,6.1978,-2.7971,2
-0.1790,-0.9942,0.7966,-13.8652,-15.5506,-4.7297,5
-1.2358,-0.1628,-0.2036,-6.9211,0.8498,-1.4873,3
0.6490,0.0535,-0.3794,1.1179,1.6018,-1.5221,2
0.8087,-0.2398,-1.1915,-0.2024,0.5996,2.8915,1
0.3202,0.5312,0.3105,26.0902,-4.3437,4.3992,4
-0.1343,-0.7155,0.3912,10.2204,26.3107,-8.5620,5
-1.0705,0.6622,-0.1841,7.2457,-10.9697,-14.9393,3
-0.6740,0.2813,-0.4614,32.3716,-108.8616,220.7413,6
0.6743,-0.2980,-0.3325,0.9691,-4.0536,-0.2473,2
-0.0760,-0.7270,-0.8975,-9.5606,9.8976,10.6953,1
0.8814,0.6439,-0.2180,-1.7547,21.0326,-16.6878,2
-1.4330,0.0569,-0.4471,-11.2263,-0.6335,-9.0778,3
-1.1734,0.7547,-0.1493,0.1514,0.0126,0.1346,3
-0.8017,0.9989,0.4503,-10.9542,-5.3874,-5.2381,4
-0.2925,-0.0763,-1.0839,0.4517,1.0016,-0.0267,1
1.0114,0.1158,1.0593,-0.8962,5.1945,5.3643,0
-0.4548,-0.8701,-0.3775,-15.1541,18.5383,4.3997,5
-0.1137,-0.6925,0.1049,-16.2571,-0.7570,-7.2255,5
1.1741,-0.6090,0.0083,1.4574,-5.1237,-1.1152,2
0.7282,0.9714,-1.0060,21.7495,41.6018,85.8813,6
0.2232,-1.3569,-0.8853,12.5562,-209.1709,5.5231,6
-0.6216,1.1400,0.8395,-110.0990,21.4567,103.9317,6
-0.9270,0.4829,0.9108,-0.8885,14.9534,-4.9793,3
-0.5997,-0.1135,-0.9427,12.5253,-7.5057,11.7630,1
-0.5209,-0.8165,1.1236,3.1350,-6.8717,-3.0018,0
0.8671,0.9849,0.1555,8.1508,3.8713,4.7109,4
0.0830,-0.8544,0.5483,-7.2888,2.8952,2.1152,5
0.2861,0.9295,-0.4342,-3.5570,7.3118,5.0456,4
-0.1138,-0.8345,0.4079,-21.5153,8.5019,1.1637,5
-0.8517,0.5044,0.3680,-0.1133,5.3884,1.2956,3
0.6451,0.1521,-0.4643,-2.5484,-10.4585,8.8435,2
0.0001,1.1613,-0.4542,0.2431,-3.0081,2.7269,4
1.1218,-0.5887,0.2205,0.0348,-0.0637,-0.4868,2
0.6370,-0.1219,1.2373,-19.3065,-19.4194,-8.3005,0
-0.2323,0.6930,-0.3692,2.7895,1.5728,4.3262,4
0.4195,-0.5827,-0.8411,-4.5624,1.8618,4.9257,1
-0.1540,-0.2702,-0.9175,-0.0200,0.3602,-0.1635,1
-1.2575,-0.5900,-0.2031,0.5754,8.0777,5.4440,3
-1.1204,-0.3098,-0.0307,-109.8833,12.5275,-154.6179,6
1.1828,-0.5988,0.4597,16.0745,9.6860,-2.1332,2
-0.6700,0.8478,0.2398,3.9771,2.1284,2.1658,4
-1.2342,0.4528,-0.2407,24.2503,222.5363,39.2257,6
0.1224,-0.9483,-0.7420,-23.7741,-0.3839,-13.6176,5
-0.2564,-0.4902,0.6696,1.2111,-13.9365,-6.9834,0
-0.6428,-0.8494,0.8947,-4.6093,0.0353,-15.4767,0
-0.9137,0.6381,-0.2304,-40.5978,57.8804,-70.6231,6
0.3798,1.0274,0.4561,4.1406,0.1984,-17.8245,4
0.6239,0.9454,0.0660,78.6674,38.0369,-31.1704,6
-0.3038,-0.7000,0.7451,-6.9558,7.8792,-5.6803,0
-0.2154,0.9321,0.2402,1.6299,2.4792,-2.9953,4
-0.2527,0.3815,0.5958,4.0971,10.4649,1.4710,0
-0.8565,-0.7158,0.5365,-5.1656,-15.5317,-4.7889,3
0.4031,-0.1276,0.9142,97.1866,174.4981,67.5430,6
-0.2290,0.0142,-0.7565,21.4976,-12.7183,-9.7082,1
1.1893,-0.1787,-0.7616,14.8663,6.5896,-2.5701,2
-0.2673,0.8634,0.3480,-5.5394,3.5315,-11.5649,4
0.6813,-0.8917,-0.7164,17.7392,6.7714,-20.3758,5
0.3553,0.5402,-1.0325,5.6140,-81.4138,-54.1247,6
-0.2930,-0.0177,0.8532,2.5066,2.5760,0.8678,0
-0.1121,-0.6748,-0.4383,-39.9315,-52.9747,-24.1916,6
-0.6030,0.6105,0.7510,6.6833,8.4757,6.9140,0
-0.5588,0.7109,0.7252,11.4073,4.8491,5.2293,0
-0.7428,-0.6207,-0.3462,-11.5983,5.5352,13.3325,3
-0.6754,-0.3443,-0.0119,-10.9643,-11.7308,-2.7236,3
0.1837,0.9303,0.7323,7.6623,-3.3735,3.0693,4
-0.1361,-0.8818,0.6681,0.4787,-12.3591,-0.7900,5
-0.7938,-0.5425,-0.2190,0.2879,-0.3494,3.5572,3
-0.2702,-0.0208,0.8257,-10.6978,-3.0470,10.5744,0
0.6385,0.0373,-1.0522,15.1838,-10.7221,0.5888,1
1.2215,-0.3789,-0.0462,38.9171,206.9697,108.1265,6
-0.8890,-0.3619,0.2951,-27.3408,1.8567,-7.6227,3
-0.6697,1.2735,-0.4393,-15.4845,-7.3031,4.0299,4
0.3265,1.0267,0.8802,7.3023,24.5367,13.9503,4
-0.6162,0.7146,-0.1971,-0.1798,0.9294,-4.3309,4
0.3250,-0.9756,-0.8716,7.1532,-10.1612,15.3936,5
-0.6405,-0.4892,-0.3234,-41.5072,-115.6598,104.5285,6
-1.0369,0.6292,-0.5265,2.9286,-3.0113,5.0104,3
0.4484,-1.1677,-0.4944,8.2883,-5.2754,-13.5409,5
-0.8856,-0.6554,-0.2545,-49.5895,21.5155,-56.0531,6
-0.8190,0.0056,0.0168,-4.1269,-97.3786,-166.9910,6
1.2857,0.5699,-0.2607,-12.8631,8.8193,16.0060,2
0.3276,0.3517,0.7748,5.4267,-6.7400,-2.2072,0
-0.7342,1.0851,0.3326,-15.3851,12.9605,-2.7862,4
0.2167,0.4751,0.7610,-22.2041,-3.8366,-14.6433,0
0.4891,-0.0469,-0.5475,91.4116,-150.5730,-80.2575,6
0.3602,1.4162,-0.1903,2.6069,6.7563,1.6401,4
0.1961,0.3625,-0.9603,3.8560,-0.1323,3.6950,1
-0.1501,-0.1489,-1.4782,-4.5037,4.1383,-3.4963,1
0.1531,1.0618,-0.8006,2.6002,5.9823,-8.5311,4
0.2189,0.7716,0.7001,-6.2011,12.7263,-7.1716,4
1.2581,0.1693,0.7060,-0.5664,0.3734,-0.2242,2
-0.7983,0.5717,-0.0677,-1.1802,0.4347,2.0027,3
-0.7751,-0.1771,-0.0849,-13.1954,18.4521,13.5436,3
0.4739,-0.8220,0.3158,14.2424,-12.1446,-1.1593,5
-0.0052,0.6376,-0.7314,-7.1579,0.8432,-13.5432,4
1.0378,0.6890,0.3103,15.7278,-0.3435,6.5874,2
0.5862,-0.6014,-0.3242,20.9409,18.4219,3.1203,2
-1.0436,-0.4226,0.4041,10.4536,25.4759,11.6569,3
-0.6686,-0.4029,0.3381,-7.0559,0.8597,-1.4330,3
-0.9810,-1.0600,-0.1821,0.0023,-0.0090,0.0134,5
0.1477,0.4884,-1.2033,88.8195,-31.4766,-200.9286,6
-0.4793,0.2881,0.4459,12.1830,-3.9490,-23.5789,3
0.5056,0.7171,-0.4345,-22.9910,17.8234,-154.0939,6
-0.3899,-1.2359,0.0480,-0.4122,0.3197,0.2580,5
-0.3653,-1.8053,0.2680,-29.9080,137.1275,-67.9801,6
-0.2426,1.1626,-0.4257,2.3153,-10.8850,-10.6148,4
1.0730,0.0491,0.4217,-30.3636,-50.8390,232.4074,6
0.8831,-0.1113,0.0995,-24.3325,-3.0407,10.9956,2
-0.4317,0.2665,-0.6894,130.5444,160.9885,92.3203,6
-0.8535,0.6777,-0.5963,4.7943,20.4011,8.9126,3
-0.9683,0.2053,0.4675,3.0779,-6.4753,21.1833,3
0.1536,0.7749,-0.2461,-3.5915,-2.2206,12.8943,4
-0.8005,-0.3953,0.1849,-21.2197,-3.8094,8.3171,3
-0.5210,1.1844,-0.2701,6.6571,-1.8948,-3.5781,4
-0.6306,-0.3560,-1.1917,17.0679,6.2555,-7.5880,1
0.2849,-0.0166,-1.2310,102.1699,100.0105,84.1317,6
-0.6587,0.8797,-0.3309,-55.0154,23.8950,-236.7417,6
-0.3725,-0.1749,-0.6394,6.7656,3.3176,-3.1732,1
0.8326,0.2180,-1.2929,-145.9124,56.1229,38.9496,6
0.0060,0.3897,0.7545,-3.5447,-5.9171,-15.5151,0
0.3619,-0.4816,-0.3325,-0.1719,-0.1040,0.5861,5
-0.1234,0.6087,-0.6596,20.1257,-9.3278,17.1838,1
0.0520,0.2989,-0.6757,-10.0105,-0.4231,-16.0564,1
0.4309,-0.1531,0.5580,26.2318,-2.3374,-11.8956,0
0.6972,-0.3819,-0.6204,-10.8065,4.1244,-1.6601,2
0.9966,0.3040,0.4625,16.3482,-2.0538,-8.0732,2
0.8164,0.3131,0.9901,-5.9140,-21.2752,12.3896,0
0.7722,0.8635,0.3893,-6.6911,22.6334,-9.4909,4
1.0785,-0.8314,-0.5060,-34.1321,-144.1184,51.9092,6
-0.7519,0.8885,-0.5741,-19.7169,18.5075,-10.3871,4
-0.0944,-0.5338,-0.8531,-22.9707,-6.9836,3.2148,1
-0.2071,0.1554,1.0171,3.0805,-8.9415,13.4767,0
1.0022,0.4048,-0.4285,5.9418,4.3080,1.9351,2
1.0671,-0.2364,0.3021,0.0039,-0.5390,-0.9160,2
-0.9765,0.8026,-0.2747,3.7644,-0.6977,-7.9844,3
0.5168,-1.1255,0.8565,-1.5095,-2.5431,26.6893,5
0.5107,0.9929,0.2809,-35.4653,20.1941,118.4653,6
0.3417,0.7901,-0.6178,-72.2541,14.5977,-170.7517,6
-0.2005,0.1388,1.0285,-0.0271,0.0267,-0.0359,0
1.0633,0.1513,1.0075,18.2023,-13.0397,5.1416,2
0.8149,-0.2070,0.1284,-1.7681,3.9347,-5.1289,2
0.7198,0.4582,0.2926,-4.2659,1.7337,-0.4835,2
-0.6102,0.4539,-0.7435,3.1015,-6.4722,-6.6591,1
0.3531,-0.5063,0.5949,-33.8262,-170.9933,-125.2584,6
-1.0788,0.1106,-0.1873,-4.3570,-13.0041,-5.3405,3
0.9388,-0.4500,-0.6329,7.1363,16.1963,6.1006,2
0.2349,0.8943,0.3731,-11.9994,3.7491,-3.0909,4
0.0663,1.1219,-0.1203,4.0976,-1.0650,-4.5189,4
-0.7005,-0.0825,-0.2396,8.9023,-9.9783,3.3129,3
-0.7041,0.0162,-0.1674,4.1232,-3.4073,11.2117,3
-0.9586,-0.1947,0.8608,-19.6947,-2.0019,-7.9114,3
-1.0654,0.2252,0.4430,-2.5928,0.2844,1.4863,3
0.1215,0.3776,0.9416,-6.3792,-7.0733,-9.0541,0
-0.2053,0.5885,-0.9164,51.2257,-2.7491,-51.1643,6
0.5130,0.7408,1.0221,142.8103,-101.8992,-20.5684,6
-0.8767,0.7713,0.5611,-8.8025,-7.7214,8.8329,3
0.1239,0.2586,-0.7677,-4.2117,0.9518,-5.6318,1
0.6974,0.8832,0.7154,6.0797,17.2661,-15.8300,4
0.4655,0.5462,-0.5282,-3.4618,-7.4252,-5.2818,4
-0.4681,-0.7320,-0.5852,-0.7217,88.0099,-104.6604,6
0.6134,0.5575,-1.2047,-21.0516,-244.6198,-14.3470,6
0.4761,0.1524,1.1802,1.9513,1.1683,-23.6633,0
0.1562,0.4149,-1.0276,13.9635,16.8979,-19.3965,1
0.6482,-0.4243,0.1289,21.5445,10.5218,6.8924,2
0.3992,0.1945,-0.5665,-0.2306,-3.5570,3.2709,1
-0.5956,-0.0415,-0.6951,2.1549,1.4169,0.3169,1
-0.7859,0.2493,1.0250,-24.8269,-11.8418,10.2923,0
-0.1573,-1.2105,-0.1684,0.9021,12.3858,-13.5909,5
0.0675,-0.3627,-0.8981,93.2130,-96.7222,-75.3814,6
0.6541,0.1538,-1.0858,40.9301,-68.3634,-40.0303,6
1.1297,-0.3724,0.8937,-5.1640,1.6067,-15.5836,2
0.0817,0.2081,0.9116,16.6072,-5.9605,-4.9041,0
-0.0716,-0.6593,-0.3455,1.4284,24.3265,8.8581,5
-1.1537,-0.7224,0.1936,5.5972,-3.4406,-9.4028,3
-0.1724,-0.3124,1.2359,-108.1013,-4.2723,-21.9826,6
-0.4840,-1.1304,0.0405,-2.2921,2.8127,9.3976,5
-1.0969,-0.2875,0.2659,-46.8068,-224.6464,-52.6633,6
1.1468,-0.0848,-0.4592,-1.8071,0.1878,3.0871,2
1.2074,0.0074,0.4174,-1.5119,-3.9243,-11.9647,2
-0.1662,-0.7022,-0.4257,6.1285,-4.7109,-24.9736,5
-1.0534,-0.4450,-0.7618,-1.6251,3.6550,-0.3436,3
0.2413,0.6569,0.3117,6.6655,23.3602,15.6403,4
0.9024,1.4356,-0.3226,209.6972,4.6829,101.7239,6
0.4836,0.9267,0.7763,125.4043,1.6892,16.1688,6
0.8443,0.8248,0.3992,-2.1845,40.0965,-101.4346,6
0.0683,-0.7050,-0.0767,0.3220,1.2279,-8.1855,5
-0.3158,-0.7943,-0.1863,-0.3441,-7.1636,-9.2135,5
0.2774,-0.3863,0.8657,1.5831,-14.1901,-9.2170,0
-0.6664,-0.4957,-0.0980,21.0371,-5.9833,-12.0073,3
0.4053,0.5704,0.1626,-18.5002,20.4447,-5.7974,4
-0.6577,-0.1741,1.1083,-0.5636,9.7362,7.4417,0
-0.6999,-0.1796,-0.0889,-8.1958,-25.9652,-12.5746,3
0.7888,0.0581,-0.4450,-6.2623,-15.0069,7.4165,2
-0.0080,0.2908,-0.5850,-0.8373,0.3405,-1.4623,1
0.5937,0.1630,0.5239,14.5765,-1.8522,0.5288,2
0.0861,-0.1037,1.2800,-7.0409,1.6271,0.3191,0
0.4831,0.6286,-0.5852,-4.2872,-4.2234,-0.8754,4
-0.7810,-0.0114,1.3026,-14.0042,16.2016,8.7370,0
0.6030,0.4673,-0.3576,0.4635,9.6570,7.4822,2
1.0632,-0.6388,0.1985,-0.2403,0.4109,-0.0358,2
0.9352,0.9937,-0.1313,1.3270,-8.1206,0.4294,4
-0.4030,-0.6707,-0.3165,-186.2219,-139.6526,-51.4600,6
-0.2859,0.0564,1.4601,-1.0218,-5.2184,-0.6863,0
0.3255,1.5167,-0.6317,235.2272,83.2344,-13.3271,6
-0.1067,0.6891,-0.9960,-17.7894,-7.0983,-1.5078,1
-0.6879,0.8586,0.0736,2.0128,3.9514,3.0634,4
0.7617,1.2129,0.2790,1.0821,-0.9829,3.5623,4
0.0450,0.7176,-0.7611,10.8842,-6.9831,-21.9343,1
0.6038,1.0538,-0.0454,-20.6186,-15.1667,15.4869,4
1.0082,-0.0644,0.1974,-1.0064,0.7331,3.8903,2
-0.7306,-1.1264,-0.4891,-17.8761,-2.9025,19.5030,5
-0.9630,-0.2710,-1.0952,-17.4489,-1.5926,0.2102,1
0.2009,-0.2119,-1.4495,56.7710,-26.5635,98.6110,6
-0.3033,-0.6117,0.2499,7.6683,3.8458,-3.1828,5
-0.4010,-0.5798,-1.0331,0.1486,-0.2666,0.1968,1
-0.1902,0.7114,-1.1393,2.8810,3.6460,-6.6719,1
-0.9033,0.9406,0.3662,10.3553,-5.4603,4.8011,4
0.7248,-0.3889,0.0982,13.1581,4.8928,8.7351,2
0.3079,0.3760,-1.1374,-0.0495,1.0293,0.5255,1
-0.5247,-0.7575,-0.3772,6.5202,-4.7645,-9.0962,5
0.1336,0.7558,0.8528,9.7357,-4.7793,22.0543,0
0.1535,0.6387,-0.6899,-4.5078,4.2917,3.6243,1
0.6198,-0.4534,-0.5354,-15.2882,-0.5233,-7.5921,2
-0.1901,1.1259,0.1778,-0.0007,0.0075,-0.0373,4
0.5241,0.9836,-0.5563,-6.5291,12.2736,11.3586,4
0.8215,0.3393,0.0244,17.4285,-3.3409,8.3292,2
1.1327,-0.0511,-0.2881,-0.1060,-0.1039,-0.1953,2
-0.9043,-0.1002,-0.8572,-166.9031,52.0322,115.8887,6
0.3943,-0.6365,-0.5108,2.2108,12.3964,21.9252,5
0.6046,0.4225,0.1233,12.2993,-5.3376,-0.4680,2
0.1165,0.1550,0.9057,8.3888,-0.2728,21.4789,0
0.2634,0.6386,-0.8380,0.3335,2.8999,-7.0780,1
-0.0045,0.6741,0.8429,-1.0008,3.5918,-4.9348,0
0.5535,0.3588,-1.2386,-24.6468,-13.4249,7.9860,1
1.0666,-0.2923,0.6093,-2.4318,-19.0067,12.2679,2
-0.1018,0.2345,-0.8549,-70.9958,24.1844,12.8134,6
-0.9610,0.2108,0.0013,9.8436,-2.3484,-20.5835,3
0.2773,0.8238,0.3677,18.2473,7.3916,14.2232,4
0.3691,-0.1476,-0.6167,-5.4812,-3.6158,-8.3818,1
-0.0545,0.3252,-0.7429,-12.0734,4.5400,2.2290,1
0.3424,-0.4194,0.4786,4.1701,-13.3665,7.3009,0
0.9157,-0.8428,-0.4238,-0.1335,-1.3919,0.6587,2
-1.1895,0.0656,-0.4916,53.4638,29.9846,-53.3596,6
-0.2797,-0.5857,1.1735,-11.1866,1.7936,-8.5656,0
-0.6675,0.0067,-1.3599,-18.4642,8.0411,-9.6856,1
0.7211,-0.1203,-1.0045,-20.3673,-11.2243,3.8029,1
0.0642,-1.1318,-0.7888,19.3818,-98.8516,-78.4619,6
0.5584,1.1210,-0.0624,18.5067,-4.2055,22.4449,4
-0.3956,-1.2640,0.2978,-2.2435,-24.1405,10.7786,5
-0.6031,0.2619,-0.6960,-14.1706,-34.4491,110.2773,6
-0.5457,-0.5799,-1.2966,-20.2761,-3.5004,-17.4634,1
-0.3788,0.7297,0.0379,4.3022,-0.4934,1.0077,4
-0.2896,-0.7618,1.0649,15.1400,-7.2064,14.3924,0
0.5954,0.4627,-0.8429,3.6761,-0.6509,12.3073,1
-0.3233,-0.4284,-0.6326,-2.8930,22.5204,-10.2894,1
0.8398,-0.9497,0.2509,-8.6422,-12.2492,-9.4311,5
0.3143,-1.1118,-0.5347,32.1352,60.0047,132.8357,6
0.2424,0.5406,0.8933,102.5764,-9.7049,150.3047,6
0.2989,0.5726,1.3372,-4.4402,-6.1185,6.8146,0
-0.8359,-0.2015,0.1104,-3.3857,-17.4077,1.1830,3
-0.1737,1.3065,-0.5662,185.7140,107.1504,-65.2845,6
0.0386,-0.7827,0.1521,19.5367,-14.7145,9.5595,5
-0.9320,-0.3588,0.1886,-3.4065,1.8384,-8.3188,3
0.2946,0.1822,1.3015,-14.8771,17.9115,-4.0117,0
0.6732,-0.5076,-0.3911,-0.0111,0.4739,-2.8877,2
-0.3590,0.8127,-0.0855,-7.2159,7.7597,10.8291,4
1.0760,-0.3797,0.4308,-0.1095,-1.1245,0.2288,2
0.6503,0.1726,-0.5268,0.7372,20.9390,18.7798,2
-1.2211,-0.8689,-0.1713,-15.9049,-0.5870,13.9531,3
-0.4300,0.1903,0.7957,0.1894,-1.2370,-4.5727,0
0.5881,0.3938,0.3221,-0.9376,2.3911,-9.1872,2
-0.1591,0.7849,-0.1432,-0.2689,-11.1002,4.4970,4
-0.8285,-0.3523,-0.7666,-13.3094,-1.0498,14.3478,3
-1.0159,-0.5506,-0.5956,1.6501,-1.8376,-15.9830,3
-0.3306,-0.6370,-0.8635,-7.7743,-3.8207,-0.8405,1
1.1037,-0.4142,0.2814,16.5569,4.7058,-3.5750,2
0.6213,0.1568,0.8540,1.8679,-3.5903,-9.7947,0
0.3410,-0.4344,0.6203,-0.4238,-0.2444,-0.1125,0
0.0285,1.1225,-0.4577,5.2372,0.0881,-17.5269,4
-0.1981,-0.5635,-0.3133,-74.9618,53.6663,20.3650,6
-0.0166,0.1537,1.1398,3.2460,-9.5179,-2.1914,0
-0.7383,0.0249,-0.0079,0.0751,-0.7944,-0.0590,3
0.6744,-0.2574,-0.2540,38.5713,-12.7463,-59.0466,6
0.7791,-0.6539,0.2495,43.5039,-43.3135,178.6806,6
-1.4198,0.0570,0.1701,-16.4878,-3.5205,-0.9945,3
0.1034,0.7111,-0.4180,-9.3974,3.3979,-6.6523,4
0.4257,-0.4745,-0.6204,7.1413,-6.3593,0.1271,1
0.7331,0.3610,1.0325,6.0548,10.0628,0.8886,0
0.0665,-0.9038,-0.8283,13.0647,-2.2038,2.8760,5
0.9673,-0.0049,0.4521,-19.9571,10.8611,-17.3519,2
-0.0329,1.0046,1.0499,3.8854,7.8042,23.8528,0
-1.2829,0.4833,0.3105,25.0384,6.1013,14.3058,3
-0.4367,-0.0314,-1.0019,-19.4364,-12.8146,13.8224,1
0.3479,0.6894,-0.5576,0.6386,10.4986,-21.0867,4
0.0516,0.8296,0.9174,8.9871,16.6915,-7.5555,0
-0.9869,-0.6446,-0.7673,-4.8418,12.7109,-23.0690,3
0.0002,-0.4822,0.6502,-13.7099,-10.1421,4.4304,0
0.4720,-1.1285,0.1050,-68.7806,38.9322,-167.4997,6
-1.1067,0.2487,-0.3854,8.1782,22.3924,68.7709,6
-0.2957,-0.2975,1.3376,0.0974,0.2087,0.0846,0
-0.1433,-0.4205,1.4270,-16.0628,-11.2931,-7.6820,0
-1.0274,-0.1944,0.8572,-19.8706,-13.3757,11.0581,3
-0.8897,0.7316,-0.0408,-5.4054,5.5728,-6.5524,3
0.0590,0.0153,-0.8664,1.1923,4.1706,-2.2314,1
-0.7247,0.6590,0.9426,-1.6129,-2.4549,-5.1526,0
-1.0105,-0.0011,-0.6393,20.4846,-19.1030,5.8486,3
0.0100,-0.7644,0.2457,13.3783,7.1200,-14.2170,5
-0.6234,-0.8259,0.7670,162.8228,26.2623,16.2764,6
-0.0918,1.4315,-0.0419,-1.1598,-1.2048,-1.3066,4
0.8604,-0.2378,0.4230,-1.0853,-6.9372,8.1394,2
-1.2258,0.6231,0.2004,-21.1786,0.6137,-13.9197,3
-0.5800,-0.4652,-0.1501,8.6333,-69.8969,44.9255,6
-0.3163,0.9783,-1.0699,-8.5271,2.6760,9.6046,1
-0.9386,-0.2635,-0.6320,-2.0572,3.7210,5.3533,3
-0.7408,0.4742,0.1855,-4.8305,7.5633,8.4138,3
0.1594,0.4928,-0.7559,7.3418,-2.9479,14.0078,1
-0.8708,0.4465,0.3541,-189.0968,28.2169,56.5535,6
0.3524,0.9541,0.1611,-31.7244,-36.6145,47.8864,6
1.2031,0.4437,0.5392,62.9821,80.8234,20.2724,6
-0.0480,0.3411,0.9174,-0.0953,-0.8325,-0.7378,0
0.1743,0.8539,-0.7496,17.5253,-8.0951,-2.1328,4
0.4194,-0.0836,0.5892,27.9121,0.9763,5.1945,0
0.6593,0.5114,0.0172,-5.6274,-10.5793,2.5243,2
-0.8388,0.9533,0.3743,2.3223,0.0381,27.1361,4
-0.8183,-1.1988,0.4207,81.0739,86.5868,-47.2406,6
0.4567,-0.3768,-0.7975,1.5509,-3.0493,1.2913,1
-0.0788,0.7786,-0.3497,-8.6291,-4.0742,17.9194,4
0.5458,0.6145,-1.0459,-9.5216,1.9580,8.0524,1
-0.4887,-0.8852,-0.5448,71.7207,21.4796,150.6808,6
0.3883,0.7213,-0.1303,18.3817,-3.3708,4.7847,4
-0.6507,-0.2556,0.7263,-3.0780,18.3508,15.6931,0
-1.0708,-0.5850,-0.2100,-10.2277,-20.6266,7.4864,3
0.1844,-0.1459,-0.8386,4.1182,4.7695,7.3078,1
-0.5744,-0.8294,0.3353,-4.7288,-10.0688,-1.5550,5
-0.2848,-0.0407,-0.7825,-2.1036,-1.2500,2.5562,1
0.8912,0.5069,0.6774,-13.2677,-16.5187,-0.6861,2
-0.4589,0.8058,-0.4075,14.5224,-17.6863,-13.3170,4
-0.6941,-1.0062,0.2113,14.1172,12.0851,5.9429,5
1.4284,0.3560,-0.1041,3.2479,4.1788,-3.0571,2
-0.5195,0.7980,-0.1570,-1.6214,6.0787,5.1679,4
0.5260,0.0537,-0.6789,6.3953,0.8068,-4.0724,1
-0.3604,-0.2821,0.6437,132.0371,-4.8913,-44.5380,6
-0.7931,-0.0072,0.6113,-66.2468,-70.2033,15.8910,6
0.3977,0.4707,-0.3116,10.4444,-22.6823,8.0960,4
1.4333,-0.0714,0.2597,6.0865,-1.3844,-20.4815,2
0.2937,1.1784,0.8572,7.6129,10.4138,11.5119,4
-0.8588,-0.9210,-0.6863,126.3301,171.8396,112.3141,6
0.2457,0.2950,1.4346,-1.5697,4.6077,-1.2976,0
-0.2806,0.9513,-1.0528,-11.2311,4.1179,10.8488,1
-0.1237,-1.1313,0.2926,64.6311,45.2903,-203.2848,6
-0.5864,-0.1135,0.6745,24.3838,-2.3418,2.9203,0
-0.2145,0.6790,-0.5012,-3.9710,-21.8965,-15.0073,4
-0.8112,0.6301,-0.7131,9.7806,5.8887,-4.0150,3
-0.6004,-0.7464,0.2802,18.7301,-12.1675,-1.6698,5
-0.1983,0.2555,1.2275,-18.4604,-18.2399,14.9172,0
-0.0113,-0.6657,-0.2588,1.9221,-0.9133,-4.3204,5
1.0873,1.0661,0.1296,94.3682,105.3852,-31.3674,6
-0.1445,-0.1324,1.4716,2.0032,-1.3664,2.0304,0
0.4811,0.5696,0.9079,25.0470,0.7677,-13.7814,0
-1.3102,0.0517,-0.1385,9.2358,-6.3883,26.4481,3
1.0182,0.8831,0.3322,-14.6656,-7.1147,10.8807,2
-0.8650,-0.0363,-1.3051,-75.2489,66.4249,210.0210,6
0.0529,0.0262,1.4531,3.0636,-13.0387,-14.5622,0
-1.1571,0.8425,0.1432,9.3043,4.0541,3.9169,3
0.1086,0.3935,1.0059,1.0288,-0.7098,1.2036,0
-0.4866,-0.6833,-0.7538,0.0561,-0.8170,-1.4848,1
-0.2060,0.9135,0.3956,-2.0515,-9.9776,12.1056,4
-0.0453,0.1181,-1.2988,0.7898,3.6319,-0.0446,1
-0.0014,0.3342,-1.1465,-23.6012,100.7915,90.6709,6
0.3851,0.5812,-0.6194,-1.3390,2.4278,5.2891,1
-0.0343,1.2732,0.0719,3.0793,-2.2879,-20.0355,4
0.4614,0.3685,-1.0039,17.6886,-19.7170,5.3339,1
1.6248,0.0834,0.0941,8.2083,100.1920,-49.3556,6
-0.3912,-0.7405,0.1816,8.1505,5.7280,-27.0779,5
1.0200,0.2703,-0.2236,-9.4868,-6.7588,2.4494,2
-0.6972,0.1124,0.4654,1.6538,-7.9019,10.9849,3
0.0240,-0.7828,-0.5080,11.0456,21.6421,13.5926,5
1.0446,-0.9288,0.2518,-6.4715,-1.4546,-12.7592,2
-0.4943,-0.7903,-0.0181,-10.7348,-173.6601,-23.2664,6
1.1674,0.7959,-0.2449,-10.8126,19.6627,8.2848,2
-1.2448,0.4654,-0.3226,11.9123,-10.1152,-2.8519,3
0.2387,-1.2366,-0.2851,-3.7317,-6.8091,-0.2456,5
-0.0125,-1.1161,0.4888,4.4966,2.9080,10.2995,5
-0.4382,-1.3283,0.2034,0.6052,-0.0457,0.3133,5
-0.0708,-0.4472,0.8743,5.2283,-2.6124,-1.4460,0
0.7831,-0.0018,-0.5791,-8.4147,8.6389,-9.8810,2
0.9251,-0.1621,-0.1764,-8.5080,16.6517,2.1907,2
-0.8344,0.0038,-0.3369,18.7319,1.9521,-1.3495,3
-0.0882,-0.3307,0.6776,-21.8953,-1.1124,-2.8669,0
-0.3528,-0.6388,0.9208,4.8661,6.7240,18.4421,0
0.2899,0.5950,-0.9448,-65.4096,135.1334,94.3196,6
-0.0312,1.0889,0.0677,-29.2921,-79.3560,192.1828,6
-0.4125,0.6053,-0.5419,-4.1120,-1.0891,-4.0324,1
0.0521,-0.1772,-0.7595,1.8656,2.2128,-3.6005,1
-0.1598,-1.1002,-0.7280,39.2918,24.6066,-61.7000,6
-0.8059,-0.5304,0.5195,-5.0721,-22.6096,-12.3853,3
-1.3766,0.4285,-0.1246,-78.7012,66.4307,185.6536,6
0.4614,0.3107,-0.4615,5.8222,9.7445,-0.6497,1
-0.6912,0.2442,0.4296,-8.7046,13.9226,11.3837,3
-1.3111,-0.1996,-0.1761,-1.3469,8.2703,1.2323,3
-0.9035,0.2440,-0.6212,96.5037,135.3455,-7.7281,6
0.0181,0.8698,-0.9375,9.8804,-24.9232,6.7386,4
-0.3258,0.4809,-0.7323,1.5147,-0.3995,-0.3274,1
-0.1430,-0.6416,-1.4626,-14.3729,-12.5478,216.2882,6
-0.5725,-0.5617,0.1876,5.8028,17.0679,20.7968,5
-0.8589,-0.1972,0.0607,-1.5549,2.2245,11.9406,3
-0.0188,0.6619,0.6145,-22.7820,-3.0007,-14.3107,4
0.5874,0.6331,0.9027,-2.5683,-0.0916,-0.0929,0
0.7715,-0.4361,0.0058,28.8984,-54.0847,-41.5826,6
-0.9620,-0.2042,-0.3812,2.3554,-1.1682,1.2288,3
0.3240,0.6373,-0.4883,2.1379,-6.4594,15.1046,4
-0.3131,-0.2410,-0.7855,14.8842,-12.4194,-5.6392,1
-0.0554,-0.6550,-0.8014,-3.1715,4.0655,-3.8143,1
-0.6146,0.4076,-0.0574,-2.3391,0.0037,0.7025,3
0.6425,-0.4908,0.0957,-15.5771,4.2379,-16.6262,2
-0.0763,0.2603,-0.7703,2.6775,-9.0212,-15.5905,1
-0.4349,0.1804,-1.2130,-7.4290,-5.9189,-24.1469,1
0.5437,-0.3918,0.7341,-0.1892,5.5927,1.7825,0
0.5411,0.5350,-0.7766,100.3150,-205.4961,48.1383,6
0.1042,-0.8460,-1.6335,114.2558,-181.0163,-103.8058,6
-0.2117,1.4042,-0.1809,16.9077,-10.8785,-4.4938,4
-0.9424,0.0334,-0.8340,-25.4539,7.6526,4.9055,3
-0.9659,-0.5363,-0.3437,-0.7554,-16.4728,-14.2737,3
0.5490,-0.7370,-0.6127,19.7484,-14.7842,16.9034,5
-0.7840,-0.1965,0.3087,-3.9643,-0.8663,1.3621,3
0.7922,0.4600,0.4081,-4.7890,-1.8323,14.8904,2
-0.4551,-0.1545,0.5526,-12.1019,39.0153,113.7326,6
0.8898,0.2493,-0.4734,-2.0417,-2.8626,12.5526,2
-0.0309,-0.6940,0.2211,-2.2906,-1.6125,0.3639,5
0.5540,-0.5343,-0.5701,-13.0841,3.3888,6.1439,1
-0.8283,0.2414,-0.0477,0.9609,1.1981,1.0431,3
0.5833,0.1454,1.1131,20.0920,-1.9842,-10.7269,0
-0.8376,0.5629,0.5094,-18.0486,18.2826,15.1043,3
1.0911,0.3899,-0.1937,-7.7805,-8.7233,-13.1946,2
1.0965,0.5204,0.3692,-94.6141,-118.9805,-44.4651,6
-0.2996,0.5535,-0.8723,20.6253,16.8748,-8.0503,1
-1.4721,-0.2727,0.1708,-4.4632,8.9238,18.2081,3
1.2069,0.0916,-0.1951,3.0200,18.6182,22.2892,2
-0.5575,0.2504,0.7404,-6.7454,-4.7332,7.5940,0
-0.3129,0.8580,-0.8474,14.6389,6.5209,-1.3458,4
-0.3011,-0.6209,-1.0107,-6.6856,10.7050,23.3513,1
-0.4738,1.0111,0.4574,-20.0494,-9.7680,14.9632,4
-0.7730,0.5263,-0.7889,-59.5603,-70.9052,87.9331,6
-0.1754,-0.8988,0.0631,5.0611,-157.2460,-104.9845,6
-0.0718,-0.0928,1.0063,-0.5104,12.7555,-7.5399,0
0.5397,-0.8407,-0.2106,-3.5539,-2.9972,-0.5862,5
-0.4115,-0.8610,-0.9854,-5.4866,-0.5857,-19.5342,1
-0.8235,-0.7499,0.5579,2.0318,-14.0273,5.3040,3
1.3001,-0.0091,-0.7273,-1.2135,2.8378,-6.0321,2
0.6343,-0.6681,-0.3260,189.6800,47.2837,-98.0364,6
-0.6293,0.3087,-0.4060,-5.3140,13.5066,-3.3189,3
0.0789,1.1308,0.0357,2.6473,-12.8602,18.1229,4
-0.9215,-0.7050,-0.5959,4.1042,2.6667,-7.2175,3
-0.4802,-0.8290,-1.0982,-11.2539,13.5210,16.6620,1
-0.5592,0.3477,-0.3975,2.9329,-18.5423,18.3270,3
-0.3929,0.3526,-0.8404,-2.0102,-10.5356,6.7777,1
-0.2794,0.1180,0.2622,134.1126,-110.2184,-132.7928,6
-0.7496,-0.5469,-0.7179,-3.2956,4.7528,-13.4377,1
-1.3004,0.4791,0.7183,54.0295,43.6724,135.2947,6
-0.5778,-0.0895,-0.9997,3.3852,-1.6975,3.4347,1
-1.3311,0.3978,-0.4615,-0.3524,0.0963,0.1362,3
-0.2206,-1.2426,0.8382,-0.3313,28.2408,-6.7934,5
0.5293,-0.0247,-1.0685,127.4616,26.8712,-24.1631,6
0.8534,-0.6308,-0.8505,-15.1025,-2.3743,-10.6493,1
0.8281,0.1965,-0.6544,-9.5729,5.2413,-18.1202,2
0.5018,-0.3185,-0.7141,4.1530,17.1465,-5.9966,1
0.1575,0.4052,0.2849,167.2922,34.2990,103.1912,6
-0.2297,0.7837,-1.2862,-9.3467,-3.2085,-7.2401,1
0.8502,-0.3707,0.5642,12.7448,-21.8740,11.5870,2
-0.0182,-1.0391,-0.1078,65.5831,-132.8645,-59.9609,6
-0.4964,-0.2207,0.4496,-1.8269,4.7678,5.9991,3
0.0106,0.7610,-0.9533,6.5044,-0.8861,-6.5215,1
-0.4466,0.7630,-0.5201,-0.4840,0.6654,0.8407,4
-0.0387,-1.0477,-0.7371,35.8579,-95.1026,10.3189,6
0.6922,-0.9097,0.9137,-3.5826,4.3680,5.0252,0
0.0734,-0.4289,0.7151,11.3576,-12.0587,-20.1709,0
0.4312,-0.1412,1.4084,23.0963,-3.0348,6.4567,0
0.3448,0.2725,-1.0366,-15.7127,2.9692,18.1474,1
0.2303,0.9031,0.6299,6.0520,-4.2073,4.0027,4
-0.3770,-0.5589,1.3081,28.9240,3.4990,4.7289,0
-0.2307,0.7524,-0.0187,6.3938,-22.3960,-2.8008,4
-0.8983,0.8151,0.7419,5.8610,9.3345,1.4842,3
-0.4717,1.1038,-0.8736,12.1582,-6.5763,-1.8853,4
0.0311,-0.9035,-0.1244,-17.0395,-1.6606,-13.4545,5
-0.5861,0.7668,-0.8793,-13.4187,-0.7180,-7.2561,1
0.9474,0.2552,-1.3038,-64.9375,13.8297,6.5230,6
-1.1979,-0.5812,-0.1350,1.9981,0.8069,-1.4600,3
0.5150,-0.6357,0.9851,-1.3234,-0.8021,-0.1585,0
0.8174,-0.5544,0.0966,-7.4804,1.4021,4.5222,2
-0.5558,-1.0356,0.1417,0.0285,1.3856,-0.3612,5
-0.7258,0.5728,-0.1214,9.0232,0.3987,2.5725,3
0.2056,-0.9829,0.7037,-7.9360,-0.2482,8.8382,5
-1.2494,-0.1010,-0.0414,20.5202,15.6407,-0.9593,3
0.0371,-0.0359,-0.9790,19.2996,18.9322,11.2879,1
1.2093,1.1993,-0.1833,-42.3290,-70.8571,59.5324,6
0.3574,-0.1882,0.9110,0.3552,3.6058,-2.8019,0
0.7210,-0.8193,0.6680,-141.3873,121.6060,-75.5549,6
-0.0482,-0.2232,-1.0416,0.7266,-2.2607,-0.1404,1
0.6790,-0.6660,-0.4559,15.5793,-14.8970,-2.1112,2
-0.6909,0.7013,-0.1754,4.5012,-4.3394,-5.9158,3
-0.8845,0.5682,0.0427,5.6819,7.0435,3.5521,3
-0.0055,-0.7559,0.8417,2.2394,-12.9830,0.8672,0
0.5329,0.6051,0.0804,-15.4327,9.8066,9.3331,4
-0.1044,0.0131,1.3071,14.5682,-17.9615,3.0063,0
0.0947,0.5881,-1.2835,8.2044,0.8863,-9.7445,1
-0.0790,0.4242,-0.8124,-21.0559,4.6242,14.6608,1
-0.6544,0.0735,-0.6316,14.1040,-24.8088,1.5807,3
-0.0108,0.2646,-0.7660,-0.5156,-4.0548,-1.6914,1
-0.3043,-1.2349,-0.7036,0.9761,0.2017,1.2810,5
0.5242,-0.4860,0.5019,18.2816,0.1596,-5.4810,5
-0.7083,0.0782,-0.4073,3.1238,7.7254,7.4381,3
1.3906,0.4981,-0.4554,163.5327,92.7934,-35.7832,6
-0.0451,0.2239,-1.2419,-2.8039,1.8225,21.7099,1
0.4861,0.1933,1.0568,0.2633,6.3630,-6.0519,0
0.7869,-0.2600,0.1980,13.4204,-9.9315,10.2134,2
-0.8724,1.0128,-0.2697,-137.5424,-63.0447,-34.3248,6
0.4033,0.4574,0.4092,0.4618,-7.8838,9.5346,4
0.3225,-0.3708,1.0312,-27.1149,-0.5371,0.9998,0
0.8895,-0.2127,1.1139,121.4301,12.9304,-67.7198,6
0.7466,-0.5758,-0.2632,-6.6295,-10.9943,-3.0453,2
-0.7754,-0.9674,0.2191,-2.0388,-0.8349,-7.3079,5
-0.2955,0.6007,-0.4994,-40.2605,-198.0672,75.2299,6
-0.4428,-0.9195,-0.9501,-18.4296,5.5479,8.0532,1
-0.0168,-0.0535,0.7357,-10.0664,10.8427,2.6147,0
-0.1776,0.5850,-0.9937,9.1200,-6.6903,-13.9312,1
0.4339,0.2143,-0.6959,0.2765,-0.7238,-2.1674,1
0.6024,1.1972,-0.6253,-9.9956,6.1965,193.0737,6
-1.0002,-0.3081,0.0781,-26.6948,-1.3358,-6.3755,3
0.7190,-0.1968,0.6381,-14.8294,1.6692,4.3450,2
-1.1306,-0.0387,-0.4623,-38.4833,-139.0018,68.7832,6
-0.5943,0.3732,-0.1069,-2.4212,-9.2458,-25.6411,3
0.7544,0.0196,-1.1756,-4.0515,27.6280,9.2509,1
0.9439,0.8828,0.6492,11.2119,23.3989,6.4219,2
-0.2512,-0.7861,-0.1108,-35.4185,47.0426,-155.3478,6
-0.5129,-0.3088,-0.6838,13.6871,-22.5139,-13.3402,1
0.2711,-0.6773,0.2997,-7.9693,-1.5899,5.6375,5
0.2102,0.7778,0.6820,-11.0961,7.7052,-0.7849,4
0.5408,-0.6985,-0.0770,-17.5718,10.1738,-11.9158,5
-0.2197,0.1395,-0.8298,-28.7676,-4.6631,3.2763,1
-1.2324,0.3173,0.8126,23.8422,-6.5337,15.4874,3
0.3362,1.0358,0.2749,-4.7111,6.8549,-18.0177,4
0.1219,-0.1074,-0.7830,7.8523,15.8287,6.2849,1
-0.1595,-0.7850,-0.1090,-27.8393,-19.2293,-73.4254,6
-0.8316,-0.8773,0.7403,0.2030,-22.7721,7.2633,5
1.0548,0.1119,0.4413,-1.9030,8.8180,4.2267,2
0.8057,-0.6755,0.3278,0.5552,4.9716,1.8617,2
-1.0705,0.3209,0.3282,-3.2906,-16.5887,-0.5271,3
1.0637,0.2646,0.6282,-5.3387,-1.1805,11.7761,2
1.0264,-0.3660,0.2865,-131.5457,117.0200,-96.7683,6
1.2173,0.2338,-0.7439,-0.8773,0.1489,6.7839,2
0.0654,-0.5012,0.6893,11.8178,-2.4469,4.8297,0
-0.0738,-0.4868,1.0310,-2.5724,15.0307,-8.1900,0
-0.3866,0.1586,1.4081,-3.8580,18.9763,13.4834,0
0.3318,-0.4923,-0.6346,-171.9692,118.9393,7.7991,6
-0.4762,0.2699,0.5544,1.2505,-0.0954,1.0770,0
0.4840,-0.5421,0.8056,-14.7778,-23.7741,-5.9280,0
0.3225,0.5183,0.8582,-11.7463,-0.9925,-9.7092,0
-0.1097,-0.8967,-0.2147,2.1246,3.7847,10.4024,5
0.3599,-0.8544,0.0298,-5.2038,-14.1560,7.0737,5
0.4795,0.2821,0.4502,-4.4046,0.8065,8.6108,0
0.1626,-1.3751,-0.3224,0.6469,-0.6496,1.8530,5
-1.2632,0.4266,0.2742,-1.9822,21.1278,8.9428,3
0.1021,0.3243,-0.6957,-63.6691,52.7384,72.2794,6
-0.6273,0.0406,-1.1543,-1.9458,-0.6872,1.2794,1
0.2244,0.3017,1.0210,0.1446,-0.4512,0.1965,0
-0.2702,0.5809,0.4084,2.6199,1.5382,1.4729,4
-1.0001,0.7436,0.3323,-1.0519,-12.1126,16.2798,3
0.5736,-0.3730,-0.4636,0.3466,-2.1224,-0.0488,2
-0.1348,0.7845,0.3426,5.6832,7.3520,10.7908,4
1.1850,0.0785,0.6433,-16.1539,1.9974,-13.6565,2
0.3281,0.7000,0.0528,1.8207,9.0121,2.1439,4
0.0451,-0.4842,0.3546,37.8684,-17.0580,99.5792,6
0.5251,-1.2497,0.2881,-16.3195,2.6361,9.4319,5
0.0460,-0.9254,0.7638,2.5609,-15.9240,6.4342,5
-0.0450,-0.4133,0.6198,-0.8778,-1.8906,-13.1873,0
0.3312,0.9218,-0.9238,17.0313,2.3081,-11.7471,4
0.2948,-0.7634,-0.1709,4.1464,-7.8126,0.8869,5
0.3596,-0.6340,0.5715,19.9931,10.8093,4.3170,0
0.7625,-0.8172,-0.5812,-13.5730,-10.9579,-12.9202,5
0.7260,-0.4191,0.7158,0.1502,11.7134,3.6785,0
1.1438,0.8140,0.2000,-10.9410,-18.4796,-4.6956,2
0.1341,-1.3342,-0.1154,-5.7527,1.8073,-3.1689,5
-0.2166,0.9104,0.2973,1.3122,2.3338,-28.7800,4
-0.2094,0.4910,-0.4740,8.9647,-23.8420,2.7018,4
-0.7951,0.1322,0.0456,16.3230,2.8439,4.4722,3
0.0602,-0.8205,0.6439,16.2979,-6.8223,-6.9209,5
0.0365,-0.0333,-0.9195,3.7732,5.2944,-0.3740,1
-0.2669,1.2441,0.1217,8.9094,19.8793,1.3862,4
-0.2788,-0.6525,-0.6587,-5.3246,-6.7893,15.4912,1
-0.9858,0.0769,-1.1572,-0.6712,2.1263,8.1473,1
0.6900,0.0673,-0.3687,-76.4233,0.8489,49.4890,6
0.1915,-0.3888,-0.6308,-5.3894,10.3189,2.2662,1
-0.1027,-0.3346,-0.6191,9.5653,-2.0801,4.5036,1
0.5146,-0.3860,0.5323,-0.2215,-1.2389,-5.2537,2
-0.6916,0.6644,-0.0101,-0.2754,-1.0947,-0.1778,3
-0.8913,-0.5748,0.2539,34.3539,137.7508,-126.4309,6
0.0894,0.2137,0.9819,5.5014,5.1434,18.1557,0
-0.3013,0.6982,0.4859,1.8973,-20.1307,21.5001,4
-0.5933,-0.8389,-0.6836,-6.3865,12.4171,-9.8551,5
0.1646,0.8341,0.4529,-7.7001,-9.4474,-6.9377,4
-0.9343,0.1560,-0.6612,-5.1018,-2.1310,3.4635,3
-0.5139,-0.6905,0.5229,-2.8043,3.0444,8.7920,5
-1.0410,-0.1585,1.0776,35.7471,23.1538,177.5520,6
-0.7845,-1.1806,0.1334,-0.5373,-15.8244,4.5727,5
-0.3010,-0.6833,-1.1808,7.8757,20.0050,-2.4141,1
-0.1241,-0.5173,-0.8850,78.7115,91.3222,-133.8370,6
0.2273,-0.8052,1.0738,97.8800,-168.7059,91.9767,6
0.8348,-0.1090,0.6253,-3.2263,-8.6346,4.3111,2
0.5246,-0.8705,0.5795,-15.1415,5.3812,-3.3156,5
0.7742,-0.9639,0.0617,-13.6655,4.7846,7.8999,5
0.0199,-0.7898,-0.9188,-0.5202,-0.7199,-1.0788,1
-0.5249,-0.5511,0.1483,3.2243,2.3164,-4.4661,5
-0.5815,0.2493,1.3100,11.6207,-145.4021,7.1200,6
0.0422,0.3820,-1.2517,-1.9379,19.8808,-2.1800,1
0.4299,0.1721,-1.0819,121.4090,109.7656,-122.4404,6
-0.4383,-0.7691,-0.3071,1.2365,0.1614,0.2113,5
0.1663,-0.7191,-0.3645,-0.0057,-0.0007,0.0124,5
-0.5571,-0.1931,-0.4276,-1.1851,-1.5134,3.9923,3
-0.3976,0.0388,0.6965,-106.7910,44.9344,-106.3824,6
-0.9159,0.5983,0.3168,24.1753,0.9220,0.0023,3
0.7230,0.5392,-0.1126,-0.8798,-0.9444,-2.8022,2
-1.0122,-0.4900,-0.7698,5.4367,-3.0856,0.9806,3
0.0012,0.4482,0.6452,-0.3636,-22.7622,6.7925,0
-0.4058,-1.0539,0.2994,112.6859,-164.3142,95.5385,6
-1.0234,0.6055,0.6860,-0.1322,0.1871,0.4827,3
-1.2370,-0.6714,-0.6987,10.6776,-47.2766,46.7058,6
0.7635,0.7344,-0.5831,-0.1456,-0.6968,0.1755,2
-0.8322,-0.2391,0.4176,1.6614,1.5226,1.9215,3
0.3174,0.2430,-1.2654,-2.7135,-10.4431,3.9882,1
0.8427,0.2978,-0.9527,-0.3500,0.5101,0.3163,1
-0.6435,-1.1777,0.4215,8.3377,-16.8269,18.6117,5
0.5310,0.5863,0.6803,2.9680,2.7882,-0.0029,0
-0.9692,0.9043,0.1385,0.0615,3.4475,-5.0917,3
0.8419,0.3525,0.1896,11.5201,-11.0327,6.3262,2
-0.5044,-0.5266,0.3622,-8.5074,-1.2339,-17.2394,3
1.3914,-0.5588,0.3251,0.1714,0.5966,0.6392,2
0.1198,1.1673,-0.4433,3.9897,-1.3350,-3.7313,4
0.8952,-0.6760,-0.1378,127.1342,80.8897,96.1544,6
-0.5200,1.0165,0.3999,20.4820,-14.2337,-5.5967,4
0.4336,1.1313,-0.0561,26.7615,-112.9862,-5.1788,6
0.6538,1.2911,-0.0272,10.5668,-2.0283,-9.9096,4
-0.2680,0.9145,1.1517,-6.6290,0.0451,1.8967,0
-0.5195,0.7512,-0.7060,-0.0240,-0.0009,-0.0017,4
0.3484,-0.5714,0.2844,2.1067,-0.6249,-1.2161,5
-0.1388,0.7508,0.1591,-3.1699,27.5411,5.2597,4
-0.5839,-0.5341,-1.0114,10.9167,-14.5346,-0.2278,1
0.8448,-0.6463,-1.0660,-4.3969,-4.5706,-1.0068,1
1.1178,-0.5811,-0.6818,21.1065,-42.8314,67.0702,6
0.6809,0.0077,-0.3814,-3.7933,-1.2259,1.2950,2
-0.9712,0.2548,-0.1089,0.2592,0.5267,0.9507,3
0.3411,0.8551,-0.4732,9.0567,-6.6832,6.4897,4
-0.3347,-0.4518,-1.0613,1.9619,-6.5897,3.3134,1
-0.7689,0.0753,0.6960,-6.5495,13.7589,-1.5059,3
0.1410,0.0059,0.7931,8.5190,7.3226,7.0244,0
-0.4109,-0.5906,0.5276,-11.1135,-3.4190,14.5198,5
0.5934,-0.3950,0.5897,-20.5256,-7.6156,15.3437,2
1.1468,-0.2682,0.8650,11.3973,-2.6340,-0.7532,2
0.3416,1.0642,-0.5235,82.3925,-91.0987,-110.6379,6
0.1689,0.8167,0.6399,81.5767,180.0479,82.1491,6
-0.2475,-0.7323,-0.6707,-5.5052,-5.1684,21.1086,5
0.5608,0.3981,0.8047,-4.2178,17.9030,2.8880,0
-0.5652,-0.4763,-0.1193,6.3601,17.9274,-0.9126,3
0.4642,-0.6787,-0.6225,6.6249,19.0637,-9.2710,5
-0.5971,-0.1623,0.7206,5.5418,5.0183,-28.3712,0
-0.0723,-0.2414,0.7582,-21.4608,-5.7070,1.1508,0
-0.1664,-0.3757,-1.1507,16.4972,-8.1035,-0.2946,1
0.2397,-0.0942,0.7677,-8.6482,-13.7148,-23.0997,0
0.5219,-0.3413,0.7401,5.8343,-3.3415,-4.5694,0
-0.3140,-0.4340,-0.8073,-169.2897,92.4212,45.5817,6
0.1657,-0.9008,-0.5153,9.5794,-21.3075,-14.5422,5
0.4277,0.4309,-0.5292,18.7940,3.2933,-5.3495,1
0.4771,-0.6125,0.4548,2.0751,2.2001,-0.3290,5
0.0423,0.3099,1.1733,2.2200,2.6642,6.1278,0
-1.3172,0.0557,0.0218,-6.2544,8.8017,-3.8797,3
0.9925,-0.0748,-0.2437,2.2171,-12.6073,-5.8506,2
-0.7616,0.7775,1.1753,-138.4861,-112.2817,-14.7127,6
-0.1650,-0.8445,0.4930,-22.2037,-2.0761,-17.4592,5
-0.9996,-0.5636,-0.8957,4.0473,0.9052,17.5167,3
-0.6734,0.1657,0.4152,4.5346,4.9454,-11.0774,3
0.4637,0.3866,0.4714,-25.2835,5.8970,9.3335,0
-0.4388,-1.2092,0.6164,19.1826,55.2732,-31.3610,6
-0.4792,-0.4794,-0.5318,1.3800,-5.7571,-2.9470,1
0.1533,-0.6664,0.5064,-0.3886,1.3848,0.6442,5
0.7156,0.3337,0.8501,-5.8128,-2.9932,-1.5282,0
-0.8218,0.2454,-0.4341,-0.7402,-6.9647,-18.8853,3
0.1001,0.4676,-0.2894,-210.6378,32.7769,-51.7894,6
1.4031,-0.1489,0.2355,7.3889,7.5726,-18.8218,2
-0.8296,0.0397,-1.2077,2.3252,-0.5473,2.1827,1
0.0582,-1.1020,0.0253,0.0018,-0.1915,0.0736,5
-0.6676,-0.4198,0.6596,5.2250,1.9492,7.1687,3
0.5836,0.4041,0.7467,-9.4993,0.7771,23.3792,0
0.6066,-0.0964,-0.9744,-5.2629,-6.0742,-13.7472,1
0.9968,-0.2030,0.8550,8.7481,-5.0471,-22.0845,2
-0.0750,0.5042,-0.5667,57.9464,15.8602,144.8013,6
-0.7951,0.0184,-0.4114,-8.5128,10.9635,13.4814,3
0.0442,-0.6780,0.5013,1.5754,6.9455,-22.9824,5
0.6350,0.3582,-0.8807,-4.2271,0.8808,5.6992,1
-0.7823,-1.1109,-0.1100,10.9840,-11.9267,-2.5979,5
0.1873,0.9700,-0.3652,-7.0688,1.4138,-1.0342,4
-0.5125,-0.2640,1.2519,-75.5392,-0.2091,67.8214,6
0.8135,0.9939,-0.1030,3.6548,-7.0192,3.1078,4
-0.6310,0.2104,-0.2920,3.0595,-10.6156,-7.5841,3
0.6449,-0.2022,0.2700,0.7923,0.0156,-0.7290,2
-0.5421,0.3864,0.6649,2.7500,7.9353,6.6865,0
-0.5502,0.3910,-0.2814,-74.4282,68.3723,-52.1003,6
0.9794,0.2423,-0.3617,1.8650,3.0126,1.8671,2
-0.5705,-0.8495,-0.5339,20.4565,-129.1394,55.4577,6
0.6326,0.0215,0.5722,-159.8449,93.5495,27.5834,6
-0.3097,1.2099,-0.1601,1.5672,-19.0699,-4.0385,4
0.1050,-0.7249,-0.4343,3.4038,6.9849,-5.5251,5
-0.9771,-0.1116,1.1163,0.4769,-31.9945,-126.6928,6
-0.2406,0.8838,1.1072,6.9356,-7.3037,2.5977,0
-0.4836,-0.8902,-0.9134,41.0986,-12.3102,89.4964,6
0.7930,-0.2510,-0.1881,0.0566,0.8342,-0.9729,2
-1.2638,-0.2977,0.5410,-0.3178,-1.2369,0.2952,3
-0.0272,-0.5100,-0.7977,1.1513,-0.0595,0.0860,1
0.1383,-1.3517,0.0468,7.6562,-22.8246,-14.1670,5
0.9046,-0.1385,-0.7234,7.1657,-7.1343,8.8232,2
0.8763,0.3255,-0.9824,-3.9361,-4.5582,5.4555,1
-0.9834,-0.5004,0.0564,-27.4781,1.3302,-143.0247,6
-0.3891,-0.3787,-1.0297,133.7976,58.4810,-35.0605,6
-1.1179,-0.3531,0.3960,-3.8470,5.4592,-1.7413,3
-0.2473,1.2284,-0.9483,70.8126,8.1660,126.9785,6
0.7670,1.2632,-0.2115,0.9869,-1.5924,1.8311,4
0.5502,-0.4111,1.1194,-12.4935,1.1508,1.0151,0
-0.1914,-0.9675,-0.0022,-3.5509,25.6538,-8.0361,5
0.9637,0.5945,-0.5497,26.9603,-10.8786,-6.8323,2
-0.4803,0.7043,0.8715,-1.5460,0.4972,-1.3860,0
0.6833,0.4102,1.0933,-0.4046,7.5480,-0.6141,0
-0.3748,0.5258,1.0255,0.1048,2.6451,-0.4630,0
0.2296,0.9099,-0.9177,10.1082,105.0722,-37.6189,6
0.0313,-1.0152,0.9655,1.2123,0.2607,-17.2209,0
0.1671,-0.0212,-0.8542,-20.1880,2.2195,2.2260,1
-0.5209,1.2063,0.2494,1.9462,12.5637,-8.0961,4
-0.5238,0.1797,0.9338,-46.5796,78.6514,41.9180,6
0.7759,0.4435,0.0555,-24.1641,0.5107,7.3670,2
0.2296,-1.3826,0.2063,-1.4388,22.4642,-18.2799,5
0.5982,-0.7391,-0.5410,6.5073,22.0855,17.1473,5
0.6115,0.1483,0.8318,1.8162,-16.0500,9.8861,0
-0.0715,0.1826,0.8266,-87.6109,-79.6979,-1.0215,6
-0.2920,-0.1160,-0.8276,3.9637,-14.0745,-2.3732,1
-0.6358,-0.2182,-0.2810,2.9931,-11.1520,-4.0445,3
-0.3065,-0.1071,-0.7089,-8.1314,10.7555,16.8159,1
0.3684,-0.4385,1.3365,-0.9145,-0.9682,-0.1638,0
-0.7990,-0.0888,-0.2934,-14.7387,-20.3050,-66.0392,6
0.0944,-1.1718,0.3826,-13.7290,-14.4974,-10.1669,5
1.2232,0.5954,0.4012,-34.5801,100.8227,-143.1933,6
0.1184,-0.7575,-0.2639,83.4364,-4.3573,90.8188,6
-0.8694,-0.0231,0.0644,2.7989,11.8460,7.9662,3
0.0304,-0.6948,0.9439,-14.8287,2.6252,3.7641,0
0.5691,-0.6094,-1.1701,1.3439,3.3704,5.8792,1
0.2103,0.4732,0.9774,4.0942,14.9320,1.1780,0
-0.5547,1.0392,0.7277,4.4820,12.6814,-15.6510,4
-0.4244,1.3958,0.1394,6.4629,16.7130,-7.8710,4
1.0827,0.6118,0.0503,-0.3194,51.6855,72.2988,6
0.2566,1.3971,-0.2510,-4.4655,63.8258,-26.3715,6
-0.0051,-1.1053,0.1413,5.6322,15.0568,7.1991,5
0.8331,-0.1167,-0.5036,14.7613,8.8033,14.3664,2
0.0959,0.1101,-0.8071,-46.8676,119.3169,-50.2971,6
-0.3313,1.2626,-0.2142,8.7544,-0.8363,18.4764,4
-0.7716,-0.3545,-0.0056,17.1855,3.7508,-0.8671,3
-0.7971,0.7828,-0.0701,10.0117,-3.3411,4.3631,3
0.9071,-0.3667,-0.6218,-22.4144,1.5429,14.5649,2
-0.1236,0.8176,-0.7183,18.4667,-12.5640,-3.2464,4
1.1943,-0.6062,0.2253,-35.0281,-38.7791,-84.7110,6
-0.1638,-0.5361,0.8426,0.3342,-3.4666,3.9595,0
0.7506,1.1022,0.0464,-1.9281,11.8348,12.0764,4
0.3319,1.1177,0.3901,-17.0618,19.4619,-11.2005,4
1.0775,0.0237,0.5834,3.4291,0.7957,3.3281,2
-1.1575,-0.1368,0.6864,7.0057,15.0302,-9.7276,3
-0.1426,1.3493,0.8551,37.8705,95.4028,150.4176,6
-0.9883,-0.2524,-0.1393,-9.1670,16.2739,5.0751,3
0.5747,-0.2206,0.4664,1.2410,0.8576,0.0369,2
0.6571,0.6997,0.3710,-0.5032,-1.3823,-0.8732,4
-0.6829,0.5782,0.6279,1.1233,0.2341,-0.5338,0
0.6482,-0.4587,-0.5060,17.3223,-7.6002,-13.7091,2
0.2879,-0.2261,-0.9308,1.2935,11.3266,4.5832,1
-0.7650,-0.5528,-0.2585,14.4889,21.5569,-4.1746,3
-0.2607,1.0207,-0.7871,3.5228,2.3603,3.9198,4
-0.1199,-0.5996,0.9059,9.6719,7.4102,-16.5522,0
0.0949,-1.4882,-0.1729,-114.2754,131.9742,101.4377,6
0.1908,-0.6044,0.4607,-1.0267,7.5501,26.0236,5
-0.6560,0.7406,-0.2951,11.1886,-13.6690,-15.7729,4
0.3949,-0.8031,0.2021,-0.6932,-0.9607,-3.3143,5
0.4886,-0.2652,-1.1943,-11.7523,22.3928,8.3464,1
1.0905,0.5575,0.5229,-1.3293,-4.3072,-2.6427,2
-0.7571,0.2914,-0.0923,-2.7635,1.1764,2.5486,3
0.0983,0.1112,-0.7019,-2.8334,13.5495,-5.7601,1
0.4316,-0.7217,-0.2718,-19.0563,2.2477,-20.8700,5
-1.0885,-0.7955,0.3059,-13.3365,-4.9031,16.5252,3
0.6096,-0.3773,-0.7643,-1.1837,-19.3019,13.3714,1
0.7547,-0.1613,1.1410,-1.8932,4.2149,6.9232,0
0.6761,0.7374,0.9869,-28.5861,0.3824,3.2489,0
-0.5880,-0.4475,-0.1685,158.6296,65.5826,-63.1775,6
1.3653,0.4033,-0.5615,-9.3363,-19.2374,9.9153,2
0.0071,0.4930,0.5241,-21.2923,-13.6530,-7.2055,4
0.5351,-0.2103,-0.7332,8.4723,-2.1698,-1.3028,1
1.2030,0.0748,-0.4741,-0.7048,-3.7221,-6.3802,2
1.1483,0.6313,-0.4269,-3.3133,16.3757,5.9177,2
0.3929,-0.6929,0.5659,-8.1600,1.8542,5.3185,5
0.7543,0.9283,0.1730,20.1517,-12.5588,-12.8642,4
0.5394,-1.0340,0.4239,-111.2322,-81.8344,60.3280,6
-0.0742,-0.6803,-0.9781,6.8653,-0.5724,-10.5634,1
-0.0046,1.0829,-0.8757,24.0971,-6.2578,8.9711,4
-1.3134,0.0966,-0.2053,-4.6538,-6.0888,-7.0081,3
0.1326,-1.0839,-0.3817,2.9049,-2.1371,-3.8301,5
-0.1611,1.2418,0.5249,-11.2379,17.3854,-2.7493,4
1.0830,0.5067,0.5519,1.3556,0.7283,1.2530,2
0.4542,-1.1153,-0.8628,-12.1932,8.8677,22.8131,5
-0.1447,-0.6661,0.9183,-5.6892,-0.0228,-1.9251,0
-0.4798,-0.7634,-0.4203,-152.1757,98.2381,39.1383,6
-0.1993,-1.0144,0.1959,14.1678,44.1710,38.5350,6
-0.2293,0.9855,-0.0326,-5.0391,3.7490,-1.8312,4
0.2124,-0.7948,-0.3830,-0.5705,-0.4490,0.7515,5
-0.3461,-0.5015,-0.9378,-0.4864,-26.7779,-12.2771,1
-0.5933,0.3957,0.4204,-0.2150,0.0543,0.0300,3
1.1138,0.3045,0.9468,7.3210,-24.0697,8.0580,2
0.4330,0.0050,0.6838,1.5569,3.9593,2.4069,0
0.3098,1.0539,0.8546,-1.0120,8.5735,-3.2321,4
-0.4565,-0.6731,-0.0880,7.7681,1.3773,5.5677,5
-0.8802,-0.7849,0.8260,-10.1511,11.1185,9.0583,3
0.0322,-0.6172,0.7844,-77.2110,-71.6707,-57.6681,6
0.1802,0.3788,-0.6071,-33.1837,12.7187,-76.5616,6
0.8244,-0.8778,0.8259,6.3596,-10.7817,8.8961,5
0.8550,0.1439,-0.0626,-8.4185,-11.5484,16.6233,2
0.0359,1.3198,0.4671,19.7259,1.7250,-12.1601,4
-0.4004,1.0520,-0.1932,-19.3205,7.3668,3.8177,4
-0.6006,1.2612,0.2198,-12.0058,-15.3076,2.0580,4
0.7638,0.0096,0.5093,-0.0061,0.5125,-0.3074,2
-0.6777,0.8587,-0.2602,-8.3535,9.0476,-22.8235,4
-1.0955,0.4362,0.8773,-23.6820,2.9615,-0.4269,3
-0.0621,-0.5249,-1.1461,-2.4222,2.5712,-28.1778,1
1.1621,0.2478,0.1144,-0.4321,0.8109,0.2255,2
-0.1143,0.0665,0.7815,128.6110,-111.5868,57.4861,6
-0.5103,-0.2852,-0.6359,-6.9062,-1.6015,7.9757,1
0.3824,-0.0123,0.6724,-11.6121,10.0812,4.3128,0
0.7389,-0.8282,0.8296,-0.0294,10.3079,6.8703,5
-0.3069,-1.0380,0.7822,0.8401,1.6731,2.7728,5
-0.2652,0.6801,-0.3261,-7.4271,-1.6046,-21.1524,4
0.8289,-0.1880,-0.2610,-10.7313,-19.5317,-19.0165,2
-0.5998,1.1031,-0.1318,4.5591,3.9035,-2.3921,4
0.3911,0.7593,0.3633,-10.5901,-2.5245,18.4135,4
-0.3205,0.1355,-1.3322,-9.1003,7.8772,6.0147,1
0.5262,0.4082,-1.0300,-10.8561,1.2597,3.4350,1
-0.6646,0.7003,0.5698,2.0727,-0.7907,10.2538,3
0.5840,0.0725,0.6797,-42.8645,-41.1995,-32.6572,6
0.1438,1.1002,0.5536,1.1245,-6.3120,-14.4941,4
-0.7769,-0.7045,1.0029,6.2874,-11.0580,-24.2277,0
-0.4124,0.3502,-0.9800,10.9949,-52.5733,-56.5222,6
-0.4386,-1.0109,0.3617,-1.9129,-0.1748,0.2528,5
1.3531,-0.4281,-0.0332,10.0072,18.8851,-6.5162,2
0.2787,-0.3161,-0.6023,-9.8744,-22.5423,-4.7253,1
0.5855,-0.0022,0.5639,-19.0628,-0.8854,17.1616,2
0.2391,0.4727,0.7832,-26.1201,206.1070,-27.4221,6
0.3357,0.1039,-0.8184,3.0506,3.0574,-0.9117,1
-0.3881,-0.6356,0.8897,-131.6586,31.4073,55.5011,6
-0.4820,-0.2600,-1.1188,-44.5279,139.4696,-24.8533,6
0.0623,-1.2376,0.7445,2.4132,-3.4375,-1.2892,5
0.3555,0.1454,-0.8974,-0.3283,-27.6758,-6.6845,1
-0.1327,-0.3180,1.0455,-3.7037,-3.5400,5.3820,0
-0.2001,-0.8369,-0.2050,-3.3128,15.4191,-9.8938,5
0.9384,0.1866,0.0212,16.9162,-10.6303,2.5497,2
-0.7450,0.0640,-0.4508,-21.3355,7.5997,3.9392,3
0.2367,-0.5820,-0.1468,-3.9686,-4.8879,3.1989,5
-0.9989,0.0483,-0.7026,-9.6460,140.1825,81.6585,6
0.4674,-0.3321,0.3771,-1.8940,-0.6798,1.1593,2
0.0623,-0.3248,-1.3747,1.7725,-7.3433,6.5298,1
0.7064,-1.1871,0.3986,18.3830,3.4397,-12.1489,5
0.5768,-0.6595,0.5680,-9.6823,-6.8294,-21.6327,5
-1.1902,-0.2810,0.8974,-12.2436,-7.2783,3.5288,3
0.6092,-0.5065,-0.3466,1.6167,-2.3775,-0.4070,2
-0.0424,0.6966,0.8338,5.9958,-2.1469,19.0541,0
-0.7814,-0.8503,-0.1100,0.2437,3.6997,1.1488,5
-0.0410,-0.5619,0.4950,-21.3892,11.7959,5.1199,5
-0.4069,-0.3576,-0.8030,-7.2046,-16.7451,-10.7526,1
-0.9816,0.0403,0.0955,2.2694,-1.7654,-7.4189,3
0.7103,-0.9000,0.8580,11.3094,-10.7262,-8.3581,5
0.6724,0.1493,-0.1267,-0.6368,-1.2731,0.3016,2
0.8141,-0.2532,-0.5001,17.1590,-142.4403,71.3850,6
-0.9307,0.1481,0.0374,-1.0132,-3.2944,-12.6264,3
0.9233,-0.0801,-0.9447,4.8480,26.8646,2.6753,1
0.6176,-0.6329,-0.9467,18.0598,13.4909,13.4720,1
-0.6201,0.1962,0.5529,-3.4194,8.2463,11.3982,3
0.6788,-0.9051,0.1206,-162.3871,69.3100,23.2922,6
-0.8796,-0.8735,-0.5474,-9.4906,-2.1326,-4.6333,3
0.2605,-0.5213,-1.3590,-21.6828,13.0501,11.3309,1
-0.3976,1.2929,-0.2287,1.2259,2.5438,23.5459,4
1.0275,0.3004,-0.1603,-19.1665,10.7323,-10.7030,2
0.9873,0.5085,-0.2247,20.0474,-1.5176,10.3772,2
-0.7880,0.2800,-0.0521,-26.3881,-0.6654,-2.7739,3
-0.1834,-0.6054,-0.6571,-7.3008,-2.8985,-3.2772,1
-0.1530,-1.3761,-0.2543,-11.9522,-12.3031,6.5559,5
-0.0868,0.8204,1.0976,10.2428,2.0655,16.4704,0
0.2664,0.8987,-1.0080,8.4245,2.1441,-13.2973,1
0.5770,0.1525,-0.3564,2.1718,1.9479,6.3564,2
0.1199,-0.1166,1.2441,-1.1470,2.5938,-3.0960,0
-0.2950,-1.3465,0.1632,-11.8821,7.2054,6.4913,5
0.5474,1.0607,-0.4250,3.6118,-11.4171,-3.6593,4
-1.1479,0.5762,0.5284,5.1672,-20.5106,15.5014,3
0.6610,-0.9051,0.2060,22.3394,-11.3516,-9.6049,5
0.5495,-0.8792,-0.6058,-179.7458,-63.8670,82.9829,6
0.4871,-0.3822,0.9172,-2.0135,24.4268,5.5637,0
0.2263,0.7325,0.0875,22.0571,-13.6552,9.2795,4
-1.2185,-0.2482,0.6716,-1.2616,-1.7782,0.7595,3
-0.8768,-0.4101,-0.6717,7.0858,-1.6104,0.7656,3
-0.4818,-0.9470,0.1916,-7.9145,-7.4235,-2.6321,5
0.3448,-0.8007,0.6706,-1.3809,-16.5681,-3.9348,5
-0.3730,-1.1184,-0.4784,-8.6519,-2.5918,-19.2488,5
-0.4730,0.2902,1.0572,-5.0297,-0.4215,-21.6824,0
0.4310,-0.7437,-1.0422,2.9252,-0.4204,8.0408,1
0.1154,-0.0920,-0.8734,3.5432,10.7484,18.1497,1
-0.0670,-0.1350,-1.1338,-166.2228,-42.7574,99.5554,6
-0.9360,-1.0602,0.0370,3.1701,20.3468,-10.3616,5
-0.3765,-0.7352,0.0531,58.8562,42.1479,24.8206,6
0.4438,-0.2798,-0.7793,75.7168,133.4531,-77.6171,6
-0.5481,-0.3604,-0.3661,-0.1892,-0.8129,2.1444,3
-0.8261,-0.2214,-0.6060,15.2824,9.3207,2.6911,3
0.1629,-0.6933,0.3891,213.0298,-96.0698,10.8960,6
-0.4713,0.0833,0.5030,1.2951,1.0833,1.6398,0
-0.6028,-0.1532,-0.9468,-1.4532,-6.4477,5.8910,1
0.4474,0.9429,0.5488,0.5927,-1.5485,1.0116,4
0.3263,-1.0841,-0.8091,7.2017,-5.9741,9.9428,5
0.9584,0.4839,-0.2565,-8.9874,7.4442,19.3861,2
1.0775,0.3722,0.7649,-0.4801,-1.4461,-1.9382,2
-1.1643,-0.0671,0.6757,-5.7450,-19.3354,-7.9160,3
0.2137,0.4232,0.2907,-140.3016,-144.0686,59.3617,6
-0.4703,-0.1897,0.5962,-2.7103,15.7006,15.5653,0
0.5498,0.5397,-0.1848,-7.3920,-8.9869,-6.3430,2
-0.7436,0.0013,-0.7281,2.9315,4.2679,-0.1969,1
-0.0575,0.1948,0.9471,-5.9511,2.0160,-0.6666,0
-0.1310,-0.8305,-0.2427,49.1964,-157.0701,-77.0556,6
-0.4939,-0.0618,-0.8877,-0.3800,13.2341,7.3306,1
0.8312,0.3400,-0.4718,14.8360,7.4099,10.7024,2
-0.8366,0.4266,0.6841,-2.3345,-6.2153,28.7578,3
0.5496,0.0551,-0.8931,9.9950,17.8457,-4.7072,1
0.2198,-0.4696,-0.9500,-13.5111,11.8174,-8.7644,1
-0.4375,0.4249,0.7012,-14.2905,3.3615,-2.2672,0
0.4527,0.5263,1.2162,-3.9320,2.7046,0.3785,0
-0.5443,1.2103,0.3368,18.0742,-10.9760,12.2061,4
-0.3305,-0.4764,-0.7737,-1.7730,3.8476,1.6224,1
-0.2443,-0.4157,0.6776,66.4212,112.4016,-25.7099,6
0.1128,-1.1146,-0.8500,7.6909,7.5546,1.7160,5
-0.9381,0.0499,1.1778,-3.4782,14.7773,-4.6990,0
-0.3867,0.7548,0.3467,-4.0441,-4.8591,0.1683,4
-0.8751,-0.5732,0.9160,71.9302,35.4464,-111.4788,6
0.3078,0.7631,-0.2090,13.0669,14.7615,-1.2525,4
-0.5900,-0.8039,-0.0524,-3.0863,12.4892,-4.1451,5
-0.2572,0.1858,-0.5868,20.7888,1.5651,-6.2310,1
0.2775,0.7773,1.1306,-5.1253,-3.2479,-6.6486,0
0.0648,0.6155,-0.3609,-5.3582,-0.8676,4.7315,4
-0.9748,-0.2731,-0.7150,15.2599,-9.1710,-13.5281,3
0.2029,1.3352,-0.3950,-16.7717,-16.1600,10.2136,4
0.7809,-0.6021,0.4936,-0.4698,-0.0991,-0.1601,2
-0.4003,0.7876,0.2292,-4.2452,7.1282,-2.4721,4
-0.3489,0.1896,0.7709,9.6932,10.7129,9.6019,0
-0.6647,-0.3875,-0.9178,-22.3249,7.4415,6.3078,1
0.2386,-0.0379,0.7573,22.5677,13.4586,2.9645,0
-0.6256,-1.2618,0.0778,0.1166,-15.0112,-2.5706,5
0.0544,0.8427,-0.0689,4.4653,-23.1873,-9.4852,4
0.7374,-0.7739,0.5634,-18.6692,-131.3294,-102.5982,6
0.1358,-0.8048,-0.1205,-134.7192,110.2749,-158.9931,6
0.5091,-0.6122,1.0906,-118.4750,74.0197,-54.7357,6
0.4695,1.2231,-0.1861,-13.7470,4.7565,8.4433,4
-0.7198,-0.5228,0.3716,-0.6691,-0.4162,1.4767,3
-0.5898,0.9021,0.1288,6.8796,1.5077,0.2465,4
0.2318,-1.1887,-0.4675,0.4677,9.4694,-0.3919,5
-0.4555,1.1945,0.6738,-8.0175,9.2915,15.2519,4
0.1962,-0.4913,-0.7718,19.3511,14.2358,6.8118,1
1.2371,-0.6471,-0.0269,15.7198,-4.9877,4.4141,2
0.2523,1.2088,0.2329,-6.8086,6.6445,-23.9443,4
1.3010,0.4258,0.0507,9.8192,22.1684,-4.1931,2
1.2492,-0.5907,-0.0984,21.0467,-14.6748,14.2279,2
0.4165,-0.6190,1.1894,5.0608,-3.7055,7.1064,0
0.6506,-0.3985,-0.7004,-10.5268,16.8255,0.4032,1
0.7115,0.1877,-0.7866,8.7122,23.6311,5.0911,1
-0.7436,1.0066,0.8193,-9.3277,-14.1006,-19.4869,4
0.4041,-0.2634,0.9281,7.5092,3.8382,-4.3149,0
-0.7091,0.6547,-0.0936,27.2349,-12.1176,-2.5668,3
0.0414,0.9643,-1.1750,-1.2894,20.3298,7.7399,1
-0.6975,0.1293,0.2637,18.0650,0.9055,-2.2180,3
0.2132,-0.0352,-0.8701,-54.7301,166.2373,-45.9191,6
0.0106,-0.7763,-0.3837,10.3803,-2.9166,18.5068,5
0.0669,-1.2519,-0.2189,-20.1934,70.3494,-79.7466,6
0.1813,-0.7122,-0.2228,-2.4762,-19.7933,-13.2452,5
0.9156,0.6067,0.4697,-10.1441,-0.4761,-8.7661,2
0.6372,-0.0191,1.2165,-7.1111,8.4178,-6.6041,0
0.0582,-0.1506,-0.8615,-22.8380,0.6680,0.9939,1
0.2752,-1.0570,0.9687,12.4362,8.8162,12.5573,5
1.1119,-0.2351,-0.8566,14.9561,15.3658,8.4751,2
1.3119,-0.5546,0.3181,-5.7568,-7.2248,-27.0245,2
-0.4597,-0.3392,-0.9285,26.6269,10.5777,-4.6309,1
0.5107,1.2076,0.0823,-1.4887,-1.9572,-0.0877,4
-0.2825,0.4752,0.5960,7.7931,-16.7794,21.2460,0
-0.1283,0.9319,0.7616,-3.7032,0.9066,-0.9750,4
-0.6216,0.9469,0.4978,-145.3477,-157.5654,-31.8253,6
0.8293,-0.4812,0.7097,-9.8479,-3.8489,-3.1359,2
-0.0304,-0.2578,-0.8891,2.1672,15.0201,-20.8208,1
0.2997,0.8725,0.9627,1.4342,-0.2605,-6.3583,0
-0.4272,-1.1274,0.4261,8.1251,-16.1401,4.1800,5
0.7082,0.7275,0.4787,25.7569,1.8413,9.4638,2
-0.1583,-0.7813,-0.4119,100.1949,-55.2914,-181.9010,6
0.0096,-0.2994,0.6814,1.5954,17.4012,-6.2631,0
0.6120,-0.1828,-0.6456,0.3792,-2.0825,-0.0052,1
0.5190,-0.7878,-0.1349,10.1339,-23.3337,2.2996,5
1.3199,-0.2245,-0.0959,13.0607,11.3951,9.7651,2
-0.6239,0.2150,0.3549,17.9061,-1.9195,3.8540,3
-0.2128,1.0703,-0.7647,19.3386,-11.3231,-8.4061,4
0.3022,-0.0412,-0.9684,1.7972,-5.9386,10.4633,1
0.6672,0.1681,0.7913,-23.0342,-0.3740,1.4635,0
0.0641,0.9856,-0.0811,7.7181,-1.9386,-18.3084,4
0.7800,0.8313,0.1740,6.3707,24.0753,6.2076,4
-0.6805,-0.0499,-0.2882,3.5756,-22.2046,6.2337,3
1.0523,0.9280,-0.3890,37.9025,-65.8594,188.4013,6
0.0011,-0.8257,-0.0350,-0.2298,0.0782,-0.1517,5
0.0265,-1.3747,-0.1962,-12.9840,-1.7745,-9.5134,5
-0.3172,-0.7714,0.5892,1.8141,2.4161,-8.6709,5
-0.3679,0.8910,-0.8712,-2.9581,-0.5909,-2.7516,4
0.5105,0.7151,0.2264,1.5029,-2.9126,22.1151,4
-0.4299,0.5177,-1.0675,-6.5197,-18.9808,-2.4740,1
0.4867,1.1482,0.0008,3.1843,-10.2836,-3.2998,4
0.7321,0.2221,-0.4177,4.8281,-4.8095,0.5079,2
0.3348,0.2933,-0.6657,-9.7642,-6.5351,-4.8740,1
-0.4337,-0.9997,0.0867,-89.9280,37.6294,10.9026,6
0.9714,-0.7301,-0.3544,14.5752,-11.2271,-7.7498,2
-0.6090,0.6253,0.4995,-0.1586,10.0599,7.4573,4
0.1334,-0.2397,0.7353,17.0421,-0.1232,14.6539,0
-0.2429,0.6269,-0.7331,-4.3403,-5.0929,-6.4733,1
0.6524,0.2768,-0.8940,5.6088,-2.6439,-3.6428,1
-0.6729,-0.6627,-0.4097,-20.5804,4.6154,3.8027,5
0.8850,0.3867,-0.3444,6.4967,-1.6066,0.6440,2
0.3475,-1.0422,-1.0383,-0.1568,-9.9232,-1.1183,5
0.2184,0.1706,0.9325,-8.3703,16.0368,-1.5141,0
0.9282,0.2231,-0.1516,-17.1572,3.6877,-16.9263,2
-0.8713,0.3614,0.3623,-0.5920,-0.0769,-0.3502,3
-0.7302,0.1430,0.1687,-0.5796,-5.4432,-3.3905,3
0.1134,0.4318,-0.7917,1.5419,25.4707,-3.0177,1
0.9193,0.1381,-0.2684,-9.0914,-0.7229,10.5872,2
-0.8741,0.2125,-0.1529,-12.3226,-16.9029,-20.6352,3
-0.2507,-0.8314,0.5533,-12.7838,-10.7934,15.3064,5
-0.6778,0.4383,0.2618,-16.0438,8.1879,-7.2170,3
-0.1375,0.1151,-0.7555,19.7720,132.8436,-128.4077,6
-0.5484,0.4671,0.8531,-31.0819,111.3951,80.7258,6
-0.1650,1.4880,0.3494,147.6994,-19.4619,105.1733,6
-0.3906,-0.5167,-1.0996,13.6776,-0.8996,-6.9252,1
-0.0979,0.1803,0.8841,-22.4027,-13.1964,-5.5837,0
0.1227,1.3276,-0.6166,-4.2263,2.4019,5.7363,4
-0.4364,-0.5848,-0.2020,0.7366,11.8711,7.7629,5
0.5933,-0.7843,0.2310,9.6522,7.2387,0.6640,5
-0.2396,-0.7839,0.4589,1.8856,-3.6534,-7.2903,5
0.1550,0.9374,1.0122,11.9759,0.1955,-2.3236,0
-0.4835,-0.7637,0.6832,-0.2558,-0.0625,-0.4030,5
0.3767,-0.9404,-0.5333,-4.2904,-2.5391,1.4726,5
1.3111,-0.5896,0.1377,0.0595,-0.7837,-0.2227,2
-0.0931,-0.8202,0.5379,-1.7473,-0.1270,0.1743,5
-0.7322,-0.2957,-0.4106,14.2457,-21.7305,6.3828,3
0.3015,-0.1224,-0.7458,-0.4755,8.1101,7.1115,1
-0.9301,0.1082,0.8342,1.1501,0.7108,-0.9940,3
-0.6845,0.2474,0.5340,6.8940,8.5637,6.0742,3
0.3791,-0.3705,-0.5811,2.9063,15.4102,2.6124,1
-0.3856,0.6676,0.4236,-8.0975,-9.9640,6.7258,4
-0.4390,0.8627,-0.8141,8.7141,7.3259,15.6452,4
-0.4449,-0.5383,0.3613,-114.0867,39.2241,5.4049,6
-0.3142,-1.2765,-0.4842,2.0134,-20.1362,10.1790,5
-0.3402,0.5280,-0.5566,-51.9591,163.1395,-31.5153,6
0.0229,0.9404,0.2975,-13.0286,14.6275,10.8094,4
-0.0269,-0.6433,0.5902,-6.0594,-4.1177,6.6511,5
-0.5434,-0.4023,-0.3980,3.8975,-12.9276,2.5962,3
-0.3284,-0.6225,-0.2949,188.9088,43.3567,-57.0461,6
1.0685,0.4698,-0.1243,48.2239,-74.1796,-53.8277,6
-0.3228,0.8328,0.4533,0.2257,-0.0639,0.4706,4
0.8840,0.4002,0.6333,-5.0193,-5.4827,-2.0100,2
0.6772,0.8385,0.5460,-103.5043,89.4482,-164.7628,6
0.2103,-0.8985,-0.8085,10.7084,2.8675,21.3791,5
0.1840,-0.8828,-0.0900,12.3497,-3.2753,25.1931,5
-0.6522,0.8080,-0.4648,18.9617,18.8124,-6.2351,4
-1.0656,0.2296,0.7714,18.5538,2.2639,-6.0371,3
0.9740,0.4871,0.4503,-49.6226,-60.6555,-38.5602,6
1.2073,-0.0097,-0.5572,11.8308,-12.4221,-4.1691,2
0.7145,-0.7921,0.9502,4.6188,-4.6267,2.3831,0
0.4867,0.6974,-0.7132,-42.6847,-31.1333,-100.7329,6
-0.3270,0.9564,-0.1590,0.8926,-6.8157,-21.0207,4
0.5135,-1.3377,0.0115,4.7049,-13.7664,-1.2440,5
-0.9950,0.1250,-1.0697,-20.5825,17.0987,9.6718,1
-0.8473,0.3916,0.3657,-8.9413,-14.5432,17.6269,3
-1.0359,0.7115,0.6358,-1.6349,8.5546,16.1597,3
-0.4936,0.0558,1.0444,-2.2427,-20.8786,-2.7097,0
0.3977,-0.4149,-0.6444,-3.1253,13.3732,-8.9893,1
1.0213,0.1678,-0.1264,-0.7059,-1.8072,-2.1015,2
-0.0207,1.1826,0.1179,-12.8028,-26.0938,7.2802,4
1.0133,-0.3345,0.0005,-1.6247,0.1076,0.5444,2
-0.3383,-0.0125,-1.0292,-3.7559,-5.9495,-10.8435,1
-0.6635,0.4757,0.0110,13.7306,-2.0678,2.6576,3
-0.0906,-0.2152,0.9716,0.3005,-4.4244,-21.2368,0
0.8729,0.1496,0.3312,6.1536,-2.4969,-4.9484,2
0.2099,0.9040,0.4168,8.6948,-0.1702,-13.8475,4
-1.1256,-0.9242,0.4044,-0.7171,0.5230,-1.1980,3
0.2736,0.2166,-0.6611,0.7266,0.7272,0.8054,1
0.6691,-1.0222,-0.7238,-9.3464,118.5170,17.6056,6
-0.7046,1.0196,0.5021,0.9194,-0.4218,-0.3844,4
-0.2984,-0.7048,-0.5321,-2.8715,52.8751,109.0380,6
0.4057,0.5379,0.3318,11.1603,19.8929,10.2630,4
1.0154,0.3622,0.2543,1.1767,16.2643,-18.7575,2
-0.9519,0.6664,-0.5146,25.2508,-13.3785,-6.4306,3
-0.3763,0.3832,1.3296,-0.9839,-4.4253,-5.9609,0
0.1953,0.6449,-0.2263,3.7250,0.9476,-0.0043,4
0.6474,0.1172,0.5735,18.9263,8.1905,-18.6866,2
-0.6937,1.0660,0.2981,4.6202,7.8322,-2.6813,4
-0.6823,-0.6811,0.2945,-5.1246,4.0588,-6.0733,5
-0.5389,0.5116,-0.7907,-5.0824,11.7977,14.9617,1
-0.1380,0.2386,-0.8871,0.8426,3.7902,1.7529,1
0.6623,0.4223,0.6573,-0.2845,0.4026,-0.0403,2
-0.1906,-0.3504,0.7207,3.8948,3.7479,-1.7473,0
-0.7807,0.6245,-0.0086,-0.6665,2.1803,1.7534,3
0.1091,-0.1642,-0.7329,14.3190,8.5890,-22.5795,1
-0.1074,0.9909,0.6727,0.9899,-0.5435,2.1655,4
-0.3439,-0.6760,-0.4466,-3.4053,-6.6754,-10.7350,5
0.6436,0.7975,0.7106,-18.5644,4.0534,-3.8169,4
-0.6585,1.1966,0.5088,5.7676,3.0820,4.4848,4
0.1366,0.3378,-1.1453,10.8065,-2.9214,4.1042,1
-0.1405,0.7756,0.4444,-3.7964,-6.4090,-15.1568,4
0.8148,-0.7146,0.4376,-4.3076,-12.0906,-12.2127,2
-1.1558,0.8251,-0.3311,0.6482,-0.0788,-3.5505,3
0.9514,-0.7648,-0.1450,16.3317,7.8075,18.6991,2
-0.1837,-0.7811,0.5152,14.7629,-0.2491,-5.3785,5
0.5649,-0.1388,-0.6836,8.0214,8.3951,3.4206,1
-0.7882,0.0687,0.5568,158.3945,-88.8215,134.2547,6
0.1821,0.1588,0.7908,1.6632,-0.1285,1.8093,0
-0.2700,-0.5424,-0.7066,-2.1083,1.5005,2.0012,1
-0.2443,0.9083,0.5166,-2.3958,22.4043,-19.6892,4
0.5197,-0.0973,-0.8610,-6.2081,-8.8045,18.0954,1
-0.1337,-0.1586,-1.3277,5.9814,-1.4450,16.9701,1
0.9623,0.1664,-0.6964,-121.6616,-65.5215,46.0786,6
0.6130,-0.2261,0.7940,-5.0711,17.9107,-5.4324,0
-0.0581,0.6771,0.3281,-5.5069,7.4777,-14.0080,4
0.4500,-0.5385,1.2165,-0.1550,-9.9441,-10.6809,0
-0.2519,-1.1894,-0.5627,1.4633,6.3827,10.6839,5
0.7269,0.2938,-1.0950,2.9072,20.7738,-15.0652,1
0.7601,-0.7175,-1.1003,77.6638,123.9339,-15.2640,6
-0.4627,0.5411,1.2698,-24.0913,7.6784,9.9255,0
-0.3778,0.9990,0.8891,-85.3571,85.2341,48.7908,6
0.0775,-0.6355,0.5138,2.1977,-11.7329,-22.6181,5
-0.8297,-0.9002,0.4527,17.1268,-0.1842,-5.7827,5
-0.8758,-0.5648,-0.0208,-98.2115,-131.4077,-58.8827,6
-0.7596,-0.7642,0.3336,3.0291,9.1623,-12.7365,5
0.7906,-0.0383,0.1886,15.0880,13.7548,-19.1992,2
-0.5714,-0.2211,0.2729,-219.5885,79.4756,-13.4659,6
0.3158,0.7889,-0.7529,23.4801,-189.5603,-32.2618,6
-0.7303,-0.6742,0.8760,47.3564,-47.5565,80.5222,6
0.7075,-1.0130,0.1341,11.1196,-13.2827,-0.5915,5
0.7409,0.8781,-0.2255,1.3716,-0.6292,-0.5550,4
0.2068,0.7780,-0.2064,27.5811,7.5698,5.8589,4
0.7448,-0.3174,-0.1849,8.7680,3.5635,-19.6985,2
-0.7449,0.9031,0.0891,6.1125,12.1609,-13.7333,4
-1.0072,-0.0061,-0.3513,180.7070,-13.4098,1.4910,6
0.5837,-0.4505,0.1926,-1.6351,-7.1450,0.2018,2
-0.1453,0.7814,0.7287,-84.0831,-4.7804,47.7092,6
-0.7388,-0.0549,0.9702,0.7209,-0.8386,-0.0102,0
0.5202,-0.2171,0.6075,-7.1596,8.7260,3.5312,0
0.5393,0.3995,1.1909,-9.0897,181.5844,-23.7326,6
1.3890,-0.1832,0.0283,0.6578,-18.7960,0.4828,2
0.8300,0.4020,-0.3450,101.4909,83.0385,57.8715,6
0.3846,-1.2356,-0.3672,0.8211,1.0877,1.5347,5
0.7277,-0.7591,0.1901,-188.5962,-34.4178,-123.5786,6
-0.8848,-0.6747,0.1524,5.3298,2.0006,-3.0671,3
0.5409,0.9796,0.4070,1.1767,-8.1730,0.7388,4
0.5544,0.1478,-0.9576,19.1681,-2.4187,-15.0890,1
-0.5702,0.1706,0.3768,18.7719,-7.5687,-17.5093,3
1.0961,-0.0667,-0.2150,-8.2272,45.1379,39.8550,6
-0.2876,-0.4700,0.6613,9.2548,34.9438,110.9127,6
-1.2587,-0.4417,-0.4070,-17.5527,-214.9941,-120.9536,6
0.9073,-0.0745,-0.2415,-99.2785,186.5744,-95.4095,6
0.5571,-0.2022,0.9818,8.4215,-18.2438,156.8825,6
-0.6316,-0.4926,-0.0073,-13.8391,-10.0169,-1.2681,3
0.4781,1.0642,0.5071,144.8142,-111.7513,-33.9510,6
0.7419,-0.8480,-0.1830,140.9158,177.4742,-60.2888,6
-0.2007,0.8246,-0.0182,-1.3140,-21.2594,-15.8506,4
-0.8875,1.0847,0.4821,-1.6455,0.8089,0.0936,4
-1.0214,0.3089,1.0745,-5.1245,-2.6321,1.6295,0
-0.7593,0.2911,-0.7676,-0.4761,23.7808,-1.2632,1
0.7709,0.0853,0.2503,0.0126,-0.3808,-5.0228,2
-0.0171,-0.2193,0.7821,15.1920,7.7020,-15.4012,0
0.5085,-0.2130,0.9130,5.3519,-11.5085,-4.7899,0
-0.1248,0.7443,-0.0694,3.3448,-9.9017,1.6576,4
0.3311,-0.6200,-0.0030,-2.5905,-10.2108,11.6260,5
-0.7366,-0.9617,-0.8711,-8.8682,5.3881,4.2933,5
-0.1289,-1.0118,-0.1865,-0.6934,2.9428,6.0305,5
-0.4635,-0.8444,0.9901,2.2566,-0.4248,-0.5158,0
0.6170,-0.1965,-0.4221,17.8559,-4.7776,8.5779,2
-1.2940,-0.3421,-0.4637,-2.2611,1.9125,10.2832,3
0.6190,0.3369,-0.5548,-1.9617,11.9979,-21.7379,2
-0.9823,-0.6469,-0.4283,2.6078,4.8654,-1.0894,3
-0.5763,0.7237,-1.0156,2.2378,-0.6897,-2.7753,1
1.2783,-0.1088,0.4706,-2.7967,0.4451,0.2169,2
0.1615,-0.7252,0.1500,-3.6878,-0.8224,-0.9365,5
0.8317,-0.1324,0.1496,-14.0776,-11.3341,-13.6354,2
1.1384,-0.0206,0.8450,-2.0961,-18.8245,7.3879,2
0.8256,1.0066,-0.1459,3.6361,22.4847,10.5224,4
-0.6943,-0.4509,0.1802,4.1848,-0.0329,-5.8377,3
1.0057,-0.8287,-0.1602,73.0065,59.7378,25.1759,6
-0.7102,-0.5908,0.1561,3.5119,1.7067,4.6902,3
-0.0775,-0.6990,0.8454,0.7037,-25.3717,10.0963,0
-0.9061,0.4942,0.1844,17.7269,-12.6052,-9.3323,3
-0.6316,0.8365,-0.6503,-2.4542,11.1122,-17.0321,4
0.4001,0.8152,0.6245,0.8133,11.7360,-3.6565,4
0.3045,-0.5252,-0.4564,0.2908,0.6021,-0.1153,5
0.5532,-0.7997,0.3930,-11.0011,-1.5249,17.9211,5
1.0722,-0.2471,-0.5288,-0.7064,-0.8309,1.2546,2
1.1635,0.2957,-0.8354,11.8201,1.0187,-2.9083,2
-0.0834,0.7936,-0.5882,6.0134,3.8861,16.8180,4
-0.3364,0.8652,0.5243,5.7178,-0.3212,13.9472,4
-0.5977,0.6289,0.8639,156.4053,-192.1682,-28.9636,6
-0.9427,-0.2461,-0.8928,-1.5009,4.0092,0.7465,3
-0.4638,-0.6260,0.2914,-10.8994,-1.5036,12.2829,5
-0.7118,-0.3688,-1.2078,-150.8212,48.1162,-92.8281,6
-0.0771,-0.4278,-1.1183,-0.4533,-12.3598,24.5224,1
0.0399,-0.3402,0.8197,-1.7103,-7.4740,-11.0483,0
-0.8928,0.0271,0.2517,139.4287,-55.6265,35.9948,6
0.6323,-0.3004,0.0478,-16.8485,-10.3028,-1.3126,2
-0.2862,0.9914,0.1233,-121.0937,29.8763,25.2135,6
0.3244,-1.1382,-0.5861,-0.0850,1.1441,0.7876,5
-0.1870,-1.3339,0.2960,-20.4897,-14.6134,4.2863,5
-0.7596,0.0839,-0.0640,-3.7717,1.6295,-3.4713,3
0.0092,0.5531,0.0734,-66.6881,-118.9460,155.7553,6
-0.2941,0.8111,-0.7197,73.9448,2.5203,-37.1041,6
-0.6480,-0.0125,0.8014,-1.9718,-4.6756,-0.0655,0
-1.0725,0.0787,-0.9051,108.9609,-21.5931,64.5202,6
-0.0244,-0.6785,-0.5034,7.9991,-19.8310,-15.3201,5
-0.8969,0.1293,0.8066,-3.5176,3.1922,-18.2702,3
0.5351,0.2290,0.4650,14.2310,2.7824,13.6130,2
0.5926,-0.2848,0.5835,4.8563,0.0362,-12.8017,0
0.8099,0.0056,-0.1286,-3.3720,-6.0309,-3.2028,2
0.1126,-0.1256,-0.6105,24.5317,-41.4144,-97.5634,6
0.8806,0.2273,-0.9163,2.3205,0.2195,-20.3551,2
0.9239,0.5788,0.2808,-7.7472,5.8225,3.3752,2
0.4971,0.6762,-0.4595,1.3844,-7.7938,-4.5320,4
0.6586,0.1796,-0.8806,-5.7236,-1.7948,-0.8481,1
-0.7645,-0.0780,0.5125,-14.1307,6.7738,5.4284,3
-0.2224,0.6603,0.2053,-7.9163,-23.2940,71.4077,6
0.5042,1.0742,-0.3610,-74.3700,40.8331,25.6153,6
-0.9543,-0.1273,0.7325,6.9111,11.7929,22.5690,3
-1.3184,0.2458,0.2916,-146.0663,53.5233,112.5051,6
0.3038,0.5674,0.7471,-87.1715,-143.2833,27.9459,6
0.7243,0.2518,0.4755,12.8167,-7.0377,-5.5846,2
-0.1463,0.5195,-1.0710,3.3960,20.9929,-9.5177,1
0.7524,0.0621,1.0654,-55.5631,215.0808,-37.8317,6
0.2824,0.9252,-0.8799,1.3599,0.3684,3.1363,4
-1.0536,0.0574,0.9603,1.3700,7.9181,4.8026,3
0.0003,0.6314,0.2831,12.4968,-10.4970,-16.6600,4
-0.2594,-0.4308,1.3100,15.1992,12.8001,2.0742,0
0.4079,0.5074,0.2952,-0.6901,-2.0887,6.9660,4
1.1390,0.0063,0.2675,21.3702,-4.3733,9.5568,2
0.3550,-0.2842,0.5583,-5.1502,-0.0187,-6.0389,0
-0.6524,-0.5808,0.3372,-90.3201,66.5252,-76.8522,6
-0.6157,-0.0741,-0.7802,-4.0695,-4.2292,2.0274,1
0.0065,-0.1286,-0.9225,2.7744,-0.7871,-0.2037,1
-0.3323,-0.0504,-0.3961,42.4841,-4.6516,137.1852,6
-0.2400,-0.6632,-0.9161,-7.2240,4.3673,5.1060,1
-1.0470,-0.0856,-0.3144,18.8905,4.1720,-21.4466,3
0.7441,0.5656,1.0909,-1.2520,-10.3571,0.3490,0
-0.3279,-0.3125,0.6586,6.4445,-12.0588,13.2624,0
0.1919,0.9354,-0.6072,-2.3876,2.2574,-9.4257,4
-0.5063,0.0920,-0.5336,-2.3611,2.1675,1.8187,3
-0.5357,-0.5297,-0.6551,38.9270,135.1315,-7.3324,6
1.3841,-0.2114,0.0307,0.7395,14.6592,-3.2202,2
-0.6063,-0.0131,-1.2169,10.9983,-3.9057,10.4449,1
0.0515,0.3145,0.7772,18.2423,5.1519,-7.1046,0
0.4812,0.4249,-0.3935,-174.7184,39.8604,48.3606,6
-0.7636,-0.1052,0.3835,-0.7401,1.5341,2.5802,3
0.2880,1.0567,0.2231,11.7244,10.2252,-4.2487,4
0.8028,0.2269,-0.5757,-0.4727,-4.7100,1.9295,2
0.4981,-1.1751,-0.0220,-1.4906,-9.4875,-1.3228,5
-0.5020,-0.6369,0.5316,5.7111,-7.8882,-14.1044,5
-1.1831,-0.1544,0.2568,-3.9506,-2.7378,-1.2189,3
-0.1297,-0.6843,-0.1587,14.2547,-17.5110,-7.6729,5
-0.8170,-0.2557,-0.8561,-38.7884,-56.5886,30.0507,6
0.5119,-1.0400,-0.8174,16.9430,2.5836,-20.4144,5
-1.2531,-0.4635,-0.0542,5.3116,24.7913,8.2246,3
0.2322,0.6485,0.5520,10.4649,12.6575,10.5402,4
-0.1195,-0.8185,-0.2671,6.8683,-0.5559,-21.6421,5
-0.5511,-0.5815,0.1596,-1.2012,2.3114,0.3293,3
1.1244,-0.2504,0.7641,-4.8581,5.9598,-7.4923,2
0.8185,0.1013,0.6278,0.4516,-1.5514,-2.8831,2
-0.5050,0.8175,-0.2874,-1.9963,0.8782,7.6556,4
-0.4238,0.6852,-1.1770,-0.4916,-15.9211,-4.7708,1
1.0494,-0.0156,0.2538,9.7053,-0.1885,16.0258,2
0.0759,-0.0215,-0.7019,139.9740,133.7044,147.4012,6
-0.0121,-0.6201,-0.8529,-3.5483,22.0161,3.3469,1
-0.3749,-1.1021,1.1891,26.0108,-42.7947,-214.6174,6
0.3221,0.7099,-0.4310,2.2903,-2.9911,22.8231,4
1.2286,0.8075,-0.1370,15.0576,9.7133,-1.8551,2
0.3607,-1.2461,0.3641,15.4680,0.0949,-9.4677,5
0.1631,0.3158,-1.1417,0.6057,-5.6086,-0.6293,1
-0.3094,0.4813,-0.7009,-0.0225,-0.0139,-0.0088,1
-0.5607,0.6146,0.0393,-8.3010,26.4742,2.4224,4
-0.5961,0.7267,-0.0793,5.2273,-26.7852,-3.8878,4
-0.2184,-0.5916,-0.6367,-7.2007,7.2413,-3.4948,1
-0.7983,-0.5489,0.1670,-1.2596,0.7148,-0.7217,3
0.5482,-0.1093,0.5500,-5.5547,-0.0171,4.9782,2
-0.6515,0.4382,1.2353,7.0086,-8.3250,1.4357,0
0.2098,-1.4464,-0.3619,11.0269,126.1407,-69.2071,6
0.2362,1.1245,0.8827,-2.7460,-2.5848,-1.5240,4
0.1142,-1.0136,-0.4088,0.3463,0.7424,-2.0324,5
0.9486,-0.1003,-0.8935,-21.0936,-4.4687,-13.4158,2
0.2453,0.6196,0.6120,14.5778,22.0284,-4.4734,4
-0.0076,-0.4506,0.9285,-100.2805,123.0757,-10.4301,6
-0.0163,0.4454,0.7848,2.0441,-9.0670,-1.4352,0
-0.0379,-0.4911,0.9818,1.5045,-2.5381,1.6358,0
0.5639,0.5585,0.3854,2.0337,3.9034,5.6239,2
-1.3718,0.2692,-0.0804,-5.6015,6.2995,-6.7001,3
-0.0518,0.3838,-0.6347,-0.2718,-13.3928,6.5673,1
-0.2862,-0.8540,-1.1379,-8.9087,13.2810,-8.2913,1
0.2591,0.2712,-0.6288,2.1548,0.1895,3.9163,1
-0.0876,0.6932,0.3253,24.7563,-0.7140,-0.2275,4
-0.4744,-0.2344,0.6004,-10.3989,18.9288,5.4988,0
-0.2538,-1.2119,-0.6329,0.1863,-0.5736,-0.0599,5
-0.9471,-0.0852,-0.2453,-6.3578,-1.5382,-1.3651,3
-0.3820,0.3858,-0.6261,-3.6861,-9.3403,-11.5288,1
-0.8157,-0.6581,-0.7337,10.6489,13.3947,-9.6509,3
0.3932,-1.0347,-0.3594,2.9954,154.6586,80.3453,6
-0.7946,0.2065,-0.9330,-23.4243,8.1419,-5.7401,1
0.4578,-0.1422,0.9723,13.1595,3.0683,-16.4160,0
0.3733,-0.3935,0.6288,110.1291,-6.6517,-43.8583,6
0.2112,1.1867,0.5514,-7.2211,13.7175,0.4920,4
0.6715,0.0662,0.7399,-8.2917,3.5374,-12.2970,0
-0.0683,0.4544,-0.9948,22.1845,12.7924,-6.4452,1
-0.2336,-1.0385,-0.2040,-2.8524,-4.2133,-0.8891,5
-0.3704,1.1676,0.2683,-11.4287,-4.9306,-6.3965,4
0.0777,-0.1121,-1.1171,8.5374,-10.1586,15.6524,1
0.1430,0.4309,0.8016,0.2805,-8.8568,-1.7292,0
0.6417,-0.3494,-0.7353,-15.5943,9.0470,-9.8809,1
0.3872,-0.1829,-0.7330,24.8428,-12.6083,-5.9533,1
-0.0313,0.8323,-0.4887,-157.0679,96.8894,-71.6139,6
-0.4634,1.2911,0.1602,6.7102,-4.6890,12.6104,4
-0.5223,1.0423,0.9522,-10.9771,4.9527,0.8552,4
-0.0290,-0.0764,0.7587,-15.4354,-7.9313,-4.5360,0
-0.3862,1.3569,0.2371,-15.7841,1.6091,-21.4938,4
-0.9458,0.2612,0.7624,1.2200,-2.9610,-1.8233,3
-0.3452,-1.1143,0.0765,8.7212,1.3697,-2.2419,5
0.0991,-0.9474,-0.4232,94.0143,115.7102,86.4015,6
0.0434,-1.2416,0.3117,-25.7060,4.4068,4.7507,5
0.8782,-0.5316,0.5959,-4.5299,-9.7222,-4.5472,2
0.4230,0.3623,1.0727,56.9155,15.4478,114.0582,6
-0.1939,0.2294,-1.1387,10.0911,3.8921,-1.8870,1
0.7088,0.2361,0.4966,-2.5775,-0.6384,-0.4339,2
0.4797,0.1140,-1.2721,-4.1638,-25.0053,-7.1580,1
1.2885,0.3669,-0.4098,-2.8387,-11.0550,11.1057,2
0.0076,-0.7358,0.3941,-7.5349,6.8787,12.8420,5
-0.6637,-0.5389,-0.1783,-1.8903,-0.1090,2.0791,3
-0.5512,0.0648,-0.6302,7.0143,-3.6724,22.0792,1
-0.6048,-0.4977,-0.5546,9.1492,12.5704,-14.4766,3
0.1539,-0.8278,0.7709,0.4903,1.3499,0.5996,5
1.3147,-0.1553,-0.5733,-129.2384,-178.1802,115.4150,6
0.5968,0.3451,-1.1252,-8.8535,-20.8575,10.2101,1
-1.1014,-0.6317,0.3582,40.6443,51.6580,96.4609,6
-1.1174,-0.3939,-0.2677,-1.7717,-17.4514,-1.0346,3
-0.0709,0.6423,-0.2248,86.5585,86.0610,10.1375,6
-1.2104,-0.4000,-0.2341,-24.1091,-15.8592,1.3485,3
0.3830,-0.8775,0.6735,110.1811,23.8135,-44.9218,6
0.2963,0.6137,-0.4364,-2.6749,17.7352,8.7865,4
1.3670,-0.0380,-0.1192,-0.7330,10.2688,12.2829,2
-1.0706,0.7359,-0.3442,11.7212,1.9801,-0.1198,3
-0.1012,1.2552,-0.1090,0.3943,-0.6967,-13.4274,4
-0.0067,-0.0493,-0.6450,-10.9601,-5.5586,0.2915,1
-0.4901,-0.1954,-0.9500,0.9986,-2.1799,-2.7296,1
0.8332,0.2634,0.3932,24.6568,-74.0644,-63.9024,6
0.8427,0.7633,0.6869,0.1751,-2.4484,3.3938,2
-0.2085,-0.6588,-0.2379,-2.4231,6.7553,-1.4933,5
-0.3684,1.0042,-0.6008,-9.9558,-10.8533,-16.1493,4
-0.6493,0.3999,0.0297,-6.0147,-0.7554,-13.8644,3
-0.5187,0.8664,-0.0157,8.3684,-2.0770,-9.9617,4
-0.9143,0.0631,0.3199,-10.5579,15.5497,-12.8023,3
0.5382,-0.9467,0.1912,9.4764,-16.7535,8.5947,5
0.7487,-0.0663,0.7931,3.7352,4.4484,0.0602,0
0.3791,-0.2486,0.8501,-11.3118,19.8326,7.4661,0
-0.4140,-0.4993,-0.6235,6.3238,0.8233,20.0030,1
0.3388,-0.3305,-0.5139,-18.8486,-0.7739,-13.1022,1
-0.1727,-1.1447,0.6128,-8.3725,-11.0446,-2.2822,5
0.6789,0.4229,-0.6111,0.8745,-3.1764,-4.1385,2
-0.6154,0.1997,0.7960,0.7946,-4.0802,-17.4208,0
0.4399,0.6694,0.4103,-20.3832,13.7820,-1.2351,4
-0.3785,1.1078,-0.0300,-7.5472,3.5960,-1.8227,4
-0.2518,0.5933,-0.8600,0.3008,0.1222,-0.3368,1
1.3563,0.6053,0.2510,6.4327,-1.7893,4.6901,2
0.3365,0.0155,0.8258,5.4818,-0.4908,3.1207,0
-0.2357,1.1083,-0.0596,-9.2863,-15.7272,7.5707,4
-0.7853,0.5359,-0.5866,0.6789,-0.6148,4.1112,3
0.4017,-1.1707,0.3188,40.3870,92.5260,-85.7468,6
0.8832,-0.1313,-0.3842,7.2671,12.2291,-22.1920,2
-0.6335,-0.2522,-1.1273,47.7318,84.7684,-126.3291,6
-0.3806,1.3281,-0.3868,-0.5232,-3.6279,0.5962,4
0.8721,-0.0645,-1.1331,-4.1231,-0.2247,-4.2213,1
0.7164,-0.7599,-0.4329,21.4264,-11.0096,-0.0504,2
0.8104,0.6108,-0.1428,-20.6760,11.5383,9.1116,2
0.1085,0.1639,-0.8888,-14.2044,-5.3370,12.8827,1
0.0096,-0.1876,0.8870,115.8025,-173.2191,-49.3764,6
-0.0270,0.5163,0.7451,-7.7266,-18.7712,6.0559,0
-0.3824,0.8014,-0.2997,-201.0207,34.7636,142.0273,6
0.5883,-1.0804,0.1188,2.9044,-4.3744,-0.2346,5
0.1285,0.1237,-1.3540,4.1623,1.1671,12.3196,1
-0.4428,1.0866,-0.6547,1.5473,7.4878,7.7356,4
-0.3050,0.1262,-0.7947,-0.3622,-0.2079,0.0088,1
0.4005,-0.9311,0.2800,-1.7443,-0.0279,-0.4645,5
0.3034,-0.2591,0.4555,16.9700,19.0241,61.3184,6
-0.0252,-0.6833,-0.4463,9.5866,13.1246,-2.1384,5
0.1205,0.9883,-0.5248,-15.3205,-17.8462,10.6520,4
-0.3147,0.5440,0.2602,-3.8506,-5.9496,13.2802,4
-0.6849,1.2700,0.1799,8.5549,4.4624,3.9853,4
-0.3119,0.1695,1.0245,-1.1466,-2.6337,5.1887,0
-0.7210,0.1372,0.4960,63.4995,106.2629,-140.8634,6
0.5783,1.0539,0.0347,-2.9302,-3.5601,12.3504,4
0.7260,0.6215,-0.9179,-3.0667,0.8004,7.2623,1
-0.4991,0.5590,1.0675,-24.5606,7.6116,125.9907,6
0.1265,0.4884,-0.5133,13.1966,-6.3777,-16.9441,4
0.8693,0.2179,-1.2645,-5.0983,8.1872,-8.0676,1
-0.6397,-1.1013,-0.2516,-10.2806,6.3366,-3.8515,5
-0.7465,1.0296,0.3754,-117.0659,-107.2751,179.7551,6
0.0543,-0.0964,0.8296,6.7966,3.4849,23.8330,0
0.3674,0.5604,0.4977,0.9471,-4.5990,-0.7785,4
-0.9911,-0.7291,1.1571,7.1295,64.6584,4.9581,6
0.4741,0.7734,0.7065,-16.7215,-145.8921,34.3930,6
-0.4510,-0.0725,-1.1181,6.2838,1.9399,4.4837,1
-0.6786,0.8976,0.7122,-2.9538,9.7922,1.4190,4
0.8183,-0.0189,-0.8944,9.3179,-9.1427,-19.1099,1
0.9138,0.9484,-0.3864,-9.8830,-6.2230,13.4079,4
0.6678,0.3583,0.2654,-15.2325,-0.7723,-1.9519,2
-0.6426,-1.0806,-0.4746,4.6020,3.9918,-17.0428,5
-0.6990,-0.5825,-0.9734,-14.3274,4.5647,-13.5688,1
0.7879,1.2415,-0.3195,22.2593,3.9666,12.7296,4
0.5225,0.5104,-0.3542,-23.2918,0.6972,-3.3457,4
0.5695,0.6891,0.1208,-7.3531,10.2017,21.9689,4
0.7393,0.1659,-0.9905,9.8629,13.8825,19.3315,1
-0.9454,-0.3275,0.2637,36.4905,-39.0286,-184.4715,6
-0.6994,-0.3246,-1.2327,0.4263,-0.0521,0.0202,1
1.2734,-0.0824,-0.1260,162.5953,-84.4178,-51.0531,6
0.5145,-0.0574,-0.4761,4.6495,-5.4578,9.6272,2
0.9021,-0.0187,0.6664,62.2901,95.5620,127.2154,6
-0.6706,-0.3036,-0.4095,9.0311,-20.1207,3.7850,3
0.5841,0.5663,0.7288,-0.8155,-0.9297,3.3349,0
0.6095,-0.6824,0.0692,-101.0818,92.2625,-113.6957,6
-0.0156,0.3867,0.7121,1.9477,8.5377,12.5712,0
1.2413,0.3879,-0.7984,-1.7740,-1.8275,-3.1535,2
-0.3788,-0.0523,1.2893,5.1720,1.5546,5.6456,0
-1.0813,0.3513,0.1389,18.4439,2.6070,-15.1324,3
-0.7478,-1.0784,-0.2607,0.8223,-2.6438,23.4648,5
-0.6317,1.1572,0.6156,4.0677,11.4137,-3.5656,4
0.1775,0.0153,0.7484,1.2549,2.6941,2.0653,0
-0.9185,-0.6840,-0.2734,-4.4960,5.5938,-23.6920,3
-1.3083,0.2210,0.0757,-17.6748,-15.8717,-1.5002,3
1.3080,-0.6800,-0.2052,-20.9338,-20.1949,-3.1503,2
-0.3642,0.6377,0.3891,-23.8844,0.6973,5.9325,4
-0.7810,0.8753,0.1420,-0.5509,-7.3112,-0.9752,4
0.9064,0.2900,0.5944,5.7725,-1.5949,-0.4628,2
-0.9023,0.7534,-0.4316,-0.0892,0.1627,0.1293,3
-1.0579,0.0960,0.8762,8.3025,-19.9399,2.0856,3
0.4215,-0.3523,-1.0291,17.7223,108.4190,-18.8231,6
0.8099,0.0085,0.3089,-3.3058,-0.0689,-1.5990,2
1.0477,-0.4122,0.2846,-6.0108,-0.7637,8.2303,2
-1.0751,-0.0592,-0.1912,31.3088,30.9022,176.5993,6
-0.0909,0.2321,-1.3574,7.5765,-18.4853,3.2922,1
-0.1136,0.0134,-0.6868,-0.6708,-0.0977,-2.2573,1
-1.0908,-0.1103,0.2571,24.7756,10.9129,-1.3801,3
-0.3022,-0.2752,1.3332,-0.9013,9.3762,21.1674,0
0.1261,0.1541,-0.7806,0.5744,0.8879,0.0073,1
-0.7694,-0.5902,-1.1587,4.7101,-44.2325,204.2402,6
-0.8507,-0.4214,0.2956,-9.2743,-3.1600,15.2759,3
-0.7377,-0.6405,0.5468,22.1944,-198.3020,-82.0337,6
0.6743,0.4482,0.0572,12.5025,20.0760,-4.1722,2
-0.1929,0.6864,-0.2381,23.4775,-3.2352,-2.4200,4
-0.3439,0.0717,0.8836,82.1292,-77.9791,189.1140,6
0.6166,-0.0692,0.3879,-0.7707,6.0244,16.0449,2
0.1390,-1.4575,-1.0779,219.6964,42.5099,52.0761,6
0.1604,-0.7695,0.2365,114.8503,36.3486,-177.0692,6
0.2296,1.0267,-0.2469,24.1300,-188.5978,91.6256,6
-0.3011,-0.0305,-0.9781,-16.1061,-12.6987,10.5979,1
0.7907,0.9038,0.2999,-1.6529,-7.7856,-7.6260,4
-1.0749,0.5835,-0.0010,-11.9025,-17.2097,8.3667,3
-0.2983,0.7899,-0.2823,4.2743,24.0036,-0.3954,4
0.9925,0.0535,-0.6057,-27.4639,-8.2686,5.9556,2
0.9773,0.0142,0.2566,-0.4284,-9.8252,-3.5807,2
-0.0454,-1.2741,-0.3246,7.4814,-7.1544,7.4737,5
0.6569,-0.9697,0.4989,-12.1154,-17.9742,-7.7572,5
0.1755,-1.2022,-0.2740,0.0833,1.0039,0.5448,5
0.2027,0.6512,0.7405,3.2389,-1.5885,7.4300,0
0.3255,-0.8961,0.4966,-13.5333,25.1786,-6.4971,5
0.0882,-1.2910,-0.1885,2.6279,19.5257,1.5314,5
0.0703,0.2528,-0.9404,3.0726,0.2651,-0.1844,1
0.7233,0.2918,-0.4379,4.4863,-6.5139,3.2324,2
0.4260,-0.8859,0.5076,2.5943,-0.9986,-1.2177,5
0.7862,0.1353,-0.2693,20.7765,5.2977,-12.2751,2
-0.0995,0.7599,0.6494,6.1507,-0.5172,-4.4207,4
-0.5570,0.2789,0.4750,21.2595,-4.2302,-3.8737,3
0.5701,0.4582,0.5091,8.7876,-4.2442,-6.0101,2
0.6346,0.7358,0.3054,-9.3043,-9.2214,-3.6475,4
1.2919,-0.2282,0.4021,-6.7158,-8.8126,-10.2914,2
-0.7252,-0.8136,-0.4152,110.1228,25.9362,88.8870,6
0.3516,0.5923,1.0969,11.0531,-3.0955,15.8827,0
0.9613,0.5546,0.4977,-2.7935,1.2507,0.2523,2
-0.3454,-0.0262,-1.3654,-9.8992,19.6021,9.8410,1
-0.7637,-0.6888,-0.6004,79.8240,-16.2241,-149.7421,6
0.7213,0.9075,-0.2732,142.4817,-72.6570,-166.0683,6
0.9584,0.9822,-0.2585,-17.5728,3.1290,4.9630,4
-0.5160,-0.6705,-0.3725,1.4348,1.8521,5.0266,5
-1.0989,-0.5163,0.8898,-2.7653,-13.6761,3.4307,3
-1.0120,-0.9687,-0.2327,-12.9990,-13.2760,-9.7370,3
-0.0194,-0.0792,-0.7919,3.3700,1.1660,13.6734,1
0.4964,0.4315,0.5145,-3.1430,-1.3906,-19.9543,0
0.6304,0.3339,0.2157,-5.9381,-11.2052,8.4662,2
-0.8257,0.2388,-0.5075,15.7443,-7.2133,16.2674,3
0.2814,-0.2056,-0.7970,-0.3920,0.0501,0.4497,1
-1.0011,1.0121,-0.4968,1.2898,-3.2857,2.9307,4
-0.0835,-0.8390,0.3496,4.9582,9.5794,4.9939,5
0.2158,1.0106,-0.9062,7.6628,1.6947,12.1946,4
0.9309,-0.0953,0.6060,-5.1133,-1.1306,-5.0305,2
-0.8783,0.7690,-0.3462,208.3909,51.4894,58.9865,6
0.2408,-1.1895,-0.3824,8.0276,-15.0380,-7.9888,5
-0.8576,-0.4140,0.1532,0.6535,-3.7953,4.6462,3
1.1116,-0.1159,0.5915,5.0118,-4.6735,-3.7026,2
0.2453,0.1276,0.7514,-6.3965,-2.4966,1.7961,0
0.3498,-0.1242,-0.7066,1.2079,10.2683,9.3757,1
-0.8119,0.2357,0.7571,-14.2375,0.0695,1.2287,0
0.9711,0.4598,0.6461,-23.2334,-13.6931,4.0365,2
0.2052,1.0853,0.1067,-12.4736,-6.9678,-13.1009,4
0.3647,0.0021,0.9376,56.9957,-102.1629,-42.9913,6
-0.6166,0.8962,0.2986,13.4173,-5.6413,-7.9962,4
-0.2036,1.0151,0.4506,-4.6758,-13.7265,-2.5440,4
0.3496,-0.7339,1.3586,-66.3800,-207.4958,-95.2463,6
0.3152,0.7352,0.3566,2.5029,-27.2161,-6.7160,4
-0.3958,-1.3742,0.1019,1.6163,-1.9329,0.0839,5
0.7782,0.1214,0.7499,14.7964,-3.9956,-16.3827,2
-0.7007,0.2187,0.2694,-2.6902,3.7005,11.4025,3
-0.8715,-0.9121,-0.5906,-0.7297,1.0003,-5.3051,5
1.1114,0.3549,-0.3897,11.3547,-1.5021,-14.3827,2
0.3796,-0.3354,0.7377,107.4746,30.6634,203.0910,6
-0.7025,0.6741,0.9190,70.3077,167.2307,73.3242,6
-0.9771,-0.6007,0.8357,3.8846,9.9632,21.4246,3
-0.3057,-0.4614,0.6860,175.4093,65.6617,1.7502,6
0.6375,0.6879,0.8412,24.5239,-8.1458,-13.0558,0
-0.7927,0.0126,-0.1905,-14.5241,13.7421,-8.1913,3
-0.9164,0.2377,0.1609,-2.1526,-10.8479,-13.8474,3
-0.1431,0.8239,-0.9876,-1.2916,6.4607,0.8676,1
-0.0953,-1.0392,-0.9352,-4.2812,26.4816,10.7692,5
0.6634,0.3362,0.1070,17.4298,11.2554,3.5901,2
1.2479,0.1036,0.4073,-0.1363,-1.8682,-5.4372,2
-0.9310,-0.9224,-0.0169,-3.2359,16.0914,12.8989,3
-0.7602,-0.7185,0.1884,-11.8911,2.6488,14.3892,3
-0.1927,-1.0392,-0.5227,9.8552,4.0934,-15.1629,5
-0.3500,0.3223,-0.6962,-71.9562,70.7045,-57.1276,6
0.6577,-0.7770,1.0732,0.0535,0.5904,0.4313,0
-1.1348,0.3016,0.2901,7.0706,10.6320,-13.8073,3
-0.2646,1.3061,-0.6136,-9.1376,0.9917,0.3524,4
0.0321,-1.1920,-0.0682,12.0944,15.7057,18.0316,5
-0.0680,-0.6354,0.2823,-11.2681,10.7818,19.7930,5
0.2111,-0.0780,1.0132,0.4788,-0.3086,0.0403,0
-0.8073,0.1028,0.8300,16.6648,3.5655,-4.6856,0
0.8228,-0.7240,-0.4368,-2.9535,-17.5385,-3.2089,2
0.8541,-0.0823,-1.1655,-25.3901,-6.7861,-11.3805,1
-0.0649,0.7304,-0.4718,-16.7539,2.6649,-2.2717,4
0.7712,0.1717,0.1936,-16.4916,-16.1915,-9.0152,2
-0.3751,-0.3996,-0.7506,1.7001,-21.4378,-13.9833,1
-0.6459,-0.0605,0.0435,-93.7163,-211.9153,-61.3926,6
-1.0743,0.6988,-0.1281,-2.0121,-10.5052,-14.7577,3
1.0030,-0.4981,-0.4896,2.1631,12.1419,7.1050,2
-0.1082,-0.1474,1.2509,-8.7651,123.0233,-170.9716,6
-0.6666,-0.5816,-0.2081,-0.3115,0.4182,-0.5217,3
-0.8430,-0.9930,-0.5901,21.7706,0.1759,-17.6666,5
0.1590,-0.9323,0.1113,17.0330,8.1466,10.9102,5
0.0800,-0.5624,-0.6150,-10.3912,6.6948,-4.2505,5
0.9951,-0.3338,-0.7070,13.4928,23.7194,5.2400,2
-0.1605,1.1456,0.3490,0.3796,1.4227,-3.3124,4
0.6539,0.7782,1.0888,0.4391,-11.6074,-14.3605,0
0.7635,0.3422,0.8899,12.4209,1.3325,8.8825,0
0.8477,-0.1944,-0.0377,-9.2119,1.1674,1.9266,2
-1.1817,0.2513,0.0830,0.3085,16.5485,9.5974,3
1.0431,-0.4769,-0.2407,-13.0827,-0.1245,15.1175,2
-1.0331,0.0564,0.7041,-2.7346,10.2633,19.4261,3
-0.3363,0.8959,0.1391,-2.9787,1.1885,-14.3770,4
-0.6278,1.3328,0.1986,-30.5894,-52.8778,-4.3914,6
-0.4910,-0.7600,-0.0554,-31.5581,-114.6553,-47.9570,6
-0.7523,-0.7024,0.5154,22.9244,-0.9552,-0.4401,5
0.8806,-0.1038,-0.4465,4.0285,-1.8565,-3.1239,2
-0.2700,-0.3746,0.6759,-21.5884,-7.9793,4.7797,0
0.3967,-0.8355,0.7801,-4.5665,8.7190,-1.5025,5
0.5501,-0.4584,0.2928,10.3463,-4.4252,6.1352,2
-0.7510,1.0836,0.4089,21.8963,12.2317,-5.7016,4
-0.3896,-0.7166,-1.0149,-2.7815,-13.4077,-14.6530,1
-0.3580,-1.0422,-0.1673,-9.8533,-15.6290,130.4245,6
-0.7276,0.2782,0.0615,-3.0227,-5.5602,-3.1742,3
-0.8548,0.1679,0.7931,-10.9203,6.4360,-4.3315,3
-0.1036,-0.8930,0.0251,-4.0147,2.0771,-8.6740,5
0.0473,-1.0459,-0.9001,-6.8691,-3.9038,13.0068,5
-0.8505,0.6422,-1.0882,16.8496,-40.8996,48.5395,6
0.1841,0.4616,0.5757,-4.2364,6.0366,-4.6139,0
0.1847,-0.8176,-0.2334,-10.3785,-64.7496,104.6744,6
1.1450,-0.5230,0.2364,-3.1770,-5.0238,-0.4147,2
0.0748,0.4534,-0.7297,-7.0991,-1.8714,-3.3482,1
0.8979,-0.5596,0.3827,0.0310,-56.1410,-173.3011,6
0.6677,0.0125,-0.4853,-1.7463,2.5972,0.8754,2
0.4199,-1.1154,-0.3672,10.3661,-2.2747,-6.8111,5
0.1891,-0.4359,-0.7663,-1.2174,-7.7377,8.1005,1
0.1693,-0.8073,-0.3900,5.1108,-1.0848,0.6324,5
-0.6287,0.4207,-0.2237,0.2663,4.2900,3.7783,3
-0.3409,1.0769,0.3848,0.1414,0.0296,-0.3763,4
-0.5567,-0.6966,0.3186,-78.5231,60.7757,8.4369,6
0.9667,-0.4389,0.0246,94.4201,115.2402,-1.1326,6
-1.0816,-0.0615,-0.7521,-1.6585,24.9108,8.5945,3
0.8743,1.0180,-0.6036,6.5370,2.7586,20.4984,4
0.8408,0.2975,-0.2407,3.4919,16.4554,-3.4165,2
0.1653,-0.1479,-0.8111,-2.2381,4.1690,-3.0153,1
0.4708,-0.8717,-0.1654,-0.5984,-12.5777,-2.0598,5
-0.4958,0.7106,0.2349,-4.2343,-0.4503,-1.4207,4
-0.0245,1.1607,-0.4030,-8.6038,-11.1483,24.7825,4
-0.6887,-0.0825,-0.2171,18.1695,-18.1671,0.8018,3
-1.2801,-0.7864,-0.1156,-22.4557,-8.4629,8.8995,3
0.0973,-0.0554,-1.0965,-2.7952,9.6484,8.7449,1
-1.0960,0.9826,0.1606,-7.0872,0.8130,6.5035,3
-0.4794,-0.5563,-0.4456,1.2304,0.3320,0.1362,5
-0.4485,-0.1117,0.6645,-14.4824,11.9495,-8.6684,0
-0.0482,0.1839,-1.4066,4.7031,5.4607,4.0419,1
0.0537,-0.7381,-0.4365,-5.5857,-3.3667,-5.2508,5
-0.5019,-1.1339,0.6444,0.4085,-1.2768,0.1551,5
-0.2117,-0.5478,0.8644,60.5274,-98.5551,-36.9065,6
-0.0643,0.6180,-1.1278,0.1081,-4.3181,7.2405,1
0.7991,-0.6210,-0.4393,-6.7845,-5.5849,11.6866,2
0.7592,-1.0269,-0.1245,7.9629,8.8902,-10.3151,5
-0.2013,0.2015,0.8315,123.8635,-20.4655,-118.8607,6
-0.4123,-0.2834,-0.9022,7.4003,27.6862,-1.7262,1
-0.2723,0.6967,0.2801,10.0849,14.7742,1.1772,4
-0.7969,-0.2902,-0.6596,1.1748,-22.1586,12.2805,3
0.0953,0.7210,1.0149,17.1176,2.6195,1.2415,0
-0.6538,1.0571,-0.0316,-1.1904,-2.7815,-2.6282,4
0.0474,-0.6966,-0.1869,2.4916,17.3618,6.0378,5
-0.5219,-1.3829,-0.3452,23.9844,4.5593,-0.5030,5
0.3711,1.4393,-0.3141,-12.3810,-140.8408,-200.9694,6
0.4213,-0.2395,-0.9440,-17.4485,5.6426,15.5438,1
-1.0826,-0.1983,0.1670,-157.2621,76.5146,23.1536,6
0.0705,1.1073,0.0112,67.0905,106.7388,-70.7494,6
0.1569,0.5108,-0.2806,-38.4928,-101.4277,-192.5690,6
-0.6767,0.9069,-1.0242,9.3842,-5.7231,-17.5087,1
0.5793,-0.7432,0.6897,-11.8772,8.8038,9.0390,5
0.5751,-0.2123,-0.6240,14.4764,3.9262,6.2645,2
-0.8600,-0.6488,-0.5185,-5.7613,17.2454,-21.5945,3
0.0102,0.8371,0.3060,-7.1106,2.5535,-12.5569,4
0.6263,-0.4063,1.1723,-0.1693,0.1630,-0.1592,0
0.8306,0.0537,-0.6296,26.9366,1.4854,-4.6276,2
0.1573,-0.5581,0.6844,-4.9157,17.9426,-19.3204,0
0.4509,0.2574,0.6839,1.7725,-12.8823,-7.2538,0
0.5796,-0.5076,-0.2014,-2.4181,8.7382,8.5870,2
-0.3429,-0.7158,0.0703,7.1045,18.0615,-4.3422,5
-1.0106,0.6232,-0.8557,17.2743,20.3050,11.9742,3
-0.6763,0.3641,-0.0888,-6.8419,18.5659,-18.5275,3
-0.8846,0.6715,0.3835,-26.6753,67.5182,5.4522,6
0.8367,0.3368,-0.1654,-81.0206,92.3139,65.8858,6
-0.2419,0.3871,0.4737,-58.6186,-178.9078,9.0963,6
0.3188,0.8718,-0.1349,-8.1529,1.6214,-6.9644,4
0.7554,0.7639,-0.0960,-4.3947,-1.8476,2.6692,4
0.2332,1.0135,0.0718,-4.8331,4.1018,1.7149,4
-0.2654,0.4814,-1.2171,-4.0247,-7.0162,-9.8633,1
0.6397,-0.2553,-0.8632,-14.7037,13.6038,9.7055,1
-0.2262,0.2358,-1.1961,-3.5438,-1.5664,4.1372,1
-0.7571,0.5297,-0.1145,2.9028,1.9215,1.7802,3
-0.7604,-0.2539,1.1565,21.1994,-0.4803,-1.4138,0
-0.8242,0.5623,0.8810,129.8326,-128.5859,-117.0821,6
-0.1513,0.6558,-0.9343,-13.8847,0.2417,104.8599,6
-1.2238,0.7877,-0.0851,100.8997,2.1278,-213.7853,6
0.7054,-0.9410,0.2506,-22.3167,16.4327,6.1755,5
-0.2594,-0.5161,-1.3455,5.6519,1.2959,-15.5613,1
0.7086,-0.1925,0.2979,7.5562,-4.0395,-26.9425,2
-0.1772,0.9784,-0.8811,1.2089,0.6489,0.3518,4
-0.0434,0.5690,0.8261,-9.4505,-27.2880,-73.8956,6
-0.3094,-0.8194,-0.7140,-15.2595,-2.1223,6.4895,5
0.6964,-0.0009,0.1656,-8.2610,16.0576,5.6366,2
0.3089,-0.4987,0.3333,9.3080,11.0837,19.5934,5
0.6705,0.3461,-0.1658,0.3786,-0.6059,-2.1163,2
0.1545,-0.2713,0.8558,-7.4147,0.1600,-23.8119,0
0.8943,0.2053,0.0320,-110.9944,30.3746,27.1456,6
0.7429,0.0777,0.3859,-0.3094,0.3953,-0.0926,2
-0.5601,0.7458,-0.4002,3.1474,3.8334,13.0684,4
-1.3198,-0.4280,0.3596,-0.8357,9.7374,3.9353,3
0.6804,-0.3171,-0.0970,2.3766,-5.9871,-15.1202,2
-0.7048,-0.7948,0.2389,42.2141,88.5499,153.1861,6
-0.3961,-0.5154,0.7888,28.0252,1.5209,-4.5641,0
-0.2719,1.0953,-0.1660,-102.0727,140.8799,78.4910,6
1.2150,-0.0420,0.5156,-0.8538,-1.3410,15.6316,2
0.2117,-0.6704,0.5398,-14.6454,11.3708,0.9949,5
0.6279,-0.5038,-0.2992,69.2153,38.3235,74.1375,6
-0.6502,-1.0021,0.5462,95.0176,91.6786,-26.3101,6
-1.2524,-0.1630,-0.3095,12.5747,-19.1350,-10.4979,3
0.2178,0.0236,1.1744,-7.4776,-9.0482,12.6408,0
0.1898,1.3190,-0.4406,-0.3490,-0.0698,-0.2033,4
0.1708,-0.9235,-1.0573,5.8674,10.7505,8.7914,1
1.2108,0.0298,0.0425,7.3304,12.3421,-8.6514,2
0.6430,-0.3694,0.2980,1.4910,-3.8242,7.4933,2
0.8163,-0.2569,0.5025,5.9507,2.6308,-2.3576,2
-1.2699,0.6614,0.0726,14.8965,-9.6756,-2.6223,3
0.9030,0.4295,1.0106,-3.6347,-1.7594,1.7269,0
-0.7802,0.7905,0.7882,12.2062,-4.5557,-10.0265,3
-0.1618,0.2072,0.8233,-18.6758,-10.8952,-4.9478,0
0.1133,0.1512,-1.0379,-20.7500,-10.8797,7.8999,1
0.1020,-0.3359,-0.7395,-2.2407,-0.7226,2.0675,1
0.3528,0.6237,-0.6126,0.5068,-15.7682,20.8757,4
1.1985,0.4392,0.0389,-0.8567,-0.8007,0.7234,2
-0.3319,0.3858,0.6294,-1.6077,-2.5252,-3.0494,0
1.0095,-0.5733,0.5540,187.3010,19.3959,47.4760,6
0.2022,0.8443,-0.7816,-0.4341,-0.2302,0.4066,4
-1.1331,0.7489,0.0330,-0.7650,1.8636,1.1546,3
-0.9080,-0.1558,0.5894,-79.5883,-134.0365,-86.2200,6
0.5334,-0.7767,-0.9582,0.7771,0.3637,5.1318,1
0.0975,0.2103,-1.3755,-6.9657,-8.1507,24.5009,1
-1.0182,-0.3724,-0.9106,-11.8233,-6.6038,5.4069,3
-0.0628,0.0232,1.0323,-10.7146,-12.1065,23.2684,0
-0.9322,-0.7072,-0.1931,20.3755,2.9733,-5.2844,3
0.7760,0.5360,-0.5855,50.9530,128.2118,106.4810,6
0.0513,0.7265,-0.5085,-9.8763,-9.6285,15.0777,4
0.9176,-0.0422,-0.1803,80.8012,-211.9243,80.6592,6
-0.3922,0.4218,0.4540,0.9799,-0.4656,-8.5272,0
0.7606,0.1842,0.0264,-19.2697,-1.0347,-2.4656,2
0.8546,0.1000,1.0376,-89.6238,43.5981,-115.2641,6
0.2185,0.2999,-0.7601,-0.0831,-0.0432,0.0430,1
-0.2692,-0.6089,-0.6963,-0.8781,-8.6967,12.1106,1
1.0703,1.0125,-0.3707,-15.1543,-4.4163,17.9052,2
-0.2011,0.8391,0.4088,7.5563,-25.3786,-7.5133,4
-0.8854,0.1146,-0.9663,2.8645,17.6692,-19.2886,1
-0.6482,-0.7847,0.1773,2.2630,7.9382,-22.7831,5
-1.2295,-0.5867,-0.5829,-194.3708,-138.6656,37.0944,6
-0.3751,0.0116,-0.2802,-71.5476,-23.8662,78.9727,6
-0.4970,0.4159,-0.5322,-0.3545,-9.9549,12.9306,1
0.4880,-0.9353,-0.5826,54.0097,28.4275,-13.4479,6
-0.9961,0.8748,-0.5926,-13.7290,-10.0029,17.1915,3
0.4516,0.5568,0.5165,17.7467,6.8605,-14.6413,4
-0.1225,-0.0508,0.9402,9.6247,18.6758,13.5507,0
0.0200,0.9897,0.0949,12.6797,-14.7151,0.0706,4
0.2311,0.7743,1.3377,-3.0982,-6.8140,-5.9751,0
1.1742,-0.2945,0.3027,-2.2508,-18.4791,12.3385,2
0.7678,0.4083,-0.5768,3.7182,-2.7539,-18.6187,2
0.6028,0.8990,0.6653,-10.4046,7.2379,4.0072,4
0.0021,0.6422,-0.7273,-7.8631,6.9391,-83.1780,6
-0.2322,0.2302,1.2766,-2.3062,4.1326,2.7308,0
0.8276,0.3180,-0.1852,27.8288,6.3623,-5.0012,2
0.7631,0.7380,0.8165,-65.2348,27.4504,-72.4239,6
-0.1010,-0.5819,1.1128,-119.7667,39.0064,-17.9605,6
0.0103,0.6213,-0.1832,114.9038,40.6565,-46.1619,6
-0.1950,-0.9348,-0.2382,0.0842,-0.0320,-0.2327,5
0.6450,0.0514,0.5616,-14.8898,-12.4894,21.0594,2
-0.8240,0.2769,0.3258,0.4368,0.8643,0.6931,3
-0.2247,-0.0613,0.8444,12.8211,-11.9958,5.5607,0
-0.5334,-0.4753,-1.1161,4.4257,-1.4675,10.1669,1
-0.2076,-0.5619,0.6503,149.0733,-22.0373,-58.0173,6
1.0111,-0.6575,0.7630,2.3040,2.8113,-14.3679,2
-0.6386,-0.5344,0.4093,1.2958,1.3559,1.0391,3
-1.3503,-0.0600,0.2146,7.5345,4.0881,0.7199,3
-0.4676,0.4594,-0.5942,-7.5490,-50.5608,-94.3740,6
-0.2205,0.3237,-0.6489,-18.8510,1.5534,17.7066,1
-0.5368,-0.8033,0.8408,-6.2019,17.2891,17.9235,0
-0.8738,-0.5169,-0.5694,11.6827,-0.1667,-9.7210,3
0.3869,-0.3859,0.5705,0.0827,-1.0262,0.0134,0
0.2583,1.2789,0.2686,-38.5580,-110.0759,21.7285,6
-0.3117,-0.1854,0.9596,-20.3767,-0.8904,9.1099,0
-0.5889,-0.8568,-0.8140,7.2939,6.7887,11.1814,5
-0.1921,-0.8282,-0.7269,11.0585,1.9507,-21.7280,5
-0.6175,0.0900,-0.0594,216.2617,-42.0539,-64.8243,6
-0.7966,0.8223,0.0699,0.9369,-0.2535,0.1887,4
-1.0268,-0.3744,0.8098,-5.6911,-1.2495,-2.5226,3
-0.7982,0.0413,0.0592,5.5024,-0.0878,-2.3057,3
-0.2693,0.5861,-1.0054,10.3489,2.9836,-12.3642,1
1.1383,0.8813,0.2437,24.3404,3.0489,8.2405,2
-0.6497,0.5414,-0.2757,2.0649,4.2822,19.3282,3
-0.0349,0.6898,-0.5014,1.5632,1.5370,-0.4632,4
-0.2117,0.1647,-0.6903,2.2209,-8.4051,-25.1764,1
-0.2740,0.3274,-1.0256,6.8846,17.1689,15.8546,1
-1.1981,0.0484,0.3290,-14.4063,1.3141,-8.6082,3
-0.4121,-0.4364,-0.8835,2.4694,-9.5803,0.7284,1
-0.2750,-1.1993,0.2085,-54.3873,25.7208,-37.5454,6
0.0737,-0.5507,0.7047,7.0332,19.8660,-20.9103,0
-0.0217,0.7434,-0.0759,-12.0871,2.0169,7.8319,4
-0.9856,0.4388,0.7939,-0.0433,-0.0099,-0.0316,3
0.3925,0.2696,0.4926,94.0025,2.4395,8.5728,6
0.0170,-0.7211,-0.3908,-34.1154,-73.6224,-31.1752,6
-0.5184,-0.0595,-0.8316,6.8397,-4.5746,-13.1227,1
0.4129,0.7440,-0.4980,86.9032,-173.4934,87.0930,6
0.9149,-0.2218,0.0416,125.2474,45.8046,21.4618,6
-0.1820,1.1302,0.0023,1.5166,14.4345,-1.4048,4
0.3502,0.1425,-0.8731,-15.8188,3.8985,-0.6951,1
0.7799,0.3352,0.2410,-4.0205,2.6126,0.3820,2
-0.0594,-0.5442,-0.5711,-1.5038,7.0423,-1.8406,1
-0.4533,1.2754,-0.3403,-11.7891,4.8232,26.1016,4
-0.6289,0.2082,-1.2155,2.5386,-2.1445,-1.0680,1
1.3173,-0.4077,0.5422,81.5245,35.9821,63.8660,6
-1.1068,-0.8340,-0.7752,-9.2349,3.5367,85.3433,6
-0.0715,-0.8212,-1.1560,8.5038,-3.6335,-7.8849,1
0.8489,-0.0978,-0.2691,-10.5569,-192.4695,-40.5439,6
0.2656,1.2067,-0.6099,42.4996,-140.9207,-17.9129,6
0.9364,-0.1604,-0.4912,19.1396,14.8306,4.6838,2
1.3472,0.2191,0.5596,-103.2241,-148.3213,-140.8827,6
-0.6975,0.2615,-0.4072,1.6689,0.2002,-0.5348,3
-0.1858,-0.5506,1.1678,2.4651,-17.8705,8.3308,0
-0.1584,0.0419,1.2185,113.0952,40.0763,-80.6769,6
0.0327,-0.9436,0.4723,16.6736,1.2767,-16.8501,5
-0.7857,-0.9408,-0.3809,68.4513,-55.3079,101.7479,6
0.0386,-0.1909,0.7374,-12.4434,-7.3086,6.9292,0
0.3745,-0.3133,0.5614,185.2136,-5.8721,-166.8002,6
-0.1904,-1.2091,-0.5181,-0.5487,0.2381,1.2248,5
0.8229,-0.5465,0.1251,0.8510,-5.4883,-4.3599,2
-0.9161,0.2223,0.6465,-0.2183,-1.3464,-9.6429,3
-0.6681,-0.0334,-0.8422,-48.8773,44.8492,-4.9016,6
-0.1552,-0.0356,0.9069,14.8360,-7.3328,6.9364,0
-0.1572,1.1758,0.1449,-3.0284,-3.2905,1.9024,4
-0.0895,1.1459,0.9740,16.6474,-3.2358,0.9299,4
0.4634,-1.1946,-0.1737,0.5781,-20.0422,-3.0313,5
-0.0783,-0.8419,-0.1404,20.3472,4.2574,-9.2698,5
0.4093,-0.6937,0.3474,-12.5090,14.5647,-21.6462,5
0.6223,0.4835,0.2168,-12.1315,-8.1729,8.7080,2
1.4080,-0.2755,-0.3015,0.3414,-0.2221,0.0069,2
0.3135,-0.5303,0.4282,-0.6250,-0.3309,-1.1112,5
-0.3564,1.1809,0.3371,10.3288,2.0145,-12.8742,4
-0.3598,0.9358,-0.3375,-6.2638,22.9511,0.5189,4
0.4761,1.3067,0.0520,-11.9044,24.7239,7.9246,4
-0.0866,0.7968,-1.0425,5.0749,-0.2932,-0.4571,1
0.6090,-0.0176,0.5902,1.6384,9.9361,-16.8601,0
-0.1476,-0.0383,-1.4183,13.7683,-4.3877,-24.0621,1
-0.3348,-1.2818,-0.6908,2.8660,-4.7723,1.5288,5
-0.1682,1.4052,0.2431,37.3726,11.0745,58.7991,6
-0.0433,0.2750,-0.6929,-2.4711,-12.9271,0.7364,1
-0.2815,-0.6635,0.1184,9.3521,-12.3682,-2.1487,5
-0.2201,0.9375,0.1510,22.7160,10.1452,3.1935,4
0.0873,0.0152,-0.9458,-6.3254,8.6577,-1.2822,1
0.5121,-0.5102,1.0400,-1.3491,-0.5536,-2.9160,0
-1.2516,-0.2782,0.5604,-20.8465,10.5465,-3.2334,3
-0.3626,-1.0228,0.2199,-2.4908,3.0608,13.2540,5
-0.4442,-1.2766,0.5153,-12.2369,7.7686,6.3104,5
-0.3732,-1.0136,-0.8287,65.0195,171.1527,78.7673,6
-0.9184,0.6362,0.3569,-1.1625,-18.8469,-4.9996,3
-0.1603,1.3344,0.2233,-38.7989,-20.2446,-55.2974,6
-0.2768,0.9906,0.4142,-5.0504,-9.6915,-6.4039,4
0.3812,0.8722,-0.9793,1.7069,-8.3843,-14.4791,1
-0.3678,-0.3304,1.1694,8.4671,22.0653,-4.3834,0
0.9907,0.8786,-0.2672,21.5034,-8.6560,-6.5175,2
0.5041,-0.0935,1.0789,-1.5946,-3.8036,-0.5824,0
1.2964,-0.4334,-0.3982,-7.1939,-20.3629,-4.1702,2
0.4340,-0.9480,0.3470,1.5382,21.5016,-13.6540,5
-0.1479,-0.9404,0.2691,-0.8301,6.0131,12.0534,5
0.4264,0.0393,0.6340,-24.3078,4.6955,-16.1513,0
-0.9535,-0.4833,-0.5066,-0.0014,-0.1949,-0.1640,3
0.5319,-0.2543,0.4309,-3.7425,3.4161,9.4170,2
0.6899,0.5366,0.0708,187.1080,-110.3602,-69.8888,6
-0.1786,0.1368,-1.2768,2.6277,1.9013,-0.2477,1
-0.2373,0.0685,-0.9164,-0.5350,-0.1296,-0.9568,1
0.0085,1.2476,0.2406,-0.7957,8.5675,4.6986,4
-0.8887,0.1190,0.5701,-1.0015,4.6207,3.3005,3
-0.7871,-0.4890,0.8022,-12.1186,16.3786,3.4735,3
0.0292,-0.8821,0.0707,1.4694,3.8199,3.6975,5
-0.0248,0.0081,-0.7321,1.7716,0.8498,-0.7761,1
-1.1380,0.1702,0.5855,-5.4755,-4.6296,-2.0773,3
-0.4642,0.2029,-0.7595,-2.7835,-3.6974,-2.1051,1
0.2124,0.5549,0.4894,-13.3625,1.6363,7.7481,4
0.4284,-0.8284,-0.1166,-2.4086,-18.8635,-19.2427,5
-0.3775,1.2166,0.2747,-6.1961,-1.5236,-3.6144,4
0.4405,-0.8159,-0.0949,12.4766,4.3984,-21.8805,5
-0.2281,0.9083,-0.1706,1.7921,9.4556,-6.6894,4
-0.2118,-0.4463,1.3078,0.7451,2.8481,1.9562,0
-0.6414,-0.8618,0.4462,10.9578,-7.1998,-24.3102,5
-0.3977,0.8486,-0.4888,15.1517,-9.9420,-10.0877,4
-1.1833,0.8143,0.3709,8.4959,16.8569,4.7140,3
1.1494,0.0262,0.2823,-15.4563,16.2952,0.8300,2
-0.4711,-0.8266,-1.0208,23.5595,1.3873,-5.2848,1
-0.3824,0.8741,0.3053,8.9011,14.4121,-7.7608,4
0.5242,-0.3950,-0.8986,2.9854,0.8968,-3.2356,1
-0.0198,-0.1929,-1.2104,-9.1356,0.2044,5.7564,1
0.6128,-0.0288,0.3913,-0.8567,2.5521,4.9650,2
-1.1299,0.0386,-0.1360,-5.2962,13.7413,-2.2148,3
0.2657,1.1329,0.5149,-7.3602,5.0202,-8.0231,4
0.9911,-0.5574,0.0332,13.8649,-25.2085,-2.5429,2
0.7157,0.7197,-0.1038,-8.1576,-2.1514,6.2228,2
0.2459,-0.8705,-0.7529,6.6603,-2.6522,9.4879,5
-0.3630,0.7041,-0.0496,5.6407,-6.0301,-8.0830,4
0.0582,-0.9512,-0.2843,0.0074,-0.0292,-0.2085,5
0.7308,-0.5818,-0.4342,19.9163,20.5510,0.3590,2
-0.7364,0.0095,0.1586,-0.1051,-2.0307,-4.4665,3
-0.5219,-0.3185,0.9648,23.6458,0.4642,-5.9752,0
-0.5292,-0.1013,-0.8400,-4.3991,-14.8282,-6.1200,1
0.4001,-0.0756,0.9187,-7.4462,-4.6312,-19.7000,0
-0.6542,-0.3850,0.9774,13.1675,-15.9932,18.5965,0
-0.9265,-0.5430,-0.3396,21.0084,15.0213,11.7379,3
-0.4448,-0.5058,0.5720,10.1072,13.1400,3.6007,0
-0.1015,-0.1656,0.7230,-11.6349,-5.7277,3.9281,0
0.6121,0.8602,0.7756,-19.1251,-10.6916,-2.7818,4
-0.5042,-0.3194,-0.9062,-5.0738,-3.3758,-21.0328,1
0.5728,0.6672,-0.2275,-12.0994,-2.3006,2.6022,4
-1.1820,-0.4685,0.0519,-8.5761,4.3812,-6.6446,3
-1.2940,0.4746,-0.3733,-18.9237,18.1309,-7.4645,3
0.4408,0.9134,0.3519,-26.1451,7.9223,-3.2669,4
-0.7393,-0.0590,1.1310,0.7430,-0.3458,9.4276,0
0.5888,0.2917,0.6146,7.6364,-6.7270,-3.2760,2
1.2055,-0.4932,0.5221,-19.1346,-4.5896,19.7543,2
-0.4716,-0.0595,1.3319,14.6969,-8.5073,-17.3442,0
-0.7203,0.3191,0.3696,-64.7252,-88.4763,124.7359,6
0.0139,0.7829,-0.0758,-6.8159,4.9019,0.1566,4
0.5415,-0.1245,-0.4489,23.2324,9.4547,-15.0307,2
0.7686,-0.3186,-0.2415,0.9921,3.1218,2.1923,2
0.2218,0.7854,0.1264,2.4378,1.2055,-7.4772,4
0.9260,0.7890,-0.0808,-1.3109,-4.5780,-11.8938,2
-0.6715,-1.1523,0.1995,-0.3596,-0.6279,-0.3715,5
-0.5907,-0.2101,0.3544,9.9114,-96.0204,9.2054,6
0.2493,0.3661,0.1268,-53.8032,-50.3599,44.5264,6
-1.1481,0.3258,0.1870,21.2281,-4.8992,11.3203,3
-1.2913,0.5557,-0.0628,-1.4171,7.7271,5.4380,3
0.1121,-0.6549,0.3669,-6.3684,10.9171,-0.5268,5
0.2088,0.9386,0.0180,-1.8374,-6.5167,17.2511,4
0.8269,0.4990,-0.6890,-1.9443,-3.7548,12.4321,2
-0.4887,-1.1969,-0.5537,-0.3958,3.1652,-2.4472,5
-1.0291,0.1728,-0.4070,-4.2018,2.5516,-24.7591,3
-0.1536,-0.8061,-0.5885,6.7945,2.5877,0.9597,5
-0.0152,-0.3199,0.7551,-9.7112,4.1859,-4.1125,0
0.3757,-0.3802,1.0098,-1.6677,5.5911,-2.3998,0
-0.3968,-1.0820,-0.0985,-11.0446,-2.0907,-7.1787,5
0.7605,-0.0074,-0.8732,8.9532,2.8298,-1.8183,1
-0.1588,-0.5337,0.4463,9.8088,1.8280,-17.4662,5
-0.6538,0.6154,-0.0533,-1.8124,8.7766,13.4505,3
0.7978,-1.0749,0.0307,-5.7144,-7.4939,1.0142,5
0.5047,-0.1653,0.4428,-3.5778,12.2437,10.1190,0
-0.6500,0.7895,0.5241,-7.3346,1.8156,-2.2418,4
0.3052,0.5941,-0.3521,0.0671,15.9139,-1.0703,4
-0.6675,-0.6979,0.3857,11.1062,-7.0430,6.6944,5
0.3933,-0.5393,0.1795,2.0799,-2.5654,1.6580,5
-0.0067,0.2682,-1.3817,-157.3129,-99.7309,-6.8843,6
0.7325,0.7481,-0.8852,7.4354,5.8776,-7.6546,1
-0.7074,0.1701,0.0962,-6.3350,-0.3849,-0.7839,3
0.1282,-0.9642,-0.4191,0.8780,-20.6110,4.1501,5
-0.6422,0.2039,0.2080,-4.9460,6.8777,-9.1102,3
1.0753,-0.5589,0.4739,-17.4182,5.9497,5.1546,2
-0.0358,0.2915,0.9954,-0.0624,-0.9745,1.5842,0
0.1624,0.2373,-0.8685,-7.4497,-12.4068,-14.2397,1
-0.5068,-0.0063,-0.6814,4.5334,-1.1986,6.6059,1
0.1731,1.0078,0.6414,2.6283,3.9207,6.5576,4
0.1182,-0.7717,1.0581,7.8732,5.1951,-13.0130,0
0.1227,0.7813,0.8117,-9.4574,13.7598,-23.4027,0
0.1156,0.4809,0.8100,-1.7006,10.1006,-7.5667,0
0.1281,0.8786,-0.8046,88.7179,-44.8529,43.3597,6
-0.2211,-0.4797,1.1386,-1.4700,1.1256,14.8717,0
0.9349,-1.1256,0.1123,-3.4095,-6.9806,-1.8429,5
-0.0268,0.2069,-0.9381,0.6196,2.4417,-0.4036,1
-1.4708,0.1099,-0.1757,-19.0513,17.8273,-6.1470,3
-0.2103,0.2662,1.0153,6.1578,13.3000,-12.1553,0
-0.8810,0.0921,-0.5638,0.5485,8.9923,-24.8492,3
1.2031,-0.1118,-0.0383,-1.9867,0.6879,-0.2225,2
0.3497,-1.0738,0.6932,3.1118,1.6982,-1.7955,5
-0.0530,0.2101,0.7715,0.1301,2.8719,0.7092,0
-0.5046,-0.8334,0.1316,-9.8993,-13.1238,-3.6398,5
-0.3002,-0.4280,1.2699,-8.8712,-14.9917,5.8730,0
0.5534,0.5837,-0.2089,-23.0706,-15.4376,7.8621,4
-0.6391,-0.4464,0.0028,3.5383,14.4738,-8.6330,3
-0.6759,0.6960,-0.5286,-7.9658,14.3789,0.1105,3
-0.0698,1.0508,-0.8243,7.1704,8.0380,6.8966,4
1.0617,0.9755,0.1571,-0.0084,-5.9287,9.1320,2
0.6606,0.4155,0.7380,-7.4389,136.4327,167.2896,6
-0.2389,-0.9908,0.0857,-15.6495,-18.1007,7.4506,5
0.3900,0.3907,-0.8196,-13.9988,-7.2725,-8.9933,1
0.0941,-1.3216,-0.0766,5.9422,-2.8880,-4.2864,5
0.3167,-0.2360,0.8132,-10.5451,4.6348,12.0382,0
-1.0584,0.2836,-0.0505,-112.7330,142.4295,-122.3910,6
-0.5899,-0.4938,0.1128,2.1989,-14.7603,11.2461,3
1.3429,0.0490,0.3009,2.5928,3.1340,-2.0183,2
0.3609,-1.0829,-0.1748,3.0286,22.7045,11.1397,5
0.9041,0.3621,0.7281,15.0247,1.6521,-10.2349,2
0.7492,0.1356,-0.9037,0.4260,0.5285,-0.9904,1
0.0099,0.6886,0.8347,31.8447,-32.9341,-108.8755,6
0.8140,-0.1686,-0.7355,3.5612,-6.0236,1.2813,2
-0.3465,0.5884,-0.3573,4.3480,-0.0051,-7.8485,4
-0.2873,-0.4391,-0.8293,5.5796,16.3417,-23.9104,1
0.3823,0.5269,0.6638,-2.1077,11.4929,8.8783,0
0.1747,-1.0927,0.4776,-81.9416,-118.5634,100.8683,6
-0.3205,-1.2552,0.3688,3.3619,7.1089,-2.5898,5
-1.3838,0.0481,0.0235,19.4584,4.1927,1.7329,3
0.1417,-1.0394,0.7135,1.6123,-95.7148,-19.0947,6
0.8072,0.7227,0.3434,-10.9632,7.7853,-4.6537,2
-0.3353,0.0294,0.6043,2.6323,-3.8741,10.2571,0
0.5371,-0.3703,0.5258,0.1220,-1.8102,-1.4738,0
0.4745,-0.2047,-0.4810,2.4128,17.2230,-16.2057,2
-0.1874,-0.0404,0.8246,0.9578,-15.7033,6.1317,0
0.6445,-0.2650,1.3286,-0.8578,1.9088,16.4709,0
-0.7567,0.5431,-0.1082,18.3896,20.9760,-3.8368,3
-0.1484,-0.1837,0.9070,1.4500,-0.4332,-0.5646,0
0.7278,0.3154,0.3223,-13.1377,-0.6521,-11.7543,2
0.3063,0.0257,-0.9539,-1.1198,-6.6087,-11.8631,1
-0.4339,1.1607,-0.5804,-8.3170,-1.5544,-0.1919,4
-0.7835,0.6933,0.8717,-223.2603,49.3387,-85.2499,6
0.0720,0.3735,-1.0111,-3.7246,5.8489,4.1906,1
-0.7610,-0.4742,-0.7802,-49.9837,135.2766,165.7200,6
-0.6789,0.1561,-1.0062,-20.8959,-0.5763,-20.5645,1
0.1580,-0.8984,-0.2892,7.8767,11.8174,13.6401,5
0.2519,0.6516,0.1921,0.6824,4.2151,-3.3890,4
-0.0630,-0.4757,1.2341,-16.6738,-0.2537,1.8211,0
-0.8930,0.0525,-1.0827,-0.9704,-1.1470,-2.7942,1
0.1883,-0.3147,1.4366,26.4705,-71.5172,-180.0498,6
-0.9303,-0.8841,0.3643,-9.8965,-2.1882,-8.7014,3
-0.5347,-0.6835,0.0208,-8.3599,-19.2950,-15.1931,5
-0.8117,-0.9051,0.0450,4.0760,17.7228,2.4800,5
-0.0817,1.0721,0.7424,-1.2104,5.7607,16.8046,4
0.5349,-0.5783,0.1262,-10.6161,5.3994,-27.1006,5
0.7483,0.0891,-0.1877,0.2922,1.3634,0.6540,2
-0.5480,-1.1626,-0.5363,0.0070,-0.0323,0.0234,5
-0.9710,-1.0865,0.7101,11.7918,58.7672,212.6627,6
0.3220,-1.1142,0.2023,-2.3407,0.1654,-1.1153,5
0.5990,-0.0452,-0.6038,-22.5550,-15.5399,1.6297,2
0.3603,-0.7359,0.5477,98.9331,-10.5065,-142.9186,6
-0.7310,-0.0638,-1.0728,10.1541,1.2626,3.1464,1
0.6534,-0.1769,-0.1993,2.0175,-3.0771,9.5926,2
1.2814,-0.1447,0.2368,0.0882,-5.5595,-11.3089,2
0.6166,-0.5158,0.0656,-6.1122,1.0308,4.8320,2
-0.8551,1.1811,0.3440,-14.7874,93.3983,-215.1484,6
0.8964,-0.0176,-1.0182,10.3549,1.1753,2.9399,1
0.1555,1.4477,0.8761,-224.5413,30.0087,-8.5345,6
-0.8582,1.0914,0.5122,6.1778,-12.8644,3.6685,4
-0.7881,-0.4493,-0.4436,-10.9556,14.5532,5.4012,3
-0.8705,0.4308,-0.6776,0.5182,-0.1520,0.1054,3
1.0748,-0.7963,0.0862,-6.3316,3.6436,4.0351,2
-0.7048,0.5591,0.8205,16.8685,1.6183,-13.4326,0
0.6228,-0.1194,0.6047,98.9152,-54.7315,-147.8203,6
0.0491,0.7650,0.1990,6.5857,7.1829,3.1213,4
-1.0916,0.4767,0.1082,7.3092,-18.6108,-17.0983,3
0.8595,0.7385,-0.3553,80.7900,-60.3698,-64.4147,6
-0.9051,0.1660,-0.3693,0.0110,-0.0670,0.0832,3
0.4839,0.7077,-0.5479,0.3720,-7.0908,6.7645,4
0.4598,0.3175,-0.7899,64.5208,-46.0816,77.6282,6
0.9956,0.4532,-0.6447,1.0928,-2.9607,0.7827,2
-0.1459,-0.8368,0.3163,22.5793,10.5691,1.3152,5
-0.4074,0.5142,-0.3939,3.5862,1.7823,16.7938,4
0.8360,0.6272,0.8778,7.1668,0.3280,-1.0949,0
0.3027,-0.2283,-0.8495,7.6179,6.2049,3.8421,1
-0.2832,0.8491,-0.3054,-146.3266,-191.9496,4.8892,6
-0.8180,-0.4424,-0.4424,8.6963,3.2288,-20.8789,3
-0.4292,0.1586,-0.8698,-21.2810,-8.9193,4.1457,1
1.0982,-0.6673,-0.4116,-25.8562,-1.6049,-2.6322,2
-0.8356,-0.4230,-0.4626,1.3944,6.9137,-1.5087,3
-0.3639,0.0845,-0.8599,-195.9019,-40.8951,82.8533,6
1.1174,-0.1752,0.0056,-8.4800,-10.5232,4.0510,2
-1.3807,-0.0150,0.0655,-3.3580,2.7404,-6.6762,3
0.1212,-0.4755,-0.5550,-4.1150,-4.0491,3.3907,1
0.4875,-0.0600,0.0725,-45.8711,55.7274,198.1523,6
-1.0755,-0.2523,0.7956,15.1845,-2.6727,-25.3216,3
0.1689,0.7058,0.5858,-3.9613,-1.6030,2.2260,4
-0.3223,-0.7481,0.3723,-7.9850,-5.8847,9.9541,5
-0.0055,1.2253,0.3121,-4.6361,9.2070,-16.3200,4
0.3094,0.6377,0.6285,-6.3900,-7.1797,16.4453,4
1.1479,-0.6640,-0.4681,-1.8221,2.0230,-2.6471,2
1.1197,-0.6881,0.0709,-4.4838,-10.0744,8.9942,2
0.0134,0.3019,0.6855,0.1314,-2.3227,-5.3617,0
0.4338,0.7860,0.5334,-0.3167,-1.5653,-11.5800,4
-0.7399,-0.4384,-0.6885,13.8903,-68.4476,-37.4402,6
-0.6190,-0.6074,-0.3507,5.9430,2.1258,0.5641,5
0.6042,0.8893,-0.9402,-0.4665,3.5552,-10.0840,1
1.3288,0.1333,-0.5248,13.0040,-0.4872,10.5696,2
1.3404,-0.3611,-0.0580,-7.6670,-10.2098,-0.3599,2
-0.5359,-0.5705,0.8594,4.7915,5.0038,-4.6480,0
-0.0400,0.4315,0.6850,-5.9454,6.0251,-0.1133,0
0.0568,1.1082,-0.0856,0.7496,5.5825,-9.8630,4
0.4723,0.5328,-0.3617,-18.1058,-8.7522,9.5420,4
0.5774,0.8341,0.7465,-8.6324,-180.4192,114.3888,6
-0.2345,0.0635,0.7653,10.0785,-12.3069,11.4994,0
0.4942,-0.4221,-0.5115,-1.1794,-0.6971,1.6889,1
-0.5246,-0.8002,0.3288,15.2140,-12.4480,20.4794,5
0.6996,-0.8670,-0.1737,-131.3713,-28.1591,-94.9901,6
0.0069,-0.5047,-0.9058,-98.2105,-45.7362,136.6704,6
-0.1143,-0.4415,-0.8702,12.5737,-12.4825,5.6131,1
0.7015,-0.1278,1.0934,0.8243,1.9440,2.6578,0
-0.0989,0.6618,-0.3700,-13.5726,-15.2434,-0.4835,4
0.3963,-1.1107,0.5754,-8.8329,-14.3965,19.5218,5
0.4555,-0.8878,-1.0603,1.3558,4.6372,5.5084,1
1.2001,0.1916,-0.3999,10.3374,-5.0585,7.8841,2
0.5607,-0.5661,0.2412,-0.7307,15.5463,-5.4682,5
0.1474,-0.0919,0.9385,-3.3290,-1.3497,27.8790,0
0.6103,0.6201,0.3775,-14.8685,16.1825,0.0288,4
-0.1795,0.1459,0.6578,2.1310,-21.7637,20.1530,0
0.3137,-0.2726,1.3878,-6.0377,5.6114,-6.9199,0
0.5263,-0.8650,0.9775,5.6186,-5.7545,8.4716,0
0.0824,0.2556,-0.8038,-21.6498,-5.1887,-8.1567,1
-1.0488,-0.4621,0.1169,-11.5275,20.7138,-4.9527,3
0.1006,-0.1331,0.7149,3.5789,-1.5917,4.1194,0
-0.0316,1.1224,0.6387,-12.5888,12.7755,-3.7683,4
-0.6899,-0.5020,0.0150,-2.9816,-0.6042,-9.6461,3
-0.0541,0.5112,-0.6294,0.5385,0.0283,0.1673,1
0.8473,-0.0782,-0.4569,-0.5236,-7.6602,-2.7270,2
-0.1330,0.8975,-0.0081,-15.6620,-13.0455,-20.9416,4
-0.9969,0.2591,0.0243,-51.3176,-54.6541,-37.7683,6
0.2372,0.2184,1.2979,-5.9369,10.0618,-8.7332,0
-0.2773,1.2750,-0.3249,21.5022,16.7917,0.8934,4
-0.0288,0.8286,1.2268,-7.1467,0.8882,-5.9579,0
0.7018,0.4101,0.5679,5.3805,20.0338,2.7474,2
-0.7561,0.9810,0.0232,3.3423,-12.2361,-8.2161,4
0.3419,0.8913,-0.7703,0.2775,-0.2029,0.5706,4
-0.5793,-0.0747,0.7785,23.7074,-1.2709,-6.7396,0
-0.1033,0.1439,0.8744,5.9093,2.1133,-0.2697,0
-0.1806,-0.4916,0.5500,-0.5306,-0.3354,-0.0146,0
0.7653,-0.2458,-0.7020,6.6339,1.9927,-13.0572,2
0.4872,-0.0974,0.6218,-63.1592,78.0174,83.2049,6
0.5990,0.3068,-0.8287,27.4170,2.8403,-1.8128,1
0.1934,-0.5232,0.4776,-137.0684,11.8987,15.9914,6
-0.1059,1.2593,-0.2287,13.6683,11.5390,-2.1020,4
-0.2041,-0.3354,-1.0361,29.7439,3.2132,-0.8688,1
-1.1824,-0.8588,0.1520,7.4044,6.9288,3.2081,3
-1.1796,0.1484,0.7476,6.3691,2.0306,5.5063,3
-0.0324,-0.6684,-0.4776,-17.3055,-14.0825,3.7607,5
-1.0135,0.2621,0.3540,-0.4101,-0.5662,-0.9583,3
-0.4942,-0.7455,-1.1283,5.9657,0.8713,-17.5688,1
0.2251,0.0099,-1.0546,227.3375,-27.4350,84.7930,6
-0.0934,-0.6089,0.8264,5.5104,-0.9303,-18.5484,0
-0.1518,-0.5580,-1.1861,17.0241,-15.3677,17.1469,1
-0.5131,0.8934,0.5464,-6.2163,11.7286,1.9276,4
0.5163,0.0932,0.5234,-23.5715,-116.3570,16.6429,6
0.7103,0.9277,0.2257,4.5196,18.2876,-12.0220,4
0.6670,0.4415,-0.3651,14.4691,9.1020,22.2793,2
-0.5411,0.4567,-0.6254,-3.0000,-6.5545,-1.5296,1
0.3104,-0.5133,0.6159,13.2217,5.2394,24.8256,0
0.5209,1.0950,0.3804,-3.4358,10.4357,2.4361,4
0.8028,-0.0119,-0.0577,-28.5477,3.2279,-0.5657,2
-0.5134,-1.0568,-0.4896,7.0163,-3.9504,18.2144,5
0.5222,0.4856,-0.8811,107.0493,-49.8391,-8.3504,6
-0.0673,0.8926,-0.0652,-11.0744,5.4673,-6.4067,4
0.3740,0.2382,-0.7440,2.1178,-0.0500,0.7813,1
-0.5838,-0.9291,0.1276,-5.1430,2.7686,-4.6069,5
0.3138,0.5947,0.1037,45.8960,51.6067,-103.2502,6
-0.0089,0.6745,0.6690,-0.2502,0.3528,-0.0642,0
-0.9558,0.5052,0.9380,10.4344,24.4277,-1.9073,0
0.5060,-0.1226,0.6938,-14.2186,12.6522,-13.1016,0
0.8411,-0.5168,-0.0082,3.7762,-1.2852,-2.0839,2
0.7012,-0.7298,-0.5335,-4.9329,14.5211,2.0976,5
-0.4500,-0.1028,0.9910,-5.9552,0.4075,-17.7587,0
-0.8709,-0.0645,0.4511,0.7363,-4.0584,7.3265,3
0.0133,1.1235,0.8865,0.6020,-0.3875,-0.0621,4
-0.9199,-0.7479,0.3006,-5.0578,6.2292,23.6720,3
0.5940,0.9148,0.0109,-5.9839,11.9550,18.6774,4
-0.7157,-0.1916,0.4189,26.0514,-8.8122,-0.3078,3
-0.8759,-0.1913,-0.5079,3.7449,-2.1572,-0.9042,3
-0.0012,1.3514,-0.4747,-100.4486,32.7363,218.6668,6
-0.3001,-0.5507,-0.8415,-1.2902,-26.3986,5.9001,1
-0.2829,0.6689,-0.8990,-16.7118,-9.6517,5.7484,1
-0.9757,0.0390,-0.2152,1.9602,-8.5190,25.2618,3
-0.7836,0.1206,-0.4221,-18.6714,16.5510,9.4557,3
0.7407,1.2004,0.3210,-5.8572,-3.1428,-1.6386,4
0.5322,-0.5524,-0.0115,-5.0631,-3.3437,6.2310,5
1.2095,0.1971,0.5778,-6.1006,2.8131,0.7405,2
0.4535,-0.2450,-0.5498,1.0771,-1.5430,-8.0354,1
-0.8981,0.5972,0.6122,6.5566,-14.3252,1.0455,3
-0.7987,0.0066,0.0538,-0.1688,1.1913,0.5037,3
-1.0563,0.5600,-0.8074,14.7426,-23.8587,-9.4409,3
0.6868,-0.8287,0.0536,1.5409,-14.2787,-9.7627,5
-0.9850,0.0371,1.0487,26.7105,-2.2911,-1.3123,0
-0.1184,-1.0885,-0.7534,-2.5559,-0.0227,14.7154,5
0.2349,-0.0917,0.6465,-7.5964,-4.8632,-4.7260,0
0.5203,-0.0378,-1.2425,4.8339,-8.6321,15.1446,1
0.9176,0.8841,0.1391,14.0294,-5.1711,9.2396,2
0.9472,-0.1978,-0.3092,24.0001,-1.9424,7.1265,2
0.2822,0.4025,0.5620,-4.8770,-24.0174,8.9864,0
-1.1479,0.4821,-0.3189,9.4442,4.7996,-11.4784,3
0.9898,-0.1468,-0.3878,9.8214,-7.5581,-6.7573,2
-0.0411,0.3936,-0.5834,236.0721,-49.6075,-23.5733,6
0.2911,-0.5846,1.0987,15.1683,14.7049,-20.6175,0
0.3340,0.6688,0.9704,9.5386,-24.0172,-12.9741,0
0.5661,0.5412,0.6650,5.9193,27.8841,6.6484,0
0.5711,-0.7557,0.8115,13.8761,-7.1620,12.1647,0
1.2068,-0.4402,0.1242,-8.9736,-13.6975,-5.6853,2
0.0618,-0.0681,1.0228,-23.2058,-12.0947,-2.4894,0
0.2239,0.7885,-0.2188,3.8093,3.9113,-3.2588,4
0.2746,-1.0691,-0.1064,-15.8444,-15.1023,-16.6786,5
1.0327,-0.4519,-0.0334,-3.9650,5.0581,-3.3029,2
0.1887,1.2062,0.8208,-16.3203,-6.3475,-6.0056,4
0.8433,0.6666,0.4456,-14.8183,22.2503,1.2202,2
0.7318,0.4269,-0.2622,0.2768,-25.2769,3.4987,2
0.7493,0.3040,0.8993,-136.4885,-51.2577,-9.7536,6
1.0316,-0.6143,0.5076,7.4277,2.7305,0.6153,2
-0.6874,0.5244,-0.1192,-4.7324,3.6127,-13.7848,3
-0.2740,-1.2153,-0.2939,-12.2087,-8.3435,-1.4172,5
-0.3738,1.1250,-0.4838,0.6854,2.7598,-3.4685,4
0.5132,-0.2972,0.1946,-36.4448,50.8538,186.0450,6
-0.3015,-0.6542,0.0366,-6.1155,2.2782,-2.4921,5
0.6802,-0.3734,0.4938,-0.2015,-1.5683,13.6273,2
-1.2087,-0.5395,0.6851,9.9045,-13.1418,11.9549,3
-1.3565,0.4830,0.1439,-2.4920,-0.3760,1.6300,3
-0.0481,0.6749,0.9543,1.0833,-7.8191,-1.4584,0
-1.0050,-0.5958,0.2182,2.6702,-1.3691,1.5398,3
-0.6660,-0.5142,0.2823,8.6266,-18.1597,-2.1865,3
0.0521,0.8787,-0.7920,42.3577,-43.3866,-8.8137,6
-0.1163,0.4300,-1.3016,4.9060,12.2390,1.7963,1
-1.0668,0.6444,-0.1929,-62.4482,36.6918,39.0983,6
-0.9474,-0.4405,-0.4497,5.0256,-15.4525,21.2570,3
-0.8589,-0.0105,0.0891,-17.9366,11.1898,-2.4936,3
-0.8970,-0.4362,0.8797,-0.9921,-2.9436,3.6355,3
-0.1219,-1.2791,-0.0766,-7.3403,3.2867,28.6064,5
-0.9184,0.1953,-0.3987,80.2044,-81.7545,-40.7574,6
0.6184,-0.7507,-0.4485,-7.6105,-1.5764,-1.5554,5
0.2644,-1.3000,-0.6174,1.3074,-1.1072,-1.3369,5
-0.5653,-0.5923,-0.9319,5.5663,-9.9106,-14.7368,1
-0.8016,0.2534,-0.5239,-12.8663,8.2865,-13.2927,3
-0.0498,0.4645,-1.0777,-1.3035,0.6104,-13.4807,1
-0.4987,-1.0676,0.2273,1.8106,4.2380,4.2944,5
0.2153,0.1618,-1.1069,12.8901,0.9008,5.8301,1
0.0592,0.6780,-0.6642,-7.8686,-25.1750,-3.8412,4
-0.4743,-0.4265,-1.0722,-106.3790,118.4281,82.7659,6
-0.8609,0.7647,0.1515,-4.1995,15.5478,88.8333,6
-0.0704,-0.1341,-0.9656,1.8846,-6.8860,-18.9630,1
0.8692,-0.4163,0.8812,3.2795,-7.8524,-5.9049,0
-0.0574,-0.3238,0.8541,2.0275,-0.8772,2.0244,0
0.7365,0.1054,0.3290,-17.8993,-6.3254,19.7993,2
0.3944,0.2447,-1.0593,22.8771,11.3666,-6.6308,1
-0.8285,-1.0391,-0.2358,-0.8760,-0.4866,0.0450,5
-0.8224,0.3630,-1.1344,11.4940,5.5577,-25.6459,1
0.8428,0.4111,0.1881,-4.5063,0.2321,-3.8892,2
0.3801,0.9582,0.0817,21.3402,-13.4081,12.6091,4
-1.2602,0.8548,0.0978,23.7596,2.1073,12.6259,3
1.1522,-0.2976,0.9320,-145.8427,73.1102,-112.1115,6
0.0462,-0.8016,0.0787,2.7834,10.2780,-1.1053,5
0.7543,0.2470,0.2884,9.9065,-1.7078,-3.6468,2
-0.3028,-0.2346,1.0672,-17.2527,144.3376,-60.3352,6
-0.2784,0.5981,0.8025,-17.3109,1.2875,-3.8692,0
0.3318,1.2126,0.5561,-3.2052,-1.8506,0.2152,4
0.2401,-1.1055,-0.7534,88.1850,-8.7462,29.9089,6
0.1512,1.2798,-0.0217,-4.4129,2.5676,9.2068,4
1.3270,-0.2744,0.1813,-18.6922,5.7492,6.7280,2
0.1896,-1.0005,-0.5560,-1.5684,-5.1193,-0.8506,5
1.0019,-0.2565,-0.4542,22.9626,-8.6960,2.0563,2
-0.8915,0.6197,-0.2937,-9.5940,-1.7460,-18.4374,3
0.0884,-0.0921,-0.7905,-12.0102,10.1773,6.3018,1
0.5842,0.5333,-0.8185,-18.9552,-6.7834,-5.2284,1
-0.4889,-0.4581,0.6704,-13.8595,-3.0803,17.0886,0
0.4734,-0.3880,-1.0643,2.8995,2.7378,22.9698,1
-0.3891,-0.3042,0.5397,-102.7946,42.7300,-20.2865,6
0.3150,-0.2231,0.9695,21.8126,-12.6263,8.5364,0
-0.0411,-1.2079,0.5505,35.4095,43.4346,-123.2282,6
-0.2359,0.3156,-1.2828,17.1659,7.4149,3.6167,1
-0.7545,-1.0953,0.0252,3.2735,-9.8615,18.8841,5
-0.3267,1.1795,0.8742,187.1736,-150.8344,23.6312,6
-1.2722,0.4003,-0.0037,-9.7885,17.2701,-2.5207,3
0.5098,0.3713,0.7804,0.0573,-0.9981,0.0221,0
-0.4290,-0.1755,0.7869,3.9079,3.4343,5.0732,0
-0.5853,-1.4015,-0.0347,8.0992,-18.9827,10.0065,5
-0.0189,0.2549,-0.9237,-3.1561,2.2226,6.1976,1
-0.2028,0.2693,1.1193,9.7802,26.0770,-2.8631,0
0.8003,-0.0679,-0.2243,13.7473,3.1560,-1.5211,2
-0.9343,-0.4810,0.3233,42.6756,-173.2637,154.6247,6
-0.3964,0.4602,0.9274,9.0005,-6.0539,-2.9501,0
0.1355,-0.8040,0.9732,-9.7374,-0.5814,10.6984,0
0.8315,-0.5309,-0.1804,-18.9355,10.9430,-19.6124,2
-0.0232,-0.5757,0.5986,24.2380,13.4862,5.1684,0
-0.0580,-0.9138,-0.6403,-172.0498,-24.8438,-30.1457,6
0.0150,0.7543,0.5626,6.3017,-7.5629,10.6402,4
-0.8079,-0.2213,0.8592,-1.5424,-2.5264,10.3857,0
-0.5181,0.3740,-1.2966,-18.0842,3.8532,-6.2700,1
0.7832,0.3568,-0.9300,4.3880,3.2825,16.4807,1
1.2785,0.1581,0.7719,-165.4968,-6.6695,-152.3193,6
0.7191,-1.1665,0.0288,-6.8915,-17.4016,0.2753,5
-1.4002,-0.4734,0.1127,0.9063,-4.8288,-18.5020,3
0.5985,0.4410,0.4687,2.5218,8.9215,19.1085,2
-0.1393,-0.6069,1.0278,0.3324,4.6294,9.3590,0
0.6207,0.7703,0.0988,-3.9786,-8.4704,14.6211,4
0.1256,-0.5790,-0.5651,2.9601,2.8888,-0.6740,1
0.0577,-0.1486,-0.9754,160.1714,33.4759,-136.8880,6
-1.0669,-0.1149,-0.3059,-10.4899,64.3723,162.4599,6
-0.7019,-0.0093,-0.2813,8.8998,-12.0568,8.5828,3
-0.2643,1.2767,0.5769,3.1623,-19.1343,2.6764,4
0.7287,-0.9712,-0.2181,-97.3867,-66.3730,-22.0738,6
0.9653,0.4322,0.3500,9.0865,-6.6212,3.8786,2
-0.4568,0.4554,1.1051,2.2397,17.6516,-12.4008,0
0.7765,0.0654,1.1573,-14.0960,-17.5133,1.0512,0
0.4323,1.2600,-0.3256,-5.8322,-6.6389,-4.6764,4
-0.0499,1.0005,-1.0745,2.6754,2.5562,-3.7901,1
-0.0830,0.3139,0.6989,-6.1337,-13.1656,6.2211,0
0.0106,0.6394,0.6036,-1.5659,0.2854,0.3808,4
-1.1374,-0.2698,-0.6549,-1.2207,5.5930,-6.5640,3
-0.7381,-0.0735,0.1429,-5.6314,6.4545,14.5517,3
0.1821,1.3844,0.1636,-5.3789,0.6801,0.8539,4
0.3395,0.8531,0.4414,0.7748,3.4255,-6.8497,4
-0.1170,0.0648,-1.0395,-3.8115,14.5001,-2.5350,1
-0.2731,-0.6553,-1.1360,-13.6340,-10.9035,-17.5350,1
-0.5746,0.5138,-0.4595,2.9727,-10.6822,-6.4774,3
-0.3992,1.0441,-0.6739,-5.6981,10.9415,-0.7068,4
0.5511,0.0717,-0.4374,-168.2493,98.8364,13.3812,6
0.4622,-0.5407,0.5409,-5.6891,-10.6567,8.4652,5
-0.5155,-0.2969,-0.7636,-1.3262,-1.2863,2.1501,1
-1.2831,-0.0478,-0.0003,-9.8409,-14.7710,-1.9814,3
-0.4469,0.0390,0.8142,-11.4973,6.7017,2.6471,0
-0.4886,-0.8380,0.5426,0.7346,-27.1655,8.1960,5
0.9917,0.3990,-0.9780,-9.8509,4.8387,0.5169,1
1.4000,0.2305,-0.3509,-2.7454,-2.3204,28.4827,2
0.9910,1.0187,0.0980,-1.4408,-2.2898,1.2799,4
-1.2232,-0.2202,-0.7982,-0.7824,-5.2512,7.4005,3
-0.8335,0.3731,0.3928,-5.7047,-128.6720,-20.5135,6
-0.0397,1.1860,0.4208,0.6588,2.4593,0.6776,4
-0.2277,0.6406,1.0967,-0.2401,2.4953,-1.2650,0
-0.1909,0.6556,0.3846,-10.1013,-4.7164,-8.6481,4
-0.5639,-0.9647,-0.0173,6.1567,9.3184,15.1285,5
-0.0340,0.9946,0.4258,-15.4932,-2.5271,-6.4639,4
0.1135,-1.1432,-0.3944,-4.6858,-89.0457,27.0294,6
-0.9707,0.3773,0.8113,8.9382,8.9430,4.3136,3
-0.6438,0.6091,0.2908,1.4655,5.9448,-3.2127,3
-1.0890,0.1900,-0.5388,-17.0937,5.6073,18.3846,3
-0.8469,0.1714,0.4856,10.1342,6.6804,-3.8412,3
-0.7853,0.4108,-0.1609,-0.1041,-4.1365,4.0998,3
0.0541,-1.4529,-0.2092,0.2419,-17.1447,0.7018,5
0.5892,-0.2679,0.2365,-11.5008,1.9441,12.9634,2
-0.4714,0.8115,1.0636,-103.0888,24.9256,95.9316,6
-0.5351,-0.1431,-0.7706,8.1412,21.0226,12.4782,1
0.1481,0.4236,-0.6465,-34.8715,34.1985,-46.2776,6
-0.9425,-0.3061,1.1253,-2.2519,1.8013,0.6933,0
1.1141,-0.1675,-0.4106,98.7763,64.1992,26.6323,6
0.1415,0.5884,0.6614,-1.3151,-7.3786,8.1577,0
1.3455,0.2943,-0.0076,0.2650,2.9638,0.8518,2
1.3004,-0.1061,0.0955,6.3887,-1.0722,5.8831,2
-0.2306,0.9951,-0.3748,0.1977,-0.8849,0.0681,4
-1.0468,0.0357,-0.2103,-3.0972,3.3538,3.5109,3
-0.7610,0.0477,-0.5111,-1.9993,5.0410,-5.9185,3
0.0656,-0.2210,1.0783,2.7032,-22.1742,3.3217,0
-0.6537,1.0567,0.1551,2.4400,27.4413,-8.4750,4
0.7640,0.1801,0.3705,23.0575,-8.4971,-65.2255,6
-0.6870,0.4704,-0.8426,-2.2427,1.4831,-4.8530,1
0.0772,1.2430,0.5005,-16.2142,8.7242,3.2365,4
-0.7676,0.1974,0.2326,-21.7523,-13.0168,-2.3802,3
1.1169,-0.6572,-0.7523,32.7396,-43.2887,-38.3348,6
0.7222,0.5134,0.2223,13.1690,8.4052,-13.7135,2
-0.0134,0.4996,-1.3059,-151.9136,41.8376,-163.3215,6
-0.1425,-0.6696,0.7695,8.4786,-14.0759,4.2087,0
1.3508,0.6579,0.2356,1.7331,2.1953,0.8402,2
0.6387,0.4063,-1.2214,15.1526,22.3673,6.8736,1
0.8969,-0.9861,-0.6228,11.2209,17.2257,3.6325,5
0.9590,0.5641,-0.3445,-11.7537,-10.9935,6.4888,2
-0.3836,-0.6942,0.7963,10.1256,13.4222,-21.2045,0
-0.7413,-0.0562,0.7916,-164.6554,154.9797,47.9242,6
-0.6337,-1.0435,0.2144,-14.9897,-4.0857,5.8041,5
0.2630,-0.3013,1.4301,-4.0238,4.0326,-9.5211,0
0.5339,0.6564,-0.4213,5.2489,-13.0201,13.8335,4
-0.4827,-1.1897,-0.4449,-10.7492,-6.7723,1.6728,5
1.2011,0.2190,-0.2439,5.4766,-20.9389,6.7843,2
0.6792,0.8338,0.2011,-172.0285,-92.0727,-135.9629,6
0.3541,-1.1944,-0.3356,-46.8955,213.2780,-61.5384,6
0.3871,0.8378,-0.7462,5.7454,-14.8050,14.0769,1
0.3306,1.1840,-0.7123,-10.4888,2.4308,-11.8141,4
-0.9385,-0.2139,0.2456,20.7930,-9.8539,-2.1570,3
-1.0549,0.9800,0.0705,12.4904,9.3849,8.2687,3
-0.2453,1.2835,0.7325,-6.9251,-3.7754,3.8084,4
0.5909,-0.2249,-0.9467,-0.8613,8.6537,14.4554,1
-0.6140,0.8361,0.0811,-129.1864,135.0872,148.4156,6
-0.5682,0.5026,1.0283,14.7176,14.0218,5.6642,0
1.1868,0.0507,0.2451,60.7792,22.8126,48.9712,6
-0.2419,-0.6902,1.0633,-135.1906,3.8030,149.2431,6
-0.4484,-0.6689,-0.3240,16.4642,-8.1042,-7.1874,5
-0.2057,-0.4854,0.6464,-8.0277,-3.6618,16.9101,0
-1.2016,-0.3363,0.3787,-11.2914,6.2414,-22.7411,3
-1.0159,-0.5786,0.2996,16.0060,4.4220,1.7494,3
0.7906,-0.0907,0.3963,6.7226,-13.2711,1.7981,2
0.7076,-0.8157,-0.1373,2.7488,-8.0854,-8.6685,5
0.0852,0.9947,0.2356,14.9072,-1.8512,-1.1387,4
0.0011,-0.9294,-0.6530,-14.8408,-4.6336,-11.0087,5
0.7265,0.0926,0.1435,-13.1257,52.6001,-45.2597,6
-0.8064,1.1071,0.5051,-1.2025,0.3256,5.3320,4
1.0147,-0.5505,-0.5171,-8.7289,-16.2562,-1.1963,2
0.9632,0.0467,-0.2865,-97.9954,5.4150,98.1375,6
0.5752,0.3589,-0.0290,-4.9336,10.9073,0.3288,2
0.4885,-0.2046,0.5140,-117.9458,-185.1223,-83.3271,6
-0.6214,0.7541,0.7462,-15.1003,0.3240,-20.9518,4
-0.4334,-0.4176,-0.5540,5.8978,5.0997,-5.8365,1
-1.2911,-0.5561,-0.3362,-6.7934,2.7957,3.8186,3
-0.6502,-0.1774,0.8044,6.9881,7.8407,-0.7539,0
0.0938,-1.2413,0.2015,-2.2327,15.8338,10.3569,5
-0.6230,-0.5875,0.9072,-33.8750,-93.4006,16.1499,6
-0.6315,-0.3099,-1.0188,-16.5796,0.8510,7.4000,1
0.6405,0.1480,0.9785,-8.4524,-21.3288,-12.0814,0
0.9368,0.3158,0.3045,-21.3987,11.3957,-15.8573,2
-0.8425,0.8210,0.2040,7.9350,-4.5772,2.2580,4
-0.8165,-0.1575,-0.1771,-0.7619,-2.7229,0.5114,3
-0.7922,0.1790,0.7100,45.1060,-4.1794,-57.9273,6
-0.4226,-0.2221,-0.8906,0.2691,0.1844,0.0615,1
-0.3075,-0.2500,0.6713,-5.4502,5.9430,22.4336,0
-0.9408,0.4463,-0.2093,-0.4263,28.4632,-4.1883,3
0.4127,-0.7065,1.0826,-6.8231,1.7478,-0.0965,0
-0.3546,0.5918,0.9042,-16.6937,5.4230,3.1581,0
0.5819,1.2808,-0.2840,-16.9653,-15.2847,-1.4350,4
0.4492,-0.5583,-0.6783,10.8958,108.9584,132.3945,6
-1.0630,-0.2334,-0.3516,-20.9570,-11.1998,-11.1875,3
0.6506,0.5573,1.1682,-11.8297,9.1883,3.4226,0
0.7015,0.6721,-0.7762,-10.3794,11.7159,-10.7637,1
1.1844,0.6654,-0.3223,8.0192,-17.4700,-13.4307,2
-1.0260,0.4002,-0.1203,-0.9866,8.8134,-1.9687,3
-0.6507,0.2527,1.2784,-3.1808,227.0553,-1.4819,6
0.6663,0.6247,0.5983,1.4522,-5.2163,-9.0181,2
0.0962,0.7010,-0.4393,-101.5078,54.6436,37.5914,6
-0.3470,-0.3217,0.7625,15.4335,0.2182,1.3041,0
-0.3144,-0.6225,0.5261,5.4589,-4.6294,4.1488,5
-0.4152,0.7598,0.4945,-25.9461,-1.3614,6.4930,4
0.7626,-0.2107,0.2954,-5.4831,11.7443,-13.8171,2
-0.7997,0.7639,-0.6631,18.5719,-5.5423,2.4660,3
-1.3479,-0.5092,0.1976,0.8347,2.4023,0.4011,3
0.5788,0.6949,-0.6053,15.7807,-16.1086,9.0037,4
-0.8807,-0.1801,-0.7926,-6.0842,-13.9624,8.3244,3
-0.1315,0.5733,-0.5668,-24.9627,-14.3697,-2.4588,4
0.3236,0.4568,0.7688,-7.4302,-23.0552,-1.8597,0
0.2055,0.9821,-0.2937,-13.3809,-13.7738,22.2657,4
0.2370,0.7506,0.4812,4.2311,-0.9096,-2.7240,4
0.3503,0.3326,-1.3210,-2.4575,9.2742,1.4230,1
-0.1440,-0.6997,-0.7977,0.0910,-1.8290,0.4555,1
-0.7706,-0.3189,-0.8610,3.5261,-5.7988,0.6651,1
-0.0951,-0.6538,-0.9629,-16.9068,-11.1340,16.6175,1
-0.2520,-0.5556,0.4781,-7.7319,10.8738,10.5646,5
-0.3067,-0.1873,-0.2267,88.2097,170.6690,18.9229,6
0.5299,0.2522,-0.4896,-8.3391,-4.7929,12.4247,2
1.2167,-0.2995,0.5289,6.2922,-1.6282,-4.1307,2
0.9912,0.5503,-1.0057,-1.1488,-0.1324,0.3428,1
0.2419,0.7197,0.2276,5.7249,-17.1338,16.5507,4
-0.4412,-0.4837,0.8681,0.4087,2.0041,-12.2186,0
0.4354,0.1964,-1.0593,-2.9740,3.4612,1.9885,1
-1.3236,0.2600,-0.1319,17.8324,157.8381,45.6297,6
-0.8530,0.4202,0.1576,-107.2685,-35.0859,-33.7077,6
-0.9417,0.3101,-0.8226,-3.4142,10.4265,-4.0244,3
0.7053,-0.0807,-0.6861,-23.4029,-3.0881,-17.7309,2
0.9519,0.0933,-0.3721,-16.0538,-2.6418,5.5590,2
0.0849,-0.7310,-0.0832,0.3165,-4.3398,-0.8600,5
-0.0646,-0.7556,0.0902,-3.4613,0.8842,-1.0701,5
-0.0101,0.7810,0.5429,-11.1312,-0.2466,10.1020,4
0.1846,0.7894,0.2695,-9.8327,-17.0578,12.2842,4
0.0809,-0.7711,-0.3076,-24.0023,0.8349,10.8699,5
0.8548,0.5825,0.7939,-7.2162,25.8129,-0.1129,2
-0.6655,0.2401,0.4696,1.1806,-3.2369,2.1099,3
-0.1523,-0.6141,0.4144,86.0821,-81.5140,88.9540,6
-0.2860,0.5014,1.0887,5.1599,-8.9924,-11.7368,0
0.4919,-0.0083,-0.8805,11.6119,9.5374,3.1132,1
0.2002,-1.2477,-0.5385,-2.0166,-3.1231,0.4138,5
-0.1107,0.6640,0.8307,16.3370,1.3345,23.1002,0
0.8806,0.5075,-0.2399,-1.1057,-0.3020,-2.0849,2
0.0984,-0.4538,-1.4423,20.1249,-5.5824,-2.9367,1
1.1802,-0.0085,-0.8084,-0.2174,2.0585,0.9134,2
-0.4515,0.4677,-0.7916,145.9036,6.3304,17.7814,6
0.6908,-0.0006,-0.1999,-0.1406,2.4461,-0.1341,2
0.7247,0.4310,-0.9779,-1.9515,-3.5847,1.5821,1
-0.3904,0.9262,-0.9601,-22.1590,0.5673,-4.6110,1
-0.0798,-1.1740,-0.5357,9.3209,4.3136,-7.5303,5
-0.1796,0.3443,-0.6984,-6.7038,3.1549,9.7622,1
0.8518,0.3739,0.0984,10.7683,7.0314,-0.5679,2
0.7388,0.3470,-0.0490,-6.0012,8.9267,2.0870,2
-0.1857,-0.2452,0.7742,132.9390,70.1991,141.1016,6
-0.1686,0.6491,1.1718,-3.7910,-2.7784,3.5539,0
0.3743,0.7611,-0.7737,4.5477,10.3166,9.5038,1
-0.2188,-0.9423,1.1325,11.7058,5.8843,-22.8386,0
0.1318,-0.2789,0.6988,54.8356,-96.2940,201.0738,6
0.0670,0.9334,-0.1884,1.6236,2.4458,12.2733,4
-0.4722,-0.2885,0.7049,4.8940,0.1773,-1.1935,0
-0.5565,-0.4503,0.4853,-194.9924,-111.7419,60.0366,6
0.8737,0.3432,0.4287,4.2039,25.4992,-2.5878,2
-0.0834,-1.3301,-0.5380,-6.9128,2.3726,2.7861,5
0.1216,-1.2643,-0.6201,22.2648,4.3378,-3.2613,5
0.0389,0.3460,-0.6347,0.3942,-0.7747,0.7525,1
-0.6819,-1.2167,-0.1354,-8.4453,23.4168,14.3286,5
0.7198,-0.0795,0.4754,2.7184,1.7471,-8.3603,2
0.6731,0.6107,-0.2577,-0.1910,0.6087,-0.1807,2
0.7067,-0.3173,0.4657,14.0355,1.7881,-9.8315,2
0.7257,0.5225,1.1816,-6.9239,-12.0572,3.9091,0
-1.2806,-0.3531,0.2843,-0.4449,-1.5160,1.0741,3
0.1207,-0.3813,-0.9299,-4.2146,-3.0086,-5.1025,1
0.6713,-0.5688,-0.4225,10.9637,7.9401,-4.7123,2
-0.4383,-0.2906,0.7108,-67.8304,-13.4604,13.2299,6
-0.4575,1.2755,-0.1927,10.1536,-6.8610,-5.1847,4
-0.8349,0.2614,0.3741,0.7004,20.0310,-5.8473,3
-0.0177,0.2667,1.5816,76.6266,-36.1928,83.5929,6
0.0111,0.9765,-0.9326,42.0370,-11.5790,-48.4156,6
1.3083,0.7493,0.4309,44.0274,-77.0841,-79.6116,6
-0.3444,-0.3710,-0.9606,3.9319,2.4673,-8.4127,1
-0.2616,-0.0153,-0.9751,-5.9471,13.6297,24.5792,1
0.9833,0.3320,0.7211,5.8106,-4.6634,3.6306,2
0.9041,-0.6223,-0.0648,19.3979,-1.4811,-11.3077,2
0.2585,0.5422,-0.8350,21.1486,-13.9676,8.2789,1
0.8657,-0.4028,0.6486,18.5229,-16.6406,5.4251,2
0.0071,-1.0468,-0.3432,-70.8113,-70.3315,-193.4601,6
-0.3862,-0.7777,-0.8610,-3.7268,7.6300,-2.2450,1
-0.8147,0.6080,0.0993,-16.0809,9.1913,-13.5550,3
0.7509,0.8723,0.4971,-140.6209,-72.5319,-170.0885,6
1.4083,-0.1759,0.1879,-14.9564,0.3560,19.7853,2
-0.6309,-0.5526,-0.4157,16.6472,4.1118,-12.4422,3
0.8629,-0.4414,0.1184,13.5984,2.0791,-21.7780,2
-0.5407,0.1457,0.8639,-90.9332,140.9636,-141.1679,6
1.1138,0.0796,-0.2365,9.7006,21.0182,7.1214,2
0.0525,0.4409,0.6585,11.6258,2.8076,22.4345,0
-1.1313,-0.9535,-0.0165,-9.7067,-9.5208,-10.1703,3
0.6701,0.0919,0.0301,23.5431,4.6918,12.9837,2
0.0469,-0.8464,-0.8630,98.9037,80.4719,56.0824,6
0.0777,0.1505,0.5886,37.5504,-51.2321,-211.4536,6
0.4057,-1.1606,-0.8080,-4.6003,-22.1833,-9.1207,5
-0.5896,0.2702,0.9244,3.3322,9.8938,-2.6654,0
-0.6088,1.2962,-0.3487,-15.1137,12.7733,-8.7507,4
-0.0847,1.2799,-0.7131,11.5022,3.6862,-10.9654,4
0.2198,-0.5770,0.6743,3.6250,-31.7663,-64.5880,6
-0.3294,-1.1889,0.2393,8.2485,-9.3812,-9.8441,5
-1.2202,-0.1144,0.6337,-199.9625,143.7436,-4.5890,6
-0.7856,-0.8296,0.6616,-0.6265,-0.2007,7.3460,5
0.5541,0.5335,0.7934,24.6072,3.5170,9.7871,0
0.9073,0.3059,-0.8629,-9.2233,-5.6521,8.9459,2
-0.3323,-0.6329,-0.2931,8.0118,1.1576,-1.6375,5
-0.7244,0.8035,0.1416,-139.6887,151.4725,122.9911,6
-1.0329,0.5013,0.7368,-0.3112,-0.7326,3.4741,3
0.5265,-0.2331,1.0616,0.2794,-0.7022,2.6770,0
-0.5864,0.0758,-1.3134,0.0235,0.2279,-0.2177,1
-1.2891,-0.0922,0.4285,27.6034,-14.0745,-72.6887,6
0.1229,1.4047,0.2797,1.8758,-20.5365,-17.8221,4
-0.4920,0.4084,0.6819,1.0036,0.3917,0.5867,0
-0.9908,-0.0380,-0.3244,18.5036,-14.2374,-4.5923,3
-0.3344,-0.4884,1.0223,19.5506,-77.8138,-9.5980,6
-0.9023,0.2477,-0.1943,-13.1377,16.4231,16.7010,3
1.2317,-0.5868,-0.0646,-15.5731,-7.9455,-10.0187,2
-0.8580,0.6813,-0.0160,0.0832,-0.0330,0.6057,3
-0.5793,-0.2707,-0.4150,-3.9728,8.9824,5.6295,3
-0.5011,-0.1027,-0.6351,6.3373,1.9402,-1.7793,1
-0.3466,0.9258,-0.2659,-7.8555,-15.6702,-12.7566,4
0.0252,0.1712,-1.0041,0.1236,0.4948,-0.1420,1
0.3158,-0.6875,-0.0610,0.4085,0.9713,-1.2398,5
1.0890,0.4620,0.7499,0.4661,-0.9000,0.1573,2
0.6195,-0.4481,-0.8562,-13.7667,-5.7896,-20.9256,1
-0.6977,-0.6991,-0.5992,2.2280,-0.8861,4.3488,5
-1.1415,-0.8816,-0.3521,-0.2892,-0.4603,-0.3521,3
0.8982,0.9415,0.4852,-26.6439,77.5568,14.5292,6
0.5373,0.1969,0.3622,-7.4476,11.4603,17.9775,2
0.6106,-0.1897,0.1484,96.5549,-37.3639,164.0884,6
1.0194,-0.0889,-0.2640,-10.2930,-4.6159,19.2968,2
1.3117,0.0460,-0.5137,5.2935,-20.8516,4.1563,2
-0.0496,0.7219,0.4777,0.5817,15.9547,5.6320,4
-0.9741,0.1400,0.4185,9.5402,5.7384,-6.5511,3
-0.1632,0.5976,1.3635,-20.5160,-43.0193,61.5591,6
-0.2462,-0.6202,-0.2961,2.4730,3.1200,11.0703,5
-0.6725,-0.8274,0.8455,-1.4178,0.6085,1.1094,0
-0.1179,0.6871,-1.0612,9.2655,-4.3972,-8.7555,1
-0.6469,-0.0233,0.5697,-3.5871,-11.4763,4.4184,3
-0.6488,-0.4040,-0.2298,-1.7014,0.0039,1.1461,3
0.6246,0.1462,0.4859,-13.3404,2.3647,4.9565,2
-1.3900,0.1770,0.0943,108.7080,-178.2838,85.8696,6
0.3043,0.2490,1.2806,-4.4321,-2.4935,-3.9472,0
-0.5888,0.3689,0.1859,-17.4990,16.8969,-12.8804,3
0.0343,0.6219,0.5778,0.3081,5.2346,-11.0453,4
1.2605,-0.0808,0.2780,5.0987,10.0807,-0.6745,2
-0.2929,0.7981,-0.0468,22.1177,0.3742,15.2157,4
-0.1860,-0.2208,1.0308,-7.5765,-12.3626,20.4302,0
1.1817,-0.5459,-0.5683,-15.3523,0.2777,-23.2969,2
-0.8952,-0.2760,-0.5633,-4.1667,0.6083,1.3829,3
-0.2926,-0.5578,0.9441,-17.7183,11.4291,-12.7457,0
0.7486,0.6415,-0.3373,-15.1026,24.9167,2.0901,2
0.6785,0.4076,-0.7678,3.9635,0.0163,-5.8375,1
-1.3068,-0.4727,-0.0522,3.5868,-12.1777,-14.7004,3
-0.2777,0.3273,1.0023,25.6253,6.2038,8.4370,0
-0.3413,-0.1406,1.1618,-0.6799,-1.1969,3.2031,0
0.4147,0.6469,-0.0916,2.1970,5.5850,10.7719,4
-1.0746,0.7767,-0.5172,-19.6193,-1.5361,16.0013,3
-1.1795,1.1248,0.0264,-43.6298,39.0680,19.0397,6
0.4775,0.6794,0.0380,5.2986,-4.2560,1.0616,4
-0.7348,0.5937,0.8835,2.1074,-86.1436,-103.1854,6
-0.6606,-0.9066,0.5799,23.7563,-4.2993,-8.1363,5
-0.6439,0.0415,-0.3780,-4.7248,27.0733,-10.9458,3
-0.0844,-0.5875,-0.4394,-5.0222,7.1069,0.6675,5
0.8340,0.7011,-1.0031,2.5207,-0.4776,-1.0718,1
-0.5423,-0.0767,-1.0327,-25.3696,-6.3072,4.5771,1
0.3691,0.6712,-0.0547,4.8677,0.1031,-3.9160,4
0.9536,0.5368,-0.1733,-15.6491,-200.6480,93.2797,6
0.1363,0.1434,0.6718,25.1211,-161.0292,164.3472,6
0.4773,0.0278,-0.5540,10.7710,-5.3605,8.5769,1
-0.2300,0.1537,0.4418,197.6248,-82.5682,12.3385,6
-0.5549,-1.1382,-0.7792,-9.4919,4.6946,-12.3200,5
-0.2023,-0.6208,-0.8951,-15.7454,0.7386,2.4737,1
0.2290,-0.7212,-0.3206,173.2211,28.8998,-18.6714,6
-0.5617,0.2783,-0.8367,-15.2625,11.0207,-3.9845,1
-0.0264,0.0484,0.7197,-0.4283,-0.7539,0.1997,0
0.5387,0.7546,0.1625,0.7607,5.6225,-4.0971,4
0.7994,-0.5762,0.8423,12.5933,25.5266,8.6429,0
0.3857,-0.4413,-0.9724,-18.3295,2.6303,1.4313,1
-0.6248,-0.6220,-0.1855,-10.7363,3.0435,7.0754,5
0.9431,0.4832,0.9664,13.4418,-12.3319,-8.5302,0
-0.5485,-0.5166,1.0382,-8.5250,-5.3039,5.0629,0
1.1477,-0.7460,-0.0620,1.3740,-4.6633,-23.9665,2
-0.6113,-0.3333,0.0267,-13.2462,-2.4008,-13.8667,3
0.6698,-1.0569,-0.5674,-15.6150,-11.4465,15.2702,5
-0.5620,-0.3206,-0.3443,5.6685,6.2327,3.2509,3
-0.2963,-0.1107,1.0396,7.1622,5.4375,-2.8427,0
-0.7873,0.0127,-0.4828,2.5499,19.3603,2.3068,3
-0.7487,-0.1715,0.5987,7.1459,-12.5943,-24.8930,3
-0.5697,-0.0055,1.3351,10.3898,4.3375,-24.7432,0
0.0227,1.1028,-0.8336,-14.2411,11.5646,19.7118,4
0.7657,0.4039,-0.2728,4.2809,26.4678,-5.9040,2
0.0015,-1.4028,-0.6580,-39.1113,121.6731,173.9768,6
0.9293,-0.5383,0.6357,5.3286,-1.6673,-13.1761,2
0.5554,0.9047,0.0071,11.0410,-5.1985,4.2961,4
0.4824,0.8048,-0.8525,9.1399,-8.7730,-6.4889,1
-0.6887,-0.9177,0.1852,-3.5034,-2.3058,0.3718,5
-0.1092,0.0618,-0.7045,20.6795,-0.8055,13.4809,1
-0.3438,-0.0949,1.4118,-2.1044,0.0614,-0.3327,0
0.0110,-0.9608,-0.2153,-7.0473,120.9632,99.2570,6
0.8115,-0.2557,-0.3071,0.4496,-13.7075,-11.1455,2
-0.0118,-0.6791,0.5743,13.4580,-11.8211,13.9699,5
-0.0629,1.1011,0.6609,8.8422,-18.7802,12.0284,4
0.6327,1.2647,-0.4015,-14.0611,-2.1181,8.2524,4
0.1767,1.2726,0.0467,-18.0818,12.8987,-5.6311,4
0.6163,-0.0230,-0.4799,-0.5892,-0.2651,3.1367,2
-0.3796,0.2101,-0.7160,9.4914,-8.3108,-1.6760,1
0.9350,-0.1979,0.2095,-18.8106,-4.1651,2.1985,2
0.0530,0.1406,0.8146,-43.7565,152.5361,-41.0053,6
0.4603,0.9485,0.0603,2.5525,5.6818,-4.1099,4
0.3583,-0.7847,-0.5367,-11.5536,-2.1743,9.0192,5
0.5365,0.4517,0.5236,-0.4021,1.5911,1.0306,2
0.9313,-0.1760,0.5855,-5.9679,-23.1498,9.1736,2
1.3014,-0.6821,-0.2201,24.9159,-8.7819,6.9169,2
0.1990,-0.7030,0.0492,-62.7436,66.4804,38.2816,6
-1.3019,0.0807,-0.0269,4.1105,-0.5472,-10.4410,3
-0.4841,0.7524,-0.5535,12.4877,3.7368,9.1702,4
0.5820,-0.5390,-0.5458,18.9128,-0.8353,-2.6094,2
-0.9304,0.0662,-0.6039,-1.9273,-27.7078,-2.6231,3
0.5044,0.5705,-0.3821,9.4406,-0.0107,27.2449,4
1.0800,0.4794,0.5961,17.4944,54.7040,-65.6691,6
0.4572,1.3651,-0.1023,-48.2169,-206.7803,-73.5266,6
-1.2761,-0.2188,-0.2754,0.5799,3.8280,-0.1959,3
1.0862,-0.1550,-0.8220,14.7692,-17.0572,3.8250,2
0.9866,0.4822,0.9605,-5.4748,-40.7990,75.2471,6
-0.3572,-0.3330,-0.7781,-3.8643,-0.0467,-28.8772,1
0.7528,0.1788,-1.2131,-0.1194,0.5906,0.1072,1
-0.9427,-0.7969,-0.3144,-7.0323,-1.4783,16.2830,3
-0.4846,0.6915,-0.3819,6.4134,-5.6798,5.6919,4
-1.0026,0.1893,0.8573,-0.5249,108.0404,-164.6074,6
1.1221,0.1194,-0.4391,5.3679,-3.8270,7.9580,2
-0.4657,-0.0750,-0.7170,0.2167,-0.2339,0.2607,1
0.6438,-0.8526,-0.2895,-5.6690,-19.0283,8.0486,5
0.8296,0.0370,0.3205,-1.6149,-2.3057,2.0547,2
-0.0057,-0.5765,0.7203,-1.4413,-0.3518,2.6403,0
0.2529,-0.9893,0.4197,22.3965,-14.8569,10.2278,5
0.2768,-1.1114,-0.0903,11.8276,2.9661,-9.7399,5
0.0936,0.5469,0.6210,2.9231,6.4191,2.9084,0
-0.1801,-0.8096,0.1256,-5.7460,-3.9242,5.0715,5
0.1234,-1.1100,-0.8869,5.2253,-23.4845,-9.5417,5
-0.5894,0.2038,-1.3084,-4.8752,-10.1090,-1.5333,1
-0.5747,0.7835,-0.1577,2.2292,10.2194,-6.7067,4
0.1135,-0.2138,0.9847,1.1836,2.3572,1.2010,0
0.5168,0.7835,-0.5930,4.2281,8.6471,3.8252,4
-0.3994,0.7116,-0.0905,6.8416,15.8945,-1.3160,4
0.4197,-0.2733,0.9355,13.6974,19.8556,-0.2390,0
0.5359,0.2835,-0.6503,-4.0108,-2.1685,-3.4333,1
-0.1368,-0.6663,-0.8815,-0.3264,0.7505,1.4101,1
-0.0931,1.1606,-0.5042,9.1124,11.0562,-5.3994,4
-0.1986,0.5203,-1.1468,-6.2109,-10.7801,-8.1743,1
-0.3034,1.2090,-0.0865,-13.6361,6.7363,6.1870,4
0.4351,0.9662,0.6755,-1.8967,3.9867,-7.5686,4
0.0542,0.7091,-0.1223,2.3015,0.1288,-7.5638,4
-0.7279,-0.5392,-0.9629,-5.1998,-0.6521,1.3943,1
0.6112,0.0205,-0.4029,8.8722,10.2875,-12.6191,2
0.4515,-0.3682,1.2319,6.3155,-17.2765,-10.4086,0
-0.5099,1.1334,-0.8232,21.3779,-7.8628,-18.0575,4
0.6400,0.3749,0.5261,-22.6840,-1.1687,-17.7250,2
0.0866,-0.1538,0.8894,-8.2235,122.3383,-79.4145,6
0.9018,0.6494,-0.5185,13.8013,-2.6116,23.5631,2
-0.3079,0.5580,1.0978,8.1896,-10.0251,-3.8784,0
-0.7803,-0.8422,0.0434,6.7185,5.6104,11.6504,5
0.6196,0.4313,0.3048,47.5753,16.4025,-116.3001,6
-0.6578,0.1543,-0.6053,-5.7455,-1.9053,16.7056,3
-0.5107,0.7994,0.2384,-69.1286,-32.2902,-10.1609,6
0.8520,-0.1823,-0.4732,-3.6495,11.5270,1.4018,2
0.6966,-0.4269,0.3674,0.0058,0.0099,0.0088,2
-0.1832,0.6481,-0.3731,-1.3057,-6.3721,1.1240,4
-0.6101,-0.1202,-0.3652,0.0760,0.2796,-0.1898,3
-0.1613,-0.0668,0.7641,3.0427,-8.5581,2.7834,0
-0.5194,0.2038,-0.8386,-7.6025,162.8203,7.7326,6
-0.2090,0.3152,-0.8009,0.1052,0.4630,-0.0716,1
0.2317,-0.5184,-0.6245,3.1372,-23.4697,9.5170,1
0.4381,1.0200,-0.0900,-1.4927,-14.9474,-0.8880,4
-0.9058,0.6127,-0.5581,6.5444,-8.0277,2.1048,3
0.8901,-0.2817,-0.6240,0.0785,-23.9207,-15.3961,2
0.1983,0.8980,-0.0446,5.2956,14.0102,6.7776,4
0.2842,-0.1322,0.3082,-54.3503,36.2012,-111.3323,6
0.6049,0.9345,-0.6361,-54.1596,-169.0869,-59.2077,6
-0.1064,-0.5697,1.3142,10.8867,1.2209,-2.2818,0
0.6517,-0.4570,-0.2037,-6.1221,-23.0126,10.0681,2
0.2868,-0.9047,-0.2065,-15.8460,-5.2510,-10.8639,5
-0.9415,0.4497,0.8433,-10.3984,8.9525,-23.4093,3
0.4575,-1.1403,-0.4156,-6.5430,20.6217,-1.2269,5
-0.2460,-0.7847,-0.9217,-4.2215,-1.9377,0.9554,1
-0.8237,0.2887,0.3913,18.3604,-20.7826,7.0911,3
0.4883,1.3349,0.0042,-12.7140,-18.8771,-17.3874,4
0.2522,1.1987,0.4902,14.2029,-15.1598,2.6968,4
-0.3278,0.3597,0.5235,-48.8033,-53.5406,-32.0265,6
0.1995,-1.3741,0.4225,-11.8913,3.1155,-4.5540,5
-1.2022,-0.4419,-0.4911,-5.5999,-13.2014,6.4956,3
-0.6224,-0.8959,-0.4571,5.2066,-5.5260,5.3769,5
1.3166,-0.4269,-0.3846,-8.3702,1.3303,-7.2320,2
-1.2120,0.7049,-0.1942,-137.6581,55.3571,194.9652,6
-0.0124,-0.0286,-0.6731,12.0509,39.3264,-67.6984,6
-0.3284,-0.6207,-1.0708,7.9476,2.4323,-2.5885,1
-0.5316,0.5090,-1.0103,1.2528,-4.8505,20.0209,1
0.1510,0.2812,-1.1636,3.2278,-1.2132,-0.8615,1
-0.4924,-0.4534,0.1987,0.9551,-1.8025,-0.8093,3
-0.8949,-0.5775,-0.4243,62.8059,69.3661,-91.9270,6
-0.3797,1.2806,-0.4520,8.2109,-2.5112,-0.3488,4
-0.7224,-0.2719,-1.1777,-68.6120,-137.5383,-35.5348,6
-0.1026,0.8328,0.8367,6.4517,-23.2517,3.4264,0
1.2305,0.6196,0.4287,-7.7373,14.7248,-23.9323,2
-1.2743,-0.5685,-0.5439,-13.1534,-11.1355,-5.5954,3
0.4106,0.6777,0.7206,-15.3562,-2.6504,1.4176,0
-0.4755,0.6827,0.8815,9.4181,19.8214,16.5751,0
0.0847,0.1257,1.6992,58.4097,-38.9201,66.9253,6
-0.6035,0.7295,0.2984,17.2732,6.3176,-7.9399,4
-0.5654,0.1690,0.6614,-10.2031,8.4507,-2.8373,0
0.3071,-0.1156,0.7384,-13.4893,-5.0745,2.4242,0
-0.2192,1.2128,0.2974,-2.6447,3.4609,-3.4394,4
0.5533,0.3669,-0.3754,-0.4981,3.2260,3.2545,2
-0.2734,-0.3642,-0.5804,5.6947,-5.9466,-7.9137,1
0.7137,-0.3277,-0.6295,7.4174,10.5362,9.8497,2
0.2631,-0.5137,0.4734,11.7800,1.6004,-18.4612,5
0.7500,-0.8974,-0.7143,-7.4479,-20.8685,6.6190,5
0.6028,1.0153,-0.1488,-36.4542,-157.5410,61.8900,6
0.7695,-0.4959,-0.2073,3.7092,-27.5578,-2.3152,2
-0.7417,0.0194,-0.1634,12.6051,66.1892,40.7163,6
-0.0285,0.4275,-1.2770,-16.5813,-92.3466,9.0543,6
-0.2742,-0.4902,0.4841,37.5960,-91.8917,39.6576,6
-1.3068,0.4071,0.1685,98.1392,-107.3671,16.1194,6
-0.3769,-0.3584,1.0572,-8.4051,7.3363,12.6949,0
0.3038,-0.2926,0.6818,-4.9503,-5.6064,17.0953,0
-0.2130,0.8717,-1.0715,1.5102,-21.2634,-8.3116,1
1.0169,0.6963,0.6605,5.7935,-4.0560,11.9179,2
-0.0542,-0.7909,-0.9171,-0.1879,-8.0773,5.6978,1
0.3874,-0.7189,0.1062,-17.1014,-235.4027,2.1093,6
1.2393,0.4109,0.6269,-2.3381,19.7276,-14.5914,2
1.1883,0.0135,-0.4399,5.7288,-5.0374,-12.2051,2
0.1117,0.2839,-1.2328,-3.7903,5.4159,-0.1422,1
0.7527,-1.0527,-0.0605,5.9819,14.5203,-3.0083,5
-0.1137,1.3391,0.5608,10.4455,9.6977,1.3436,4
-0.2587,-0.3612,0.9359,-8.6650,13.5362,-4.2940,0
0.6139,-0.6579,-0.9497,3.5118,7.6070,0.4420,1
0.6978,1.1580,0.2786,15.8780,-23.3829,-57.5571,6
-0.1335,0.4885,0.7937,67.6870,181.1697,118.7122,6
0.3228,0.7524,-0.0726,-4.1570,-11.4984,-7.2800,4
0.4429,0.1266,0.6139,-1.9360,-5.5429,0.3093,0
0.5595,0.2888,-1.1323,19.7200,-8.2560,6.8234,1
-0.1602,-0.8162,-0.4907,16.6653,15.5297,-11.0088,5
0.5870,-0.5306,0.7479,-4.5988,24.3272,-3.1828,0
0.4782,-1.0364,-0.2334,-6.7774,-9.0144,18.4750,5
-0.9940,1.1091,0.4032,-9.3007,-41.9766,-58.6799,6
0.8268,0.0165,0.6358,3.9286,-20.4183,14.7334,2
0.0099,0.0153,-0.6830,-50.8042,23.0345,-38.7627,6
0.5870,-0.5409,0.2685,-1.1169,12.6851,-1.3736,2
-0.4655,0.3536,-0.7844,-7.4729,-34.9796,-49.7769,6
0.6891,0.0710,-0.0437,-4.2406,-11.7309,14.3864,2
-0.9037,0.5300,0.5436,189.9998,-10.1367,45.6883,6
-0.0193,-0.5571,0.6166,4.3049,21.8675,-5.0796,0
-0.3717,-0.0248,-0.6787,-1.2770,1.0756,-23.7441,1
0.9171,0.1583,0.3110,11.8267,2.6981,14.8250,2
-0.3531,-1.4294,-0.9364,159.9911,-12.4143,-150.4558,6
0.6672,0.2661,0.0787,-1.3245,-2.3737,0.4001,2
-0.6923,-0.1829,-0.5861,1.0723,84.8640,-9.2826,6
-1.2824,-0.4540,-0.5330,1.2355,6.8946,-0.3498,3
-0.0313,0.7425,-0.1257,2.8340,-1.6151,2.1995,4
-0.5117,-0.2171,-0.0169,45.5322,87.0323,-220.9881,6
-0.5794,-0.7060,0.4025,7.8019,-0.6548,2.8563,5
-0.1652,0.2350,-0.6619,-9.3142,-14.6653,-10.9898,1
0.0356,1.2139,-0.2709,14.5539,-7.9401,-7.1643,4
0.9619,-0.3425,-0.4385,-8.6627,14.1715,-24.0418,2
-1.2272,0.2697,-0.2081,-3.5245,8.3967,-15.5047,3
-0.8004,-0.5584,0.6849,3.6516,3.3331,2.2205,3
0.8421,-0.7834,0.7799,-7.9398,0.1337,5.9187,2
-1.1250,0.1053,0.3105,-5.9269,-16.9985,-10.2229,3
-0.2987,-0.7266,-0.1915,0.9026,-11.6466,-2.4798,5
-0.9140,-0.9162,0.4656,-7.8496,-1.7005,3.5047,3
0.9262,0.3423,0.1434,-8.3200,-1.4071,10.1977,2
-0.5445,0.6903,0.4939,9.8512,-3.7391,7.0452,4
-0.5193,-0.4527,-0.3626,0.0768,-0.7319,0.1153,3
-0.3217,0.6070,-0.7060,98.0530,215.6930,-79.5692,6
-0.0117,0.8022,-0.0720,-11.1868,22.0462,11.0072,4
-0.4228,0.7095,0.7744,-1.1926,-0.2241,0.2718,0
0.2233,0.6355,0.4080,-1.7625,1.3438,-7.0591,4
0.0754,0.8993,-0.0371,8.3362,0.6671,-0.1951,4
-0.7783,0.2500,-0.7813,-0.7229,5.4683,6.7915,3
-0.5892,0.2347,-0.8841,-4.2424,0.7891,4.7794,1
0.6018,0.5537,0.2295,-6.2270,-7.1203,-6.0199,2
1.0355,-0.5400,0.5499,-3.7304,13.1829,-6.6798,2
0.6071,0.9624,0.6885,-21.6101,-5.6379,16.2445,4
-0.3092,0.0002,0.9977,-12.3354,12.6494,-15.7102,0
-0.4840,0.9646,0.5533,-8.0048,5.1511,-8.0927,4
-1.0212,0.9730,-0.4958,5.6976,-4.1978,3.5755,3
0.9488,0.6454,0.1388,-6.2177,-6.1001,-10.2930,2
0.5676,0.5449,1.1610,-7.3093,3.9987,-9.3103,0
-0.6579,1.2726,0.2207,-5.6387,-3.4025,-2.5391,4
0.0134,0.7226,0.7847,2.0225,22.1621,-10.9169,0
0.1927,-1.2663,-0.0616,-6.8680,-2.8915,-1.5729,5
0.5061,-0.4977,0.2962,1.2715,18.1353,8.8292,2
0.6688,0.4384,0.1805,0.1962,5.7707,0.0446,2
-0.5922,0.3714,-0.5316,-62.2354,-159.0943,-16.4667,6
-0.5164,0.1669,-0.8033,-10.6580,-1.6359,3.0816,1
1.5115,-0.6077,0.1407,25.8439,-62.7675,-81.1061,6
1.1522,0.6715,-0.6089,3.2117,3.4734,22.9886,2
0.3484,0.0691,1.1435,133.2948,42.3141,-89.8621,6
1.1342,0.1643,-0.5292,15.8205,-24.6146,3.9067,2
-0.6923,-0.3387,-0.6340,-17.0402,3.1591,-16.1036,3
1.2497,-0.1302,0.2869,6.5491,17.6241,-4.5327,2
0.2133,1.3909,0.3351,-9.0612,-8.3274,3.5489,4
-0.8643,0.6059,-0.8624,-2.2658,-13.6960,19.8229,3
0.5799,0.7289,-0.0381,22.5388,-12.3746,-0.7293,4
-0.8473,-0.0310,0.3627,-3.8676,1.9690,-6.5327,3
-1.0310,0.4779,-0.0069,-75.7490,-198.2118,106.3508,6
-0.3106,1.1261,0.8037,0.6400,-2.5199,0.3085,4
-0.5090,1.1328,-0.2299,-6.4607,1.4072,-6.3462,4
0.3259,0.5578,0.6862,-25.8281,-7.6612,7.4985,0
-0.5428,0.4024,-0.9345,-1.1399,0.3992,-0.4748,1
0.4014,1.0275,-0.8237,8.7695,-0.3619,5.3190,4
-0.8921,-0.2130,-0.6737,-19.0294,-0.7223,15.1758,3
-0.2739,-0.8069,-0.2653,12.2719,-7.3556,-18.1438,5
-0.3682,-1.0534,0.3950,15.1214,-0.5421,23.9378,5
-0.0775,0.3592,-0.7171,3.5956,-24.2856,-13.4329,1
0.2450,0.2803,0.5917,-2.7825,8.3823,7.9537,0
0.8196,0.4218,0.3991,0.3603,-0.8564,-0.4354,2
0.6421,-0.2503,0.1996,-0.5959,2.0545,4.1418,2
0.1885,1.2242,0.0684,-3.7511,-1.2148,4.2930,4
0.6861,1.0112,-0.2780,-7.9751,18.2595,-2.3368,4
-0.0558,-0.9493,0.7471,-8.5279,-1.9072,-9.8634,5
-0.0647,-0.6347,-0.8043,24.6727,74.3409,175.3851,6
0.8285,0.4006,-1.1227,-20.8080,-3.5930,-16.8063,1
0.0009,1.4579,-0.2469,55.7567,-0.5488,144.5961,6
1.3532,0.2115,-0.2153,-20.0965,1.1874,18.1579,2
-0.3409,-0.2971,0.1557,11.7099,-35.7978,59.6456,6
0.8773,-0.7501,-0.5083,-12.1387,-12.7791,-8.9415,2
0.0187,-0.8671,-0.1402,-1.9963,11.4733,-2.9343,5
0.2288,0.9077,-0.4036,-79.2441,-113.0008,112.6699,6
-0.4459,0.0438,0.6725,-12.4160,-22.9310,-14.3874,0
-1.2637,-0.1807,0.3905,-8.0887,-6.3569,-9.3187,3
-0.0540,-1.2208,0.4279,47.4688,57.2170,-100.1717,6
0.7042,0.3471,-0.2738,11.3639,4.5569,10.6080,2
-0.1809,-0.3662,0.5979,16.8718,-2.0873,14.3926,0
-0.9437,-0.5003,0.7172,-5.9074,-14.1580,20.2421,3
1.3370,-0.0730,-0.3138,-12.1428,10.6640,2.3784,2
-0.1579,-0.4306,0.9469,21.7298,121.8620,6.2023,6
-0.5877,0.1573,-0.5288,-6.0755,-1.5865,-1.1313,1
0.3600,0.9062,-0.6470,-1.2759,5.6132,4.2584,4
-0.1961,0.8347,0.7654,76.1354,179.2752,70.1932,6
0.1010,0.2221,-0.8115,-13.1159,-3.2915,8.8849,1
-1.2281,-0.6533,0.2619,-12.3184,-21.0774,-12.0537,3
0.6804,-0.1477,-0.5943,127.9068,147.0381,-145.3206,6
0.4916,1.1185,-0.6510,-2.1486,20.2043,-16.3889,4
-0.0395,-0.4394,-1.3483,-5.8976,-1.2553,-9.5492,1
0.6363,-0.1004,-0.4777,9.0282,10.9499,-2.4295,2
0.9499,0.4445,0.4824,16.4260,13.9707,4.5708,2
-0.5278,0.6943,-0.7487,109.3502,-41.1483,41.1215,6
-0.9300,-0.0838,0.6121,-0.0346,1.4415,1.2630,3
1.1505,0.5251,-0.7355,-22.1448,-0.9057,-20.1801,2
0.9932,0.3582,-0.4386,-12.3692,-3.3956,7.6425,2
-0.7576,0.4799,0.8871,7.7426,3.3402,-11.9106,0
-0.1543,-0.6549,-0.5542,2.9983,-0.3665,-2.4034,5
0.4171,-1.3270,-0.2772,9.5275,-0.7493,-0.2421,5
0.3818,0.8195,0.2117,-0.1866,-15.1253,-0.3926,4
0.5811,0.7315,0.3272,11.0325,-3.4137,2.8726,4
-0.5305,1.0602,0.3228,25.1214,-9.5732,-1.5792,4
-0.5376,-0.5022,-0.2835,6.6977,8.0414,-1.8660,3
-0.4143,-0.5124,-1.0680,-0.7395,1.0980,-0.0027,1
-0.2404,-0.4936,1.3381,4.0305,2.7613,9.1034,0
-0.4851,-0.5549,-0.2115,0.7168,-1.6845,19.4133,5
0.3695,-0.7590,-0.0244,12.0614,10.5309,-4.6202,5
0.5062,-0.7524,1.0103,1.4358,-8.4732,8.3222,0
-0.5188,-0.4775,-0.5086,2.1681,-2.6097,0.4609,1
0.1737,-0.6063,1.1609,-5.5550,10.6927,20.0936,0
-1.1494,0.1812,0.1132,0.2743,0.0858,0.1996,3
0.5147,0.7270,-0.4967,4.6506,-11.9258,-16.2944,4
0.6216,-0.6068,-0.4507,7.3257,-10.3505,2.8162,5
-0.4276,1.0759,-0.0801,-3.3298,-16.8614,-1.7614,4
-0.2397,0.4597,0.5658,-1.2235,1.6950,-1.1527,0
1.2906,-0.0811,-0.0424,-5.3348,0.1648,-1.6877,2
0.2765,-0.8272,-0.0445,129.3815,57.5682,-31.2807,6
-0.3695,0.0525,-0.6053,-13.8411,19.5960,-2.2344,1
-0.1037,0.8530,-0.2716,-0.1789,0.0902,0.0401,4
1.0786,-0.1698,0.1202,0.7298,-2.5229,-1.3319,2
0.5792,0.4237,-0.1129,-14.1147,-14.6603,-3.4780,2
1.3982,-0.0173,-0.0082,-0.3519,-2.1321,-1.4899,2
-0.4285,0.8327,0.6509,3.4992,5.0993,17.9029,4
-0.1456,0.7504,-0.9727,-1.9222,0.5272,-3.5914,1
-1.0595,0.3709,0.5014,11.3227,-7.9507,14.7059,3
-0.8754,0.8273,-0.4968,-0.0624,-0.0766,-0.0560,3
-0.4515,-0.3663,0.2983,26.4961,0.4388,7.5681,3
0.1291,1.0678,0.6201,-15.3068,-12.6606,20.9588,4
0.1239,-0.8934,0.9973,-0.4362,-12.7377,-13.7311,0
1.0855,-0.3862,0.4494,8.1919,11.4711,3.4668,2
-0.5919,0.4985,-0.1570,-15.9854,-15.1239,-8.3721,3
-1.2750,-0.4294,0.3977,-27.9366,2.8252,-6.1360,3
-0.5951,0.1030,-0.7101,-4.8677,-1.0578,16.1098,1
-0.3674,0.6058,0.1049,41.7503,59.4289,-8.6456,6
-0.3819,0.9781,-0.3189,-0.8222,1.4411,-15.9164,4
0.7223,0.4545,-0.2069,-15.3879,7.9881,9.9097,2
-0.1801,-1.3741,0.0716,19.2000,15.9696,4.2482,5
0.6641,-0.6959,-0.9142,-17.6799,-4.7358,-11.1199,1
-0.4712,1.0402,0.0419,-5.6585,-0.6468,0.6709,4
-0.6198,-0.7728,-0.6266,6.2837,-1.6264,3.6901,5
-0.7207,0.6386,-0.4495,-5.5455,-1.0360,10.2739,3
-0.4766,0.4797,1.1488,20.3180,-3.0899,19.7546,0
0.5148,0.3058,-0.5907,-4.2270,-4.7739,2.2812,1
-0.8949,0.7321,0.8934,-5.4209,-14.8575,-12.3741,0
0.1299,-0.3156,-1.1572,1.8939,16.9930,-22.9684,1
-0.9169,0.1512,-0.4364,11.1244,-7.1796,-20.4982,3
-0.1768,0.8094,-0.1901,7.0294,15.9265,0.8395,4
-0.5943,0.2545,-0.2146,6.6870,6.9482,-8.2267,3
0.5987,-0.5700,-0.2581,17.4517,-10.7354,-7.9561,5
0.7149,-0.3818,0.0259,-12.7792,-8.8782,0.7898,2
-0.3710,-0.2499,0.7776,15.9387,-1.3860,-2.1605,0
-0.7119,0.2475,1.1201,28.0876,-5.3872,1.5962,0
0.3719,0.4397,1.0780,-11.6498,10.0982,4.5531,0
0.3347,-0.0091,-1.3399,5.7827,18.2955,5.5392,1
-0.3977,-0.1708,-1.3022,-8.0258,-4.7571,27.8475,1
-0.2089,-0.2027,0.8904,24.5356,14.4464,-7.0074,0
-0.6767,0.7634,-0.1090,22.9218,49.6803,-109.3488,6
-1.1382,0.1904,-0.7609,4.5006,-13.6861,-10.0887,3
-0.0889,1.1372,-0.8543,-15.1877,5.3691,11.5159,4
0.8823,0.2888,-1.1160,-0.0034,5.8908,1.8957,1
-1.2909,-0.2221,0.7909,-67.8112,39.3011,-42.3591,6
1.1944,0.2604,-0.6258,10.4823,4.5690,22.8808,2
1.3349,0.3882,0.4567,-4.6015,-14.7886,-11.9648,2
1.2376,-0.6020,-0.1277,-6.3224,-2.8912,17.8759,2
-1.0938,0.0760,-0.7747,-1.4558,6.2900,1.2810,3
0.4218,-0.8630,-0.8049,8.3703,20.8904,-3.8901,5
-0.7753,0.4227,0.9149,-4.8893,-18.9262,-2.0202,0
0.3497,-0.7023,-0.7368,-1.6500,0.3269,-3.7777,1
1.2469,-0.4911,0.0791,0.6182,14.7383,7.7597,2
0.4008,-0.8910,0.6814,7.6373,-1.7228,5.9303,5
0.4726,0.5040,0.5172,211.1240,-30.6698,-61.2453,6
0.5863,0.2316,-0.2206,-1.7371,4.3131,0.4164,2
0.8955,-0.1885,-0.3283,-5.7058,-22.9374,16.0137,2
-0.4628,-0.4949,-0.4197,20.5257,-15.3819,10.1670,3
-0.1682,-0.8958,-0.8549,-0.2123,0.8952,3.5216,5
-0.5932,0.9862,0.1291,-10.2427,22.7317,6.8082,4
-0.4501,0.3678,-0.7657,17.5909,166.4550,106.5490,6
1.2806,0.2466,-0.2676,-16.0947,-4.6516,9.8162,2
0.6026,0.6486,0.5145,1.4058,3.5442,-5.9530,4
-0.3399,-0.3061,1.0728,13.1821,13.3439,0.3978,0
0.6758,-0.2569,-0.9788,2.1728,-2.0082,0.7401,1
0.6341,-0.5730,-0.0336,-12.8677,-23.7415,-2.2760,5
0.7519,-1.1716,-0.4387,7.0929,10.3183,-8.5879,5
0.2545,-0.4474,0.5262,0.2526,1.1227,0.2697,0
-0.5495,1.4626,0.4646,1.4841,-78.8525,-79.6401,6
-0.6540,0.4071,-0.9205,24.8531,8.5901,1.1649,1
0.8186,-0.4086,1.1121,-0.3585,-2.3429,2.5897,0
0.6924,-0.1873,0.2712,-0.2594,0.5622,-0.4386,2
0.5933,1.0742,-0.3394,-123.0814,43.4889,-61.0386,6
0.2737,-1.5067,0.1994,-64.5228,29.7935,53.0614,6
-0.3796,-0.4655,-0.8436,2.4953,-12.7288,-16.7768,1
0.8692,-0.0140,0.0215,7.4172,2.8797,-0.2755,2
1.1918,0.3607,0.5829,1.5107,0.0160,0.4002,2
0.6210,-0.5153,0.2010,-17.0103,2.1843,4.2434,2
-1.3581,0.1279,-0.3910,11.7763,-17.0095,0.3662,3
0.2433,-0.8933,0.3420,-12.8192,-9.9497,16.5514,5
-0.5399,-0.0566,0.8448,-2.1861,13.5121,-13.7726,0
-0.6552,-0.7074,-0.1553,-4.4732,19.3950,-13.8679,5
-0.4876,-1.0226,0.7513,3.5251,-3.6274,8.0102,5
0.4517,-0.9822,0.8752,-8.6329,-4.0698,1.2946,5
-0.6384,-0.6160,0.7230,0.3381,6.8051,-0.1542,0
0.5623,1.0095,-0.4348,-210.8380,68.6425,-42.0027,6
1.0870,-0.3720,0.8495,-5.9921,8.5509,0.8168,2
1.1129,0.2829,-0.8309,1.1634,-0.3614,0.7247,2
-1.2195,0.0257,0.1682,-2.8132,0.5517,-6.3772,3
-0.1631,-0.2153,-0.6810,1.8485,0.0576,0.1570,1
1.2296,-0.0738,0.0885,5.9935,23.7168,-13.0269,2
0.5137,-0.3991,0.7415,-4.5321,-6.5302,4.4170,0
-0.6043,0.3866,0.1125,-4.1425,-9.8809,-2.2912,3
-0.1072,0.7542,0.0607,162.6640,8.7976,-133.5499,6
0.2217,-0.1984,0.7860,-0.0246,0.1881,-0.0162,0
0.4321,-0.6482,-0.1956,15.4695,4.4442,3.2625,5
0.8446,0.2540,-1.1491,-22.6357,-6.9157,-17.1539,1
-0.3283,1.0991,-0.6724,19.0688,15.6284,-16.0087,4
-0.1333,0.6473,-0.3738,-7.2617,-1.2828,-2.2833,4
0.6964,-0.3783,0.9379,18.9232,1.3156,0.4990,0
0.3144,-0.8203,-0.1901,-10.4556,-0.3058,-1.7379,5
-1.3113,0.2471,0.0135,13.4636,139.5375,-88.3007,6
0.5107,-0.7734,0.3808,-4.0166,-3.1565,-26.5386,5
0.0356,-0.2990,1.0415,1.8063,-8.4534,6.7447,0
-0.9991,-0.6561,-0.5270,83.0614,-195.7939,125.0469,6
0.0747,-1.3172,-0.3896,-13.3007,-1.9438,-21.9451,5
0.7610,-0.7644,-0.0393,109.1842,19.0640,60.2752,6
-0.0084,0.1586,-1.3202,-17.6583,14.1500,-17.9951,1
0.7081,0.9684,-0.4347,1.0295,-27.8005,8.9905,4
0.4381,-0.2495,1.0755,74.8872,56.4008,41.5630,6
-0.6399,-0.1461,-0.7796,-24.7663,-12.6676,10.1764,1
-0.3049,0.8469,0.4416,-10.5987,11.8426,1.7773,4
0.0880,0.7508,-0.1511,-4.0190,-172.8855,96.1376,6
0.1695,0.8718,-0.5461,0.1712,0.1347,-0.0945,4
0.6403,-0.3748,-0.2077,-7.8802,1.6447,3.9220,2
-0.2492,-0.7260,0.7743,3.1978,2.9092,-20.5252,0
-1.1138,-0.0322,0.0042,-4.0573,5.2959,-11.9006,3
1.1862,-0.5970,-0.6082,-2.2932,-0.7688,1.1078,2
-0.5023,0.6087,-0.9959,-2.4668,2.6254,1.4472,1
0.3806,1.2664,0.2084,-5.7114,-12.5032,-2.7056,4
0.3931,1.1346,-0.0659,-25.1639,-79.5470,-84.0068,6
-0.7117,-0.3584,-0.0831,-20.8644,6.4972,11.8667,3
-0.1579,-0.7416,-1.0088,-12.7951,-4.3531,10.2497,1
-0.9476,-0.2930,0.3039,10.9603,-1.6992,5.2242,3
-1.3910,-0.0209,-0.3877,14.8481,24.1174,8.4587,3
0.6955,-0.0042,0.5565,-4.3429,-0.3333,13.2800,2
0.1151,0.4803,0.7504,-0.9441,27.5057,-2.7073,0
0.3933,0.9520,-0.1088,3.6479,4.9269,18.2588,4
0.8092,0.1342,0.3846,-5.4537,8.6511,-16.1521,2
-1.2176,0.2702,-0.5461,-13.7819,-26.2535,-2.6218,3
1.2081,-0.5643,-0.1880,12.7590,1.2294,1.3212,2
0.0505,-0.1789,-0.8460,-5.1120,13.7466,3.1156,1
-0.3545,1.0894,-0.0730,-14.4936,6.1764,13.3011,4
0.0431,-0.2015,-0.9676,3.8601,4.3586,7.8198,1
0.5725,-0.1347,1.0301,-0.3946,-1.1168,-4.9426,0
0.2483,0.7524,0.0959,-1.1295,2.0435,1.3395,4
-0.1193,-0.7208,0.4719,7.6686,-1.1874,-3.8794,5
1.5527,0.0194,-0.0961,-127.4211,189.6996,1.5848,6
-0.7924,0.3087,0.0575,-13.7073,-23.3079,-2.0100,3
-0.6009,-0.8175,-0.1134,-1.8976,4.0441,11.3221,5
-0.8445,0.3391,0.9540,0.0580,0.1852,-2.9171,0
0.6024,-1.3617,-0.3082,-4.2580,-2.1437,0.0023,5
0.0608,-1.4066,-0.4537,17.5783,-4.6433,-3.3383,5
0.4360,-0.3024,-0.9992,-85.2864,-68.6022,-22.8905,6
0.5442,-0.5781,0.6443,-2.1804,0.6234,1.4276,0
-0.4346,-0.7231,-0.7830,-3.2935,0.7809,0.2571,1
-0.7385,-0.3078,-0.4806,-7.7859,-1.5091,11.2640,3
-0.5988,-0.6275,0.2250,3.7858,1.4173,1.0565,5
-0.4019,0.5906,0.2992,5.7205,-2.3278,-11.5460,4
0.8352,0.3950,-1.0146,-1.5289,-10.6248,-23.1326,1
0.4827,-0.2659,-0.5288,8.3571,-0.4400,-0.0424,1
0.6171,0.2975,0.4029,-6.5303,3.4086,-15.6292,2
-0.1544,0.0025,-0.7190,-0.2441,0.1097,0.0818,1
0.9441,0.6414,0.8301,5.4264,-6.3391,4.5681,2
-0.8167,0.0237,-0.5185,-2.3180,-3.6587,-11.1859,3
-0.9731,0.1884,-0.5202,-11.6201,19.8439,-5.3544,3
-0.6055,0.5541,0.1114,7.3938,-19.9979,-16.6233,3
0.3258,0.9335,-0.0369,5.1198,19.8001,4.3127,4
0.3627,1.0038,0.4237,0.7062,0.3941,2.5993,4
-0.8736,0.0864,0.1468,4.0652,3.3334,7.5802,3
0.2325,0.3517,-0.8281,11.0827,15.5617,-3.9757,1
0.4928,-1.0048,0.2250,3.0225,-2.0074,-4.3235,5
1.2503,-0.0090,-0.5231,-5.2429,-9.0467,21.5654,2
-0.2361,0.0379,1.2662,0.7972,6.0146,7.4172,0
-0.0446,-0.6107,-0.8780,-9.0103,-16.5663,18.2745,1
-1.1706,0.0458,-0.7440,-1.1054,-0.0954,2.4394,3
0.1412,-1.3987,-0.0018,0.0370,-0.1322,-0.0989,5
-0.2569,0.1594,0.8920,-4.0556,0.3224,-13.6746,0
-0.3064,-0.7846,0.2297,-2.4727,-2.3812,-12.6943,5
-0.8333,-0.5573,-0.6293,3.0303,-20.7437,-12.6150,3
-0.5192,0.3945,-0.4766,-70.2610,-33.8196,-10.9031,6
0.6856,0.2584,0.3689,131.6471,79.4076,-69.1295,6
-0.3585,0.7066,0.8646,0.7350,14.6431,-2.3424,0
0.5972,0.5639,-0.0617,-1.5343,-15.8066,9.2280,2
-1.2163,0.1496,0.0429,1.1706,-0.3335,-4.6802,3
-0.9985,0.3044,1.0445,-55.5016,-15.8194,90.7858,6
0.6024,0.8646,-0.0239,0.0920,-0.2179,-28.9740,4
-0.6652,0.4241,-0.3416,9.3924,13.5299,3.5403,3
-0.2315,-0.9094,-0.7563,-0.9889,-1.4294,-1.0725,5
0.9407,-0.6549,0.2165,-16.5707,1.1617,8.9378,2
0.2685,-0.2632,0.5794,2.3107,-3.8339,-1.1931,0
-0.2215,-1.2668,-0.2568,8.6464,15.7434,-5.3621,5
-0.8467,0.0520,-0.6721,-0.3557,-0.5466,5.8946,3
-1.2748,0.4090,0.0811,11.6890,-23.4740,4.7360,3
-0.7429,-0.4495,-0.3785,-1.9788,11.6206,-8.1387,3
0.2215,1.0266,0.8440,11.2054,-3.6281,11.4860,4
0.6040,0.7907,-0.6522,12.0486,26.4555,2.2182,4
-0.5054,0.0233,-0.6323,7.3499,1.4456,-9.8851,1
0.4388,1.2661,0.2299,0.3054,-1.3868,-0.6106,4
0.1184,-0.7136,0.4849,-0.4703,-12.5335,-13.4491,5
-0.5232,-1.2774,0.1190,-2.7203,-8.0757,19.9477,5
-0.9568,0.0601,-0.5506,-76.1083,127.7856,20.6876,6
0.6556,-0.0038,0.8058,0.4167,9.2701,-1.0650,0
-0.1215,-0.7268,0.9777,3.0533,4.9701,-12.3761,0
-0.1895,-1.1801,-0.1200,92.4563,80.1204,-161.1877,6
0.1364,-0.4052,-0.6011,-1.7570,-7.3788,6.8818,1
0.3819,-0.4432,-1.3612,-16.9698,-15.9752,-17.6812,1
-0.1735,-0.9393,-0.7277,4.7779,-15.0960,15.0113,5
0.5921,0.5730,-0.0752,0.5085,0.0213,-0.1048,4
-0.2469,-0.1105,-1.3234,7.8999,-16.1996,6.7405,1
-0.1463,0.2658,-1.2979,-7.5449,-15.5857,-90.7532,6
-0.4256,-0.8950,-0.2220,-183.9510,-62.4929,113.5227,6
0.3424,0.7592,-1.0542,-187.6445,57.8009,-45.2962,6
0.0972,-0.7089,-0.3436,3.3885,-4.6210,-26.5835,5
-0.6768,0.0005,0.1134,-5.6533,-20.4068,1.4236,3
-0.1287,0.3333,-0.5804,0.8137,-1.6674,-6.4885,1
0.2508,-0.1933,0.7658,-1.0221,0.4185,0.6491,0
-0.4128,0.0636,-1.2177,-8.9111,0.1067,2.6086,1
0.1495,-0.4032,-0.7607,-3.1035,-8.1545,25.9620,1
-0.8085,-0.0543,-0.0747,-21.4084,11.4928,-8.2444,3
-0.9495,-0.2326,-0.3032,0.8497,0.1778,-3.0702,3
0.7763,-0.6656,0.7893,18.6101,-0.7156,-10.4567,0
-0.5764,0.9122,0.1368,18.0384,19.4177,10.4655,4
-1.0156,0.5558,-0.2898,-1.6084,4.4717,17.7295,3
0.1055,-0.6476,-0.0142,-7.7011,-0.9791,-0.0175,5
-0.5274,0.6192,-0.3279,6.3267,-5.4482,-27.0524,4
0.6100,0.6423,-0.1339,-13.4810,2.9925,0.8267,2
0.1253,0.5576,1.3864,-4.8240,4.2829,11.0745,0
-0.5989,1.2330,-0.5104,3.0218,-3.0079,-17.0497,4
0.6084,0.0649,0.5608,-0.3493,-5.6403,-2.2747,2
0.3076,-0.8994,-0.6107,-2.5254,21.3731,-14.8855,5
0.1086,1.1733,-1.2781,-4.2152,78.9842,13.9448,6
-0.1811,0.4070,-0.5849,2.5178,-5.3207,-8.9394,1
-0.6243,-0.3415,-0.5639,19.5783,-2.2170,-3.1332,1
1.3626,-0.0014,0.0217,122.5837,27.4424,173.3099,6
-0.2584,0.5010,0.5752,28.1143,0.8140,7.1354,0
-1.1604,0.3595,-0.3311,-0.8673,-14.9840,-6.1952,3
0.3681,1.0472,-0.5251,2.5954,-10.0779,-7.0240,4
-0.0537,0.8717,-0.5417,75.1456,82.9339,-18.1117,6
1.3777,0.1616,-0.2426,5.3985,12.0319,18.8281,2
-0.5595,-0.1242,0.6150,18.0366,10.5548,-12.9160,0
0.4627,-0.3720,0.8438,-93.1683,-118.8399,103.3400,6
-0.5936,-0.5337,0.5310,-65.5646,94.7867,-214.1805,6
1.0262,0.0078,-0.5368,-0.1463,-5.4426,-1.1438,2
0.2353,0.9068,-0.4387,20.0387,-1.7141,19.0474,4
0.7917,0.6673,-0.0829,-0.1967,-0.1691,0.1684,2
0.2281,-0.4571,0.8407,19.5763,115.4858,35.5235,6
0.2636,1.3908,-0.4150,-18.3371,9.5160,-2.5423,4
1.2549,-0.3889,0.6944,166.3020,70.9662,-133.3504,6
0.7923,0.9168,-0.5046,-18.5193,-19.5189,6.9125,4
-0.4018,-0.5000,1.1183,6.5351,10.9277,15.0231,0
0.4830,1.0741,-0.5389,-1.7134,-0.1502,-6.5876,4
0.0218,0.6617,1.2799,-16.9738,-22.6047,-6.0556,0
0.6851,-0.7466,-0.3654,-2.1146,11.0163,-13.8218,5
0.0468,0.6546,0.4602,6.5145,-171.3289,-129.0850,6
0.3074,-0.6011,1.3315,6.7405,-2.5312,-2.5261,0
-0.3524,-0.2396,-0.7897,7.2418,-22.2489,7.3818,1
0.5130,0.0303,0.5326,12.2162,-11.1629,10.5833,2
0.9859,0.6119,-0.5236,17.0773,-2.3433,0.8131,2
1.1749,0.1490,-0.3841,1.2710,2.2305,0.2383,2
-0.6132,0.8560,0.1956,-0.5086,7.7918,4.2582,4
-0.1766,1.3435,0.0717,9.7542,-21.8578,3.4095,4
0.6899,-0.0301,0.8127,-50.8854,-83.8125,30.4958,6
0.2499,0.8666,-0.0121,5.3640,6.4219,-5.2823,4
0.3525,0.6149,0.4806,2.0607,-5.5335,11.3015,4
-0.9209,0.2245,-0.1222,5.3912,-3.3211,-0.3009,3
1.3027,0.2734,-0.0637,-11.7550,-4.7479,0.0562,2
-0.8630,0.7175,-0.6186,44.8858,-93.2180,-82.6229,6
-0.0025,-0.3683,-0.6544,-22.3683,13.3999,-4.7774,1
0.1622,-1.0694,0.9614,2.5872,-7.5525,-19.4946,5
0.4739,0.4446,0.3743,-5.9926,-11.0656,-16.8840,4
0.7010,-0.2215,0.2342,8.2590,-6.3541,-2.9101,2
0.7506,-0.0301,-0.3193,4.2917,-117.4654,60.6952,6
-1.2982,0.6725,0.6822,86.2063,-37.2412,-50.2997,6
-0.9058,0.2159,-0.7967,-0.3101,6.4785,1.4540,3
-1.0890,0.5188,-0.6107,1.0198,-0.4504,0.0432,3
0.6556,-0.2497,-0.0657,16.6184,22.7043,5.6533,2
0.9670,-0.3254,-0.1057,-17.2071,57.0915,-28.2883,6
-0.0765,-0.1891,0.8346,-0.6290,2.0754,-0.8779,0
-0.3326,-0.9045,-0.6735,-68.2591,-32.0168,55.5022,6
0.2737,0.6802,-0.7894,-52.0581,78.7725,99.2010,6
-1.1905,0.3201,0.2375,59.5889,75.7439,28.8460,6
0.4470,0.8929,-0.0690,-11.1846,6.7712,18.4841,4
-0.3583,0.4706,0.7727,3.4019,-1.5276,-2.8878,0
-0.7358,0.2049,-1.4766,-23.1423,-18.9280,-101.6336,6
0.1992,-0.6885,0.4651,-18.6707,7.7683,-6.5609,5
-0.0753,0.9351,-0.9339,-0.5617,-3.7684,0.9195,1
0.2992,-0.5963,0.6443,11.7843,-8.4184,-8.0986,0
0.8504,0.5846,-0.5473,4.0005,-2.2090,8.6520,2
0.4528,0.5058,0.3822,2.1152,12.8952,-11.3343,4
-0.6673,0.3703,-0.3289,-1.1241,0.6465,-10.3568,3
1.0951,0.0734,-0.9333,-4.1926,-4.3642,6.0665,2
0.5425,0.2079,0.5399,-100.5854,-61.0846,2.5285,6
0.3726,-0.7220,-0.6853,-5.5192,-43.0665,-58.7351,6
-0.1902,1.1509,-0.0228,-5.4379,7.3309,-25.0385,4
-0.5627,-0.8710,-0.6061,1.2457,-10.5110,4.4985,5
-0.7819,0.9387,0.2614,157.2269,105.1333,-21.3174,6
-0.6643,0.3901,0.3301,11.8564,-20.8106,-3.4677,3
0.6312,-0.0479,-0.6950,-4.9255,5.5612,-17.3916,1
1.0056,0.1122,-0.1293,-6.4275,1.9347,6.8239,2
0.4959,0.1224,-0.9611,11.6898,14.1107,-10.9415,1
-0.6057,0.8852,0.3075,-2.0933,-0.6173,-10.6602,4
0.7895,0.1620,-1.0602,-52.3198,-151.0775,-97.2577,6
1.2011,-0.7770,0.1708,-3.6041,-4.6856,-7.7993,2
0.3120,-1.0004,0.1289,176.5639,131.5275,-73.2534,6
-0.6584,-0.3367,0.3092,4.1869,-11.0978,7.3963,3
0.5423,-1.0132,-0.6599,-6.5956,8.7070,16.4984,5
-0.0208,0.5065,0.6510,3.5944,1.6341,-7.6138,0
-0.6580,-0.9963,-0.1727,-6.6195,-0.5975,1.7940,5
0.9803,0.2684,0.1510,5.5560,-12.5841,-1.0249,2
-0.8687,0.4402,-0.6021,2.0264,-0.2461,-0.8712,3
0.5376,0.0044,-0.6473,2.2778,14.3055,-11.5820,1
0.4200,-0.6404,-0.2139,11.5570,12.7391,-0.9628,5
0.6517,0.2182,-0.6715,-10.9846,0.9765,8.6562,1
0.6552,0.3460,0.2015,18.1033,-34.7785,55.5268,6
-0.8179,1.0209,0.3850,12.1947,-9.4440,-5.0601,4
-0.5607,-1.0844,0.7762,-9.7930,25.1359,13.0154,5
0.7106,0.7757,0.3184,-2.3358,-6.4490,22.5613,4
-0.5882,0.8975,-0.6854,-0.4225,-2.1304,0.6600,4
1.1527,0.0202,0.4217,-19.8784,3.6880,-20.2164,2
-0.0055,0.4644,0.8051,33.7526,49.9266,-75.7623,6
0.4792,-0.8994,-0.3373,-23.0303,14.6130,-11.6336,5
-0.4862,-0.5893,-0.3061,1.0233,-3.5146,-2.6486,5
0.3178,-0.3612,1.2903,-17.7816,-99.6766,90.4871,6
-0.6738,-0.3567,0.0610,-1.1967,-3.7969,-3.6558,3
0.9305,-0.7918,0.2945,4.0996,2.3444,-2.4558,2
0.2270,0.3564,0.8667,-14.9365,0.7663,15.3794,0
0.7960,-0.4479,-0.3656,-4.0979,0.8927,-7.5406,2
-0.5329,-1.1956,0.1718,4.1490,-1.7461,6.5977,5
1.0367,0.8750,0.4040,26.1726,-7.8064,-159.1664,6
-0.1360,-0.3632,-0.7475,4.8746,-1.9027,0.6412,1
-0.1635,-0.4734,-0.8525,18.9310,-0.7074,14.1887,1
0.0590,0.8849,0.8639,12.1186,11.9148,3.9580,4
0.2869,-0.0690,-0.6615,3.3492,1.1549,0.5425,1
-0.1391,0.5769,0.6351,-14.0537,-5.2034,-16.6088,0
0.9412,0.2303,-0.1821,18.1855,-1.3911,-12.9540,2
-0.2571,0.1686,1.0242,18.8119,-6.9132,9.3070,0
-0.5372,1.2800,0.4540,-40.1933,-132.5552,49.2331,6
0.7913,-0.7413,0.7478,-6.4623,4.1144,-6.0808,2
-0.3076,0.7655,0.5012,2.0350,-7.7776,0.9463,4
0.5322,-0.9547,-0.6927,2.1578,1.5203,2.8272,5
-0.6288,0.1405,-0.1265,4.7979,-1.7529,-1.9221,3
1.3506,-0.1766,0.0280,4.4259,-1.7823,5.1674,2
0.0916,-1.1282,0.2135,5.2354,2.2133,-15.8407,5
-1.2838,-0.4481,0.5402,-2.3307,-21.4236,-2.5812,3
0.4751,-0.4475,1.1649,-15.7150,13.2687,-9.3835,0
-0.0773,-0.1096,1.3335,-23.6465,4.0797,-2.4840,0
0.8970,-0.5037,-0.1742,-9.9781,0.7170,-5.2177,2
-0.7047,-0.0993,0.3950,-3.1439,-12.9329,9.1224,3
-0.1126,0.8150,0.0400,-5.3570,-1.1605,1.6693,4
-0.1277,-0.5071,-0.5808,190.7201,-92.9189,69.8233,6
-0.0660,-0.9439,0.4183,-7.2925,-4.2637,-8.0047,5
0.0306,1.2907,-0.6418,-18.9487,-11.4686,-0.9304,4
0.6281,0.6989,-0.5096,7.8818,2.7553,4.5920,4
-0.7849,0.8970,-0.6974,-2.9184,-4.2909,-6.7406,4
-0.1839,-0.8132,0.6981,4.3929,5.7848,-0.2030,5
0.6362,-0.2957,0.8171,16.4831,6.6090,-18.5114,0
-1.3641,-0.3571,0.1614,-0.3376,-13.0483,27.0071,3
0.8564,-0.9874,-0.1581,-2.7227,3.6437,-8.4068,5
0.1887,-0.7117,0.2969,-0.5045,2.9139,-0.8816,5
0.9408,-0.3768,-0.3590,10.0449,-8.9213,5.8234,2
-0.1232,0.5649,-1.1409,-4.6582,-11.3199,8.2657,1
-0.2981,1.3949,0.2252,3.6381,1.3975,3.7461,4
-0.1860,-0.6200,-1.2243,0.9983,-5.4234,2.1392,1
-0.3039,1.3037,0.4067,1.0060,-2.7307,-0.5759,4
-0.1696,0.3705,0.6938,-24.5232,-8.4309,2.0852,0
0.1123,-0.2986,-1.2010,13.0946,2.1314,-23.2135,1
1.0011,0.2948,0.4129,13.0244,-24.7475,-6.5202,2
0.9004,-1.1598,0.2076,-11.7370,-19.8438,-3.8213,5
-1.2209,0.0865,0.6177,19.2901,3.5959,13.4148,3
-0.7724,-0.6831,-0.2544,-1.5146,-6.4802,-17.4825,3
0.1045,1.2678,-0.3325,77.0373,-66.9356,27.1339,6
0.7060,-0.4372,-0.9896,-15.7092,0.4674,-2.4697,1
-0.6620,0.1085,-0.3362,-3.3385,-6.3534,7.2781,3
0.6697,-1.1345,0.0773,-150.6226,69.9309,144.9079,6
-0.0819,1.0231,-0.8551,-4.9012,-11.4010,3.9014,4
0.0511,0.2271,-0.7258,6.6868,-8.6133,-14.4518,1
0.4426,-0.6623,-0.1998,-19.7616,16.4566,-12.9644,5
0.1665,0.8681,-0.1429,-1.5443,-1.0857,3.3429,4
0.2320,-0.9962,0.1214,5.6514,-7.4113,-2.5905,5
0.4796,-1.1331,-0.2902,13.3873,21.9530,-1.1168,5
0.4464,-0.8946,-0.8769,-1.0087,20.5603,-10.9144,1
-0.0655,-0.6956,1.0005,116.5165,186.3037,-108.2707,6
0.8995,0.4859,0.5661,-9.5186,-13.6037,8.5404,2
-0.1387,0.6407,-0.3303,44.2410,-94.3254,-172.1834,6
-0.0379,0.2779,0.7960,-90.2279,-3.7288,-127.3271,6
0.0918,0.4249,0.7040,-4.7292,11.3618,6.5194,0
-1.2282,0.1550,-0.5953,-3.3585,2.8920,-1.5843,3
-0.6183,-0.6780,-0.1986,-4.4570,6.4503,12.1287,5
-1.5088,-0.0129,0.2733,76.7284,11.2171,122.3768,6
-0.7948,-0.4179,-0.8691,-12.2937,-16.8173,-18.5182,1
0.9712,-0.6526,0.5555,-8.9042,-2.8894,5.1204,2
0.6160,-0.0846,0.5996,-12.8581,-10.0867,13.8250,2
0.3777,-0.0213,0.9484,10.7518,-1.6683,17.6128,0
0.5850,-1.2299,0.4858,8.1669,-1.4182,3.0734,5
0.2608,-0.4566,-1.4004,-0.4430,0.3241,2.3218,1
-0.4852,0.1054,-0.9698,7.0422,-1.3335,4.4534,1
-0.3815,-0.4591,-0.9481,79.0490,27.8810,119.1239,6
0.2208,-0.4480,0.5924,1.1105,-4.0541,-10.6986,0
-0.0218,0.7463,0.9410,-6.4835,-2.1278,3.4240,0
0.3578,1.3100,0.3447,-2.3419,9.0704,-5.5184,4
-0.0452,-0.8541,0.5426,23.5804,-29.8408,93.3044,6
-0.6630,0.2195,0.0802,-2.6967,2.3493,8.7830,3
-0.2828,-0.5222,-0.5823,-2.4774,-5.4048,23.0616,1
-0.4665,-0.2477,-0.6075,-7.2955,0.9115,4.1866,1
0.3385,0.4831,0.6194,-24.3765,-1.6755,-2.9290,0
1.0257,-0.2853,-0.2839,-71.1175,-36.8242,58.5833,6
0.2319,0.9451,-0.3702,61.5146,23.4548,-100.2676,6
-0.3408,-1.1674,-0.5151,11.0107,-8.3340,4.9298,5
1.1569,-0.4691,-0.5864,14.5678,-2.5497,14.1731,2
0.1872,-0.3301,0.8355,-10.4581,-9.9912,10.7188,0
0.9714,0.7305,-0.1564,6.0481,13.3871,-17.6859,2
0.3104,-0.3513,-1.3125,9.2745,1.2131,18.0398,1
-0.6330,0.6523,0.1199,-16.3978,10.3988,0.0544,3
-1.3548,0.2107,0.0519,-2.9325,-6.9994,6.5750,3
-0.3287,0.8481,-0.9143,1.0873,0.7715,-3.5642,1
0.2235,1.1999,0.0577,0.1688,-0.4449,-10.2696,4
0.2072,0.3460,-0.8363,-14.7763,-8.8341,-14.1842,1
-0.8658,-0.6200,0.7356,-0.3169,1.8590,0.0954,3
-0.0654,0.8956,0.1083,7.7420,18.4256,-7.7905,4
-0.8431,-0.9094,0.1088,-0.2614,1.8613,1.9441,5
-1.3336,0.0288,0.0311,-2.3308,-10.9517,-2.4909,3
0.6916,-0.8840,-0.3677,182.6111,-29.2701,56.5358,6
0.1385,-0.5324,-0.5352,-2.9515,2.4544,-2.3771,5
-0.2313,1.0582,0.5838,6.0399,0.0013,4.1044,4
0.2669,-0.7512,0.8339,1.1925,-6.1732,-12.0824,0
-0.4773,0.3410,0.4359,170.1172,-4.7803,-38.8519,6
0.6213,-0.5260,-0.9617,9.7417,-0.3688,7.8542,1
-0.2014,-1.1095,-0.0069,-6.2860,-8.1072,-7.1121,5
0.6733,-0.4387,0.8320,-4.0701,-1.2112,26.4060,0
-0.0129,0.4691,1.1991,18.4488,-5.8705,8.9748,0
-1.2944,-0.3538,0.3508,-10.4947,-20.8602,-6.2564,3
-0.4639,-0.1301,-0.9925,-0.0851,0.1513,0.2292,1
-0.1322,0.8251,-0.9011,7.3643,8.1449,3.7683,1
-1.0468,-0.7289,0.4448,0.0419,0.0132,-0.0294,3
-1.0314,-0.7220,0.2204,-3.2530,0.0309,-10.5883,3
-0.5779,1.2147,0.5412,6.8242,0.4318,14.5941,4
0.7256,-0.8976,-0.9635,2.3794,14.3224,4.0572,1
1.0904,0.1951,-0.6613,24.1817,6.8239,15.3835,2
0.0780,0.8698,0.4836,1.7780,2.3088,-3.6040,4
-0.8344,0.6710,-0.2856,8.3128,16.5038,-10.2847,3
0.3289,-0.0207,-0.6449,10.0031,-3.9316,0.8138,1
-0.5663,-0.3010,0.3831,-16.0547,-4.7899,0.4516,3
0.1383,0.0665,0.7688,-11.4942,0.3339,9.2003,0
-0.8969,0.9030,0.0278,-3.0930,-0.9999,2.3725,3
-0.7191,-0.3748,-0.5246,137.3257,73.8798,-131.0621,6
0.9514,-0.3890,-0.4279,7.1526,2.5382,9.7406,2
-0.8263,0.2020,-0.6372,22.3729,-11.4589,-6.9924,3
-0.1465,0.8040,0.3429,8.6422,1.4140,3.0399,4
-0.4727,-0.2713,-0.3213,77.8161,128.0107,36.0249,6
0.4107,-0.4447,-1.3729,-6.7365,13.7157,15.1703,1
0.8486,0.2569,1.0097,197.0502,16.3727,105.2293,6
-0.8907,0.3067,0.0382,-184.7336,82.6221,-13.5962,6
-0.4204,-1.1609,0.4822,0.2220,-5.7267,3.3486,5
-0.5970,0.1123,-1.1785,101.2164,-36.1521,-34.1619,6
0.2454,-1.1095,0.0074,0.3967,-6.5680,5.9792,5
-0.4309,0.7699,-1.1531,-76.0024,-112.7769,142.3353,6
1.0148,-0.2000,-0.6215,1.7886,-1.8094,1.3390,2
-0.9393,0.1628,0.2457,11.0060,2.3107,-11.2453,3
-0.4097,0.9833,-0.4743,-9.2441,2.4345,5.5083,4
-0.0661,-0.5471,1.2118,0.0408,90.4153,41.6509,6
-0.1798,-0.4232,0.6029,-1.1315,-2.4286,-13.1564,0
0.5846,-0.4934,0.2684,12.7290,-1.0399,-9.9016,2
0.0479,1.0734,0.7064,8.0211,16.7132,7.6606,4
0.9443,0.5996,0.0785,-12.0397,-1.2295,10.0808,2
-0.2385,-0.3056,-0.9488,8.1259,3.7769,4.7288,1
-0.2821,-0.5972,0.7563,-2.2892,-0.9495,-3.4298,0
0.2047,-0.6601,0.4380,3.7013,3.3897,-0.0976,5
-0.1887,-0.7404,0.5598,-0.2567,16.7579,0.0545,5
0.4100,-0.1851,0.9494,24.5398,-1.0724,-12.7820,0
-0.3927,-0.8012,-1.0927,5.8734,-14.6265,-18.4812,1
1.0373,0.1783,0.3937,0.5518,-9.5928,-16.7067,2
-0.4668,-1.2064,0.8064,8.7432,5.2612,-4.7026,5
-0.8258,-0.2567,1.0730,15.7117,4.2451,-22.9697,0
-0.2265,-0.7045,-0.6826,-47.8174,37.5572,-7.7165,6
0.1925,-1.3695,-0.4191,-7.3992,8.5965,5.7217,5
0.8362,-0.0405,0.8030,-0.9335,-5.3644,4.2407,2
0.0691,0.5248,-1.3476,-4.8341,24.0259,11.0050,1
-0.2195,0.3692,1.0675,-12.4875,2.7195,-6.9812,0
0.0516,-0.1934,1.3313,-4.7454,-1.5826,8.9563,0
0.8057,-1.1221,-0.2210,4.4978,9.8414,23.5795,5
-0.5982,1.0734,0.4210,12.3881,-5.1655,22.3303,4
0.4506,-0.8296,0.4880,22.0165,180.8118,-106.8269,6
-0.5640,-0.2759,0.5230,-1.0684,-1.3569,-4.5722,3
-0.9017,-0.0357,0.9929,-1.6130,1.0457,0.4635,0
-0.0061,-0.3335,1.3961,5.0152,1.2003,7.2729,0
0.0038,1.3454,-0.3817,57.8872,-20.4230,-38.0677,6
1.1459,0.3176,0.8861,10.6338,-22.0166,-9.4641,2
-0.0399,0.8571,0.8288,17.5529,-16.5508,2.2112,4
0.0168,0.8636,0.2837,-104.4675,112.4218,-182.7540,6
0.3144,-0.7374,-0.6159,-5.0121,29.8985,71.3319,6
-0.3818,0.8887,1.0016,-5.3028,-6.5794,0.0109,0
-0.5526,-0.4562,0.3680,-5.4846,-18.4875,6.3868,3
-0.7975,0.1326,-0.8050,-1.2817,17.5683,0.7454,3
-1.0055,-0.9058,-0.1739,-46.1324,-46.9884,-124.4922,6
-0.7199,-1.2506,-0.0800,-1.8611,-3.0887,1.4394,5
0.8808,-0.1339,0.9552,-9.0738,6.7842,-1.6902,0
-0.1447,-0.2190,-0.8603,-6.8127,3.7525,11.5729,1
0.3466,0.2938,0.6373,22.8547,-9.9529,16.4783,0
-0.8305,0.9498,0.7863,-18.2164,9.1955,-8.4385,4
0.0484,-0.7596,-0.1983,15.8761,6.0462,24.6331,5
0.8871,0.2782,0.2212,-4.3403,10.6470,5.3523,2
-1.1122,0.0556,-0.4182,13.5508,-1.1756,8.6998,3
0.7177,-0.1442,0.4498,12.7154,5.8977,6.6950,2
-0.7144,-0.3850,-0.3000,-5.2374,4.1933,5.7467,3
0.3816,-0.3304,0.5772,-12.5581,19.3530,-15.6521,0
-0.6552,0.3396,0.3943,71.6221,-144.3827,36.3103,6
0.5780,-1.2396,-0.1405,1.2627,-0.4872,1.5699,5
0.6940,0.8518,0.1857,-16.1986,3.8009,2.3290,4
-0.2141,0.7033,0.5324,20.2252,-11.5102,7.6086,4
-0.6168,0.8643,-0.1008,3.7513,5.6858,-11.2663,4
-1.0464,0.7186,0.1539,-5.5471,-62.9201,-24.0002,6
0.2032,-1.0577,-0.7784,10.7041,-13.2150,13.9623,5
-1.2499,-0.4610,0.2408,-1.7486,1.3001,-3.7749,3
0.2548,0.6215,-0.2084,-7.7705,14.5133,-3.7871,4
-0.5496,-0.6548,-0.2615,-11.1854,-23.4329,1.8868,5
0.5720,-0.1426,-0.7145,-64.8596,21.5833,-71.9131,6
0.9610,-0.3674,-0.3130,-3.4920,-1.8885,-4.3202,2
-0.3316,0.7845,-0.6771,3.6871,0.0967,3.3416,4
1.1736,0.4476,0.1977,2.4863,3.5252,-2.4979,2
-0.0487,1.1906,-0.4249,3.8718,-2.0950,11.4693,4
0.3902,-0.1033,0.2003,-71.7305,-13.5727,-64.0284,6
0.2937,0.4914,-0.6843,-21.6568,15.6200,-11.0546,1
1.0944,-0.4009,0.2431,-12.4428,-6.3988,19.1843,2
-0.6495,-0.6335,1.0247,5.2152,8.7070,17.1480,0
-0.6395,-0.0657,-0.7420,-0.3085,0.2040,-0.2477,1
0.2554,-0.8150,-0.1597,6.2405,0.0071,27.8361,5
-0.2337,-0.2463,0.8687,72.6677,-33.6433,77.3133,6
-0.0654,-1.2679,-0.1327,-24.9570,-50.6306,44.6042,6
-0.0552,1.0468,0.4776,-3.9073,1.4142,6.2222,4
0.2956,0.7730,0.4382,-20.7271,-4.3100,0.6524,4
-0.7315,-0.4420,0.0289,1.7622,-12.7089,1.2321,3
-0.8589,-0.0501,-0.7426,-6.4841,10.0902,1.6805,3
0.9967,-0.2779,-0.1065,5.5279,19.2305,-8.3081,2
0.8563,0.0860,-0.3481,-12.4696,-17.0894,2.6708,2
-0.8503,-0.8281,0.2529,-1.3106,-1.0073,0.2412,3
0.1710,0.4215,-0.5478,2.0475,-5.2928,3.1993,1
-0.2226,1.0426,-0.2305,-3.7724,-0.0270,-3.0904,4
-1.0374,-0.6122,0.5178,-13.7905,-52.6316,-63.3867,6
1.1445,-0.0496,0.8977,2.4839,3.6151,-7.0177,2
0.0396,0.3461,1.4413,11.3021,-6.0180,24.0704,0
-0.4783,0.1423,-1.0417,-3.9833,5.2061,0.8442,1
-0.0347,0.1079,0.8369,5.9730,-16.4946,0.7152,0
0.4310,-1.4054,-0.2057,10.6367,6.0991,-6.8621,5
-0.6971,-0.5973,1.1574,0.7918,4.6227,3.3482,0
-0.9252,0.7381,-0.7458,6.7990,-9.3220,0.2668,3
-0.8941,-0.0416,0.4788,5.9553,-2.0230,4.9157,3
-1.2214,-0.2771,-0.1458,-1.9638,-1.4310,0.9172,3
0.1632,-0.1167,-0.9009,-51.5672,10.1810,-42.1992,6
0.3381,-0.1043,-1.2119,7.5062,-0.5574,-10.4152,1
-0.9851,-0.2725,0.9824,-2.1271,-23.5879,1.9091,3
-0.3815,-0.3721,-0.5146,-0.8912,-12.1694,10.3529,1
-0.0399,0.7878,0.1440,-221.7148,-39.5515,-55.0722,6
-0.8644,-0.2101,0.1433,17.2861,-59.5625,-208.7388,6
0.3690,0.4656,0.7243,-10.8099,-0.1528,0.6262,0
0.9433,-1.0064,-0.1334,25.0660,-5.4186,-15.0947,5
0.0124,0.1247,-0.9294,5.6812,12.0822,9.7101,1
0.6235,-0.5365,-0.8978,-16.2235,3.0345,-0.6614,1
0.1682,-0.5365,0.8411,-3.8086,1.5580,3.0389,0
-0.7024,-1.1542,-0.3352,78.4669,-99.6458,69.1661,6
-0.5231,-0.7528,-0.8304,0.7078,3.2918,-0.4259,1
-0.5605,-0.4616,0.4011,-11.8662,-12.9378,-0.4567,3
0.2924,-0.1735,-0.6055,2.1256,21.9403,-6.6674,1
0.7632,0.6761,0.2607,-0.0203,-1.4656,-0.2833,2
-0.8947,0.7488,-0.0696,-15.0401,5.3779,0.0229,3
0.0433,0.9415,0.4533,6.7552,16.7871,7.4628,4
0.6272,0.2143,-0.8274,4.6720,-4.4417,-3.9205,1
-0.2807,0.1441,-0.6553,15.2148,11.0691,21.7051,1
-0.2907,-0.2912,0.6287,-17.2219,-3.0402,-0.6820,0
0.4814,-0.0875,-0.8921,8.2955,6.5737,7.0303,1
-0.1298,0.1127,0.9894,-6.3752,13.4045,23.2830,0
-0.5699,-0.3162,-1.1559,-129.5924,112.3075,-124.7573,6
-1.0275,0.8728,-0.1359,-5.4104,-9.0271,5.3096,3
0.8513,-0.5114,0.1693,-0.7095,17.2085,5.5197,2
-0.2811,1.1871,0.0935,-24.4291,10.5352,7.6157,4
0.2568,0.8572,-0.0727,17.8443,-6.6490,5.0898,4
-0.1165,-0.7080,0.2992,4.1731,10.5882,7.6575,5
-0.0587,-0.7117,-0.6255,-15.2542,12.0254,17.3568,5
-0.3206,1.0061,-0.7606,-15.9343,2.7010,0.9859,4
0.2758,0.3372,1.1959,1.4267,0.5103,4.0782,0
-0.9802,0.0126,-0.5921,4.6953,-6.0303,7.8566,3
0.8897,0.1256,0.1696,5.9745,3.7035,1.0778,2
-0.0792,-0.8230,-0.0743,-1.9434,-0.9754,-0.9516,5
0.5479,0.6268,0.4286,26.3711,-8.9996,-4.9494,4
-0.4999,-0.3053,-1.3457,7.1458,-24.5667,-9.7243,1
-0.4028,0.1173,0.8379,-23.4716,-9.8657,-0.3749,0
0.0163,-0.7218,-0.2796,6.4120,-24.8542,-13.9236,5
-0.4511,-0.3572,0.5119,-1.1936,2.1656,-1.0347,3
0.6046,-0.8738,0.7433,-3.3363,-0.5012,-5.3017,5
0.0414,-1.2292,0.3964,16.3838,-129.9037,-132.6092,6
0.7816,0.4695,0.8183,-7.0735,0.7220,-4.4543,0
-0.4207,-0.1423,1.3257,-5.0119,0.3599,-4.2885,0
0.5435,0.2503,-0.4973,20.8115,-15.9118,4.6872,2
0.3417,-0.3513,1.2689,-19.9709,-3.7067,19.8759,0
-0.1413,-0.9864,-0.0243,21.7421,-8.1243,-1.0822,5
-0.7910,-0.6215,0.9527,4.0950,-15.7866,-22.7680,0
-0.1146,-0.8296,-1.2728,5.9006,-14.1534,18.0471,1
-0.2845,-0.9512,0.3858,-11.0369,8.7493,-3.2104,5
0.5185,-1.0827,0.0760,-9.7953,12.2075,0.9177,5
0.9771,-0.2631,-0.5439,14.6133,-4.9328,-4.3544,2
-0.6990,-0.7126,0.3043,-1.3647,-0.8125,-1.2654,5
-0.4813,0.5193,0.4916,72.0139,47.7559,-25.8022,6
0.0756,-0.2215,-0.8767,3.3015,22.0942,13.3302,1
0.7677,-0.0505,1.0864,3.4787,0.3866,-0.4369,0
-0.3331,0.2587,-0.9433,7.3739,-7.3251,-11.5840,1
0.4266,-1.2106,0.6037,16.8260,15.5999,0.2022,5
-0.6272,-1.3549,-0.3046,-1.0946,-2.3929,-0.4996,5
-0.5116,1.0273,-0.2845,3.4574,13.6464,-15.0948,4
0.8310,-0.9390,0.4931,-4.6578,-5.1002,2.2568,5
-0.3046,0.7794,-0.5008,0.0571,-0.5788,-2.5928,4
-0.8999,0.2855,-0.0401,-0.6976,-4.0013,-2.1147,3
0.6420,1.2439,0.2069,-5.0023,1.5723,0.5136,4
0.8025,0.6459,-0.7845,5.3014,-8.8502,24.9583,2
0.7199,-0.3124,-0.4901,-6.0089,23.4532,-2.0193,2
-0.9944,0.5556,0.1860,-5.8449,-0.5900,-0.1831,3
0.2219,-1.4706,0.3462,10.7171,-0.6994,25.7659,5
-0.3860,1.0722,0.3189,11.3609,11.9357,6.8502,4
-0.6486,0.8355,0.6776,1.3105,1.0221,0.0451,4
0.7511,-1.2190,-0.4229,14.4064,9.9915,14.8387,5
0.4632,-0.4372,-0.6300,2.4426,-14.2759,0.1863,1
-1.0268,-0.6736,0.1990,13.2632,7.4574,-10.0347,3
-0.5100,0.7469,-0.5169,1.5564,-3.6392,-7.1126,4
0.0248,-1.2780,-0.6192,21.5304,-1.4563,-12.3053,5
0.6391,-0.3931,-1.1278,3.7152,-9.1477,17.8831,1
-0.0806,-1.1258,-0.8151,-1.6863,-20.4860,9.1311,5
0.7789,0.2779,0.2501,-8.7290,-26.2026,-11.6702,2
-0.4555,0.4476,-0.7613,-0.7484,17.8310,-12.8804,1
-0.4295,0.7097,0.6225,-31.0474,61.4358,24.2699,6
0.4501,-0.1943,-1.0054,-16.8871,17.3281,2.6455,1
1.0727,0.0714,0.3484,11.9980,85.8744,-113.5796,6
1.3561,0.0733,0.7765,86.3555,8.0118,-76.2822,6
-0.0221,-0.0436,-1.2396,6.3667,-1.8733,0.5591,1
0.6791,-0.9967,-0.4345,-13.0094,-7.0317,25.1496,5
-0.4232,0.8240,-0.1459,-9.8388,-26.2654,-7.1783,4
-0.8546,0.1899,-0.3131,0.3801,0.9808,-0.1220,3
0.0916,0.9929,-0.3735,237.7534,-18.8836,-39.9654,6
0.4640,0.9505,-0.0685,-7.3909,8.4192,22.8765,4
0.6427,0.6793,-0.2197,10.4581,6.3664,-0.1381,4
0.9722,-0.0393,1.0443,71.5704,-17.7102,-65.0389,6
0.6094,0.6070,0.0192,19.7859,9.5422,-8.6888,2
0.9919,0.1206,-0.8282,-28.1448,190.5074,-133.6548,6
-0.4294,-0.1625,-0.0918,87.0006,-90.5680,68.1945,6
0.4505,0.9954,-0.4079,-3.2697,-0.6665,2.9093,4
0.6759,0.0521,1.1593,13.6999,10.3146,13.9254,0
-1.2117,-0.1857,0.5898,-22.0358,-1.1877,-8.7925,3
0.5349,0.0396,0.9505,0.0188,-14.3938,-6.4164,0
0.0038,-0.3325,0.8281,-0.2035,-20.9420,-18.4606,0
0.5018,1.3615,0.1469,60.4139,-160.2909,14.3799,6
-0.1110,-0.7141,-0.5099,7.4345,-12.1755,0.6443,5
-0.7864,0.4207,-0.7506,104.4295,-211.3928,-18.2211,6
-0.7827,-0.7689,-0.8335,27.3638,-118.2250,117.2418,6
0.5877,-0.0234,-0.3906,-27.0966,6.4843,-5.8806,2
-0.7756,0.6113,-0.2455,21.0611,3.5120,8.4600,3
-0.1704,-1.1716,0.3383,3.9211,13.1235,-23.0682,5
0.9346,-0.9175,-0.6850,-13.7910,24.8185,-0.7317,5
-0.5134,-1.1342,0.4409,-3.0496,1.3320,2.4850,5
-0.2927,-0.4302,0.9987,0.8575,5.2579,0.2519,0
-0.7153,0.3195,-0.1385,-6.2612,-1.0916,-11.8562,3
0.8870,0.2444,-0.7751,5.2687,-7.3518,0.2718,2
0.7186,-0.1638,-0.2617,46.3607,-179.4215,120.6880,6
0.5471,0.6526,-0.6738,9.0330,-2.5037,1.8119,1
1.1264,-0.4573,0.5912,15.2440,1.3304,1.8614,2
-0.2285,0.5529,-0.9092,7.3432,-2.7220,-22.3423,1
-0.6470,0.0413,0.2858,18.2507,20.0152,8.6843,3
-0.3796,0.2202,-0.6108,-2.0358,1.4796,4.0288,1
-0.8406,0.7566,0.4344,-4.2530,-5.2670,-5.2227,3
-0.5236,0.6414,-0.6150,11.6048,-6.8228,-7.5252,4
1.0665,-0.1660,-0.4025,111.8921,93.1572,-185.8380,6
0.1823,0.8166,-0.1151,-0.9374,4.0079,6.3845,4
0.1221,-1.0705,-0.3498,132.3006,-3.0483,-148.4180,6
-0.4120,0.5218,-0.5247,1.6894,-146.9841,-32.4882,6
0.3330,-0.2225,-0.5450,-3.4236,-15.7202,-6.0569,1
0.2749,0.4430,-0.7112,-21.0645,3.6115,2.6860,1
-0.5900,0.5556,-0.3261,-88.9330,166.5279,-114.6163,6
-0.6278,-0.7233,-0.0869,-0.4729,-0.0842,-0.0327,5
-0.1343,-0.6911,-0.6404,-4.2046,-0.1699,-2.4161,5
-0.6029,0.6700,-0.0597,-10.3899,9.9635,-0.0393,4
0.1536,0.4424,0.6563,-4.3371,-2.7382,-7.2598,0
0.8537,0.2170,0.5655,-0.6140,1.6669,12.9941,2
-0.1342,-0.2012,-1.0499,23.7655,-8.6389,-1.9236,1
0.2014,-0.2622,1.1810,0.5558,9.5451,-4.8832,0
-0.0387,1.4021,0.3791,24.3612,-8.3376,-6.6207,4
0.5675,-0.6423,1.0646,10.9670,-18.8789,-8.3019,0
0.1324,-0.6855,-0.2900,-1.1396,1.9949,1.6972,5
-0.9051,-0.6020,-0.3966,-23.4124,-92.7126,-76.0020,6
-0.9316,-0.0470,0.5935,-13.6847,-0.1885,5.9964,3
-0.9264,-0.3094,-0.3511,3.9826,8.0529,4.3708,3
0.6154,-0.6554,-0.1803,-10.1118,1.2882,-19.4483,5
0.9796,0.6895,-0.5840,-1.9065,-20.4036,6.5408,2
-1.1443,0.0983,-0.8455,51.4325,20.3462,-71.3885,6
0.3914,-0.8223,0.1637,-0.7719,-7.5614,-8.6549,5
0.7585,-0.0217,0.1543,53.3980,-160.7126,73.5648,6
-0.2741,-0.4056,0.4728,-20.8212,5.2673,-19.4947,5
0.0315,-0.5938,0.6269,-0.7485,-0.0923,0.8378,0
-0.1221,-0.8952,-0.1566,16.2567,-12.0789,-3.0603,5
-0.4889,0.4944,-0.0778,-8.3468,-7.9425,-19.3455,4
-1.2765,0.5994,-0.0172,-14.2088,-5.3148,0.6301,3
-1.1410,0.3811,-0.2508,-1.8034,-4.2727,-3.8251,3
-0.5551,-0.0330,-0.7909,-1.1046,-3.5977,-2.8684,1
-0.1621,-0.4244,-0.7188,5.8575,-8.1904,-10.4666,1
0.3808,-0.8641,-0.5787,9.6382,2.7909,-0.2686,5
1.1255,0.0669,0.3375,-65.5893,-77.1329,-5.4605,6
-0.1898,0.7063,0.1458,-24.2357,-141.3304,-125.3783,6
0.6877,0.4735,1.1551,-4.0239,3.0555,1.4864,0
0.6212,-0.6332,0.6483,-27.3880,-37.2402,-57.1819,6
1.0339,-0.3239,-0.7835,2.1665,-2.4817,2.1211,2
-0.3912,0.7786,0.7749,0.1709,-0.5141,0.7101,4
0.1412,0.8145,1.6225,27.2309,-38.8627,-172.6600,6
-0.4056,0.6753,-0.7565,63.7667,-6.1450,-17.4634,6
0.6143,0.2244,-0.8621,-2.6745,-7.6966,-2.3118,1
-0.6907,0.2001,0.1086,-5.0774,-6.1232,-10.3658,3
-0.8101,0.1080,-0.4551,4.8401,20.3438,0.3897,3
-1.2615,-0.3491,0.0909,4.2852,3.4493,3.1932,3
-0.2108,1.2085,0.9248,-9.9896,0.8090,4.2421,4
0.2840,0.6104,0.1666,0.4895,28.0570,-10.5482,4
-0.9242,0.7181,-0.4004,-3.4819,20.7563,6.9470,3
1.0648,-0.0878,-1.0042,19.7501,19.0007,-5.3204,2
-0.4946,0.6586,-0.3377,-14.5275,22.8981,0.5872,4
-1.2592,-0.0828,0.8032,-88.9285,48.1838,44.3062,6
0.8856,-0.9735,0.6429,23.8332,12.5828,-3.5982,5
-0.0921,0.3287,0.8586,16.4810,-7.5289,-4.6286,0
-0.6563,-0.4600,-0.1004,4.6523,-6.5455,-13.3049,3
-0.3171,-0.0495,-1.1454,-31.4291,73.6616,-69.7734,6
0.3176,0.6365,-0.3130,-1.1227,1.0837,0.5449,4
1.1488,-0.5850,0.1102,-3.0569,-1.6489,3.0525,2
-1.2514,-0.0614,-0.1112,-6.1035,-16.6446,-2.5752,3
-0.7093,-0.7845,0.6105,-0.0690,0.1687,-2.2493,5
-0.0426,0.3220,-1.2060,-0.4818,-0.4355,0.7482,1
-0.4655,0.6398,0.4653,9.5015,-7.5448,7.8744,4
0.2055,0.9587,-0.6293,-65.6157,-86.2213,150.0448,6
0.2118,-0.0628,-0.9683,-0.6803,2.9423,-11.7900,1
0.2800,1.1603,0.5969,-21.2738,3.6645,0.1960,4
0.2866,0.5489,0.6385,1.4492,-2.3084,-0.8993,0
-0.9314,0.1027,-0.5838,-47.6372,99.7274,69.8325,6
-0.0390,1.0819,0.0202,-1.2865,0.5974,-1.2805,4
0.3314,0.0263,0.6468,9.7438,-5.4257,-0.9573,0
-0.4908,0.8229,0.8775,10.3671,11.9463,-3.9585,0
-0.3193,0.4913,-0.7212,0.0632,2.2781,-8.0558,1
-0.1685,0.6370,-0.3420,3.6778,12.6883,-2.9153,4
-0.5501,-0.5494,0.2479,15.5726,-59.6907,44.5364,6
0.8169,-0.2375,0.1661,-16.0684,-9.4240,-2.2157,2
0.3121,-0.0320,-0.8582,-6.9748,8.1409,5.6707,1
0.6302,0.0163,0.5181,-4.1388,-10.2160,-15.0293,2
-0.9411,-0.3776,-0.9713,7.8428,11.5171,1.3950,1
0.4568,0.3310,-0.3622,-48.5259,-106.9141,13.3631,6
0.1646,0.4544,-0.5853,11.0122,-7.6967,13.7769,1
-0.0129,-1.1518,-0.0238,1.7328,-3.4473,3.8454,5
0.9829,0.3365,-0.1252,-3.7994,-1.9783,11.0513,2
0.8857,-1.0413,0.0262,-23.4908,-8.6917,-14.9396,5
-1.0322,-0.1078,-0.0531,12.6796,12.0548,5.9254,3
1.2595,-0.1798,0.4515,91.4625,-4.7178,2.2420,6
-0.3741,0.3202,-0.9605,3.2814,-0.9645,-3.5991,1
-0.6180,0.7848,-0.6782,-12.0561,-9.1638,3.1840,4
-1.2741,-0.0873,-0.4623,-3.8688,3.2015,-0.7996,3
-0.4463,0.1634,-0.1353,19.9040,-56.7411,-8.7830,6
-0.6602,-0.7721,0.5276,-0.4138,0.8208,-0.5644,5
0.2912,0.7774,0.4319,-0.4150,-0.1884,0.0626,4
0.6663,1.2302,0.3464,3.3063,-6.8545,10.0896,4
-1.4683,0.2151,0.0888,0.8879,2.4081,-1.8855,3
1.1200,-0.2853,0.3749,87.0827,159.5272,95.2627,6
0.4508,0.3652,-0.6138,4.8009,9.0249,1.8253,1
-0.3926,-1.1313,-0.3517,157.6364,157.2920,-70.1257,6
-0.8204,0.2686,0.6022,-1.7569,-1.0188,-0.8360,3
0.7960,0.1374,-0.7428,-7.9515,3.3128,2.4172,2
0.7456,-0.5842,-0.6931,-0.8623,-24.2692,2.0002,2
0.7462,-0.8644,0.3297,-3.5621,-11.0323,10.7941,5
0.0422,0.3341,-1.1206,20.1302,-2.7411,12.4902,1
0.2557,-1.1155,0.2504,78.5460,-37.2952,58.1583,6
0.4381,0.9976,-0.0039,-7.6658,10.0819,-14.0830,4
-0.6914,1.2400,0.3316,4.9486,8.1635,1.9947,4
-0.1774,-1.0305,0.1156,-7.8996,6.0286,-1.3946,5
-0.3367,-0.5610,1.1275,-3.9848,-2.6065,-2.5714,0
-0.5820,-0.6817,0.7424,22.4895,-17.3651,-3.8645,0
0.6684,0.4110,1.2475,-15.7581,-17.1192,-14.2493,0
-0.0257,0.9514,-1.0466,3.8133,-8.5314,-6.6143,1
-0.3242,-1.2752,0.3917,0.7160,3.7707,-6.9389,5
-1.2754,-0.2676,0.0513,7.7118,11.3364,-6.7215,3
1.0713,0.4862,-0.9745,2.5477,5.7063,2.8816,2
0.3074,-0.8429,-0.1125,-6.1945,3.6433,0.1385,5
0.0186,1.0520,0.2523,-11.4456,-3.9432,1.7845,4
-0.0116,0.3390,1.3708,98.2181,-50.1502,-78.1662,6
-0.0716,1.3703,-0.4829,9.2585,12.1404,-19.8226,4
0.8871,0.2506,-0.6637,3.2840,26.2828,-11.6172,2
-0.7830,0.6320,-0.0908,-0.7267,20.7995,-10.5761,3
-0.2548,-0.1823,-1.1767,-19.9552,11.7431,-6.5029,1
1.2834,0.4303,-0.5500,-0.5982,-1.9923,0.1189,2
0.8635,0.9716,0.3983,-3.1605,12.7278,-13.1563,4
-0.7738,-0.9290,0.3304,-4.9395,-21.2441,10.3286,5
0.6005,0.5584,-0.4290,-0.5596,0.1451,-2.5068,2
0.5613,0.5565,0.8608,6.9627,-2.4336,4.5583,0
0.2555,0.4712,0.4198,-14.9309,-0.3623,14.5783,4
1.1101,-0.6745,-0.7749,-112.3880,105.2452,120.3015,6
0.9411,-0.3897,-0.4387,2.8685,-11.3055,3.4581,2
-0.9292,-0.2328,0.5384,14.0064,-12.1753,-12.9242,3
0.7955,-0.4274,1.0919,0.3879,-1.8040,5.1973,0
0.9780,0.4437,0.7274,1.3495,0.4347,3.3145,2
-1.0236,-0.9316,0.3821,-4.8682,-0.9801,-4.0737,3
-0.0879,1.1469,0.5866,-1.4767,-13.6196,-22.5711,4
0.3309,-1.1680,-0.3007,-3.3174,18.8413,-0.4940,5
-0.9936,-0.3374,0.2984,-2.4542,-13.1157,-11.0556,3
-0.1484,0.8024,-0.0011,2.3644,9.1156,24.2293,4
0.1683,-0.3169,0.7294,117.1372,83.3529,193.7567,6
0.2031,0.0149,-0.7963,1.0654,1.4967,-4.1108,1
0.2482,0.6084,1.0801,-0.1004,0.1473,-0.0769,0
0.3711,-0.6677,-0.4846,-25.0923,10.8955,-6.3550,5
-0.3953,-0.4565,-0.5915,4.0808,-28.1398,1.1587,1
0.4994,0.9323,0.7006,13.4975,5.4137,5.6356,4
-0.6284,-0.5216,0.2019,-25.9628,3.8433,-4.3476,3
0.3570,-0.4128,-1.0241,20.5117,-4.5844,19.1991,1
0.0294,-1.0802,-0.8531,-6.2806,3.4706,-20.9482,5
-0.2115,1.2000,-0.2786,-1.4660,1.2960,-1.9765,4
0.4314,-0.4021,0.4784,4.0429,1.4639,-26.2413,0
-0.0300,-0.8864,0.3680,-13.5968,-15.1566,-5.1645,5
-0.3589,0.7968,0.1601,-4.4579,-3.9243,2.2992,4
-0.2041,0.5816,0.7645,-7.3061,6.7364,7.9153,0
-1.0266,-0.4458,0.2763,-1.5203,0.6465,-0.6943,3
-0.3191,-0.8184,0.9826,19.6603,-2.7760,16.0383,0
0.4510,0.7180,0.1962,25.7564,4.7313,10.4610,4
0.3044,0.7285,-0.7361,74.0858,-93.3926,-105.5619,6
0.6482,0.2274,-0.7185,-15.1580,6.5066,-13.0056,1
-1.0086,-0.7989,-0.0564,-45.7624,33.6285,120.6243,6
-0.4467,0.7616,0.7328,-19.3357,-18.1419,59.5074,6
-0.3069,0.2530,0.6146,-2.7111,12.7929,-5.7679,0
-0.9880,-0.2113,0.7735,-3.6534,-1.2743,-0.7960,3
0.0157,-0.0801,-1.1184,-0.8931,19.4589,16.6230,1
-0.8545,-0.0917,-0.1515,-2.1485,-3.4144,1.2484,3
0.3998,-0.2916,-0.8418,-1.6613,4.2910,-0.2386,1
-0.5419,1.1434,0.7520,0.3741,4.8904,0.6943,4
0.3729,-0.2498,-0.2018,-58.9061,99.4956,-26.0885,6
-1.4064,-0.2666,-0.2389,2.6447,-11.7290,-10.0717,3
-0.4588,0.5036,-0.2531,83.2924,27.1789,-37.1913,6
1.0468,-1.0915,-0.2225,12.2433,2.5786,1.5716,5
-0.6028,0.9248,-0.7352,-3.4620,-3.5620,7.6831,4
0.0087,-0.1430,-1.0441,-12.4863,-1.5368,1.7818,1
0.4293,0.3012,-0.5521,-0.2719,0.4237,1.6002,1
0.0737,-0.4143,0.8775,-2.3385,-0.7043,0.5764,0
-0.0203,0.3848,1.6685,-43.8808,-77.4409,-84.7516,6
0.5596,-1.2267,-0.2650,1.3735,1.1810,-27.3498,5
0.1773,0.3025,-0.9061,57.1096,-0.7148,-173.0169,6
-0.5264,0.6246,1.2376,9.7423,3.4862,-19.8749,0
-0.1794,-0.1641,-1.3875,-4.4515,-17.1830,22.6135,1
-0.2745,0.5971,-0.9724,0.8624,4.8173,-3.7300,1
-0.3701,1.3989,-0.3008,4.3691,20.0314,1.4763,4
-0.5512,0.0731,0.6645,0.2070,-1.9644,5.9422,0
-0.1506,1.1678,0.3747,-1.3179,-11.2172,-14.7155,4
-0.9859,-0.0897,-0.5856,-10.1972,6.6643,-9.2133,3
-0.6371,1.1348,0.6272,1.7426,11.5128,-9.6765,4
-0.3389,1.2391,-0.1631,-5.1640,-7.4065,-7.0347,4
0.5750,-0.1908,1.2148,-6.7478,-61.4682,1.4848,6
0.4099,1.1065,-0.3193,-8.5395,-10.6130,-15.0639,4
0.5061,-0.3083,-1.3870,-12.6872,2.2345,-14.0318,1
-1.4227,-0.0190,0.0711,-15.1733,17.4412,-17.9706,3
0.5131,0.2162,0.6524,-0.0430,1.2348,10.2369,0
-1.2190,-0.2284,0.3202,-67.2069,-4.7633,27.6881,6
-0.3705,-0.5059,0.3809,-10.2183,-2.6997,-6.1218,5
-0.1127,-0.7021,0.6767,14.9278,-3.3949,-0.9488,0
0.7215,1.0024,0.0431,3.8932,7.8521,19.6345,4
-0.6070,-1.3228,-0.3662,0.2778,0.7539,0.9303,5
-0.5336,-0.9244,-0.2007,7.1723,22.6110,-4.1079,5
-0.7089,0.1066,-0.1243,6.1287,2.0990,1.0361,3
0.3957,0.2298,-1.3097,-9.4216,-5.4516,-18.3340,1
-0.5695,-0.3400,0.2795,-2.3242,2.1680,-0.0884,3
1.0430,0.2617,0.6024,-4.1831,-17.4498,3.2525,2
-0.0293,-0.8835,-0.6641,-69.6441,66.3264,34.1782,6
0.9658,0.5045,0.8744,7.0357,3.1659,-0.4947,2
0.1858,-0.4554,-0.5736,-2.5083,-13.0289,0.5217,1
1.0233,0.2728,-0.7746,0.5681,-17.2667,2.3098,2
0.4496,1.0088,0.6759,-0.3559,0.0944,-0.0838,4
0.2813,-0.7008,-0.7172,1.9135,0.9906,12.4257,5
0.7716,-0.2378,-0.7835,3.0991,-16.9882,2.0930,1
0.2912,-0.0633,0.6075,67.4888,124.0717,76.6969,6
0.4041,-1.2159,0.4993,7.4128,-10.8137,3.2851,5
0.1841,0.0546,0.6753,70.7020,-36.5937,92.5633,6
1.2085,-0.0403,-0.0709,5.6727,-9.0455,16.0301,2
1.1256,-0.3124,-0.1571,10.9182,-3.6595,13.2816,2
-0.4368,0.9884,1.2616,-144.8624,-164.2156,25.6362,6
-0.2898,-1.2697,0.1065,1.0225,6.7791,-1.4251,5
0.6300,0.3134,1.1280,1.6021,-0.0620,1.2582,0
-0.3276,0.4131,-1.2615,6.1101,12.9100,16.2047,1
0.9793,-0.0162,0.1067,4.3849,-21.8006,2.4765,2
-0.5373,-0.7716,-0.5282,-3.2335,-14.5390,1.6707,5
-0.3517,-0.5466,0.2179,3.8585,-4.0369,-15.6249,5
-0.4014,-1.1736,-0.5164,6.0792,-5.7882,12.5993,5
0.3791,-0.5257,0.7573,-46.5894,-9.4774,-51.0028,6
0.3129,-0.3555,1.3624,1.3733,0.5121,-1.5964,0
-0.6936,-0.3424,0.2971,-66.9193,-133.1581,37.3211,6
-0.6686,0.9751,-0.5692,-5.1822,-7.5917,2.7568,4
1.0469,0.1217,0.1000,-7.2095,5.7285,-7.0444,2
-1.1728,-0.2519,0.5558,-2.9635,7.1441,-6.6197,3
-0.8851,-0.0453,0.0743,-23.4437,-13.5373,4.8598,3
-0.0437,-0.4096,0.9251,5.5715,18.8746,21.0182,0
0.9618,0.1880,0.8823,-0.6747,-2.4102,-3.8064,2
-0.6589,-0.6934,-0.6188,0.0106,0.0033,-0.0037,5
0.0735,0.5659,-0.3453,-9.2457,5.6425,6.4607,4
0.0728,-0.6195,-0.6961,11.1394,3.0336,7.4245,1
0.4696,-0.8061,0.0615,2.6920,6.9406,1.1838,5
0.3456,0.5526,-1.1799,-0.2521,1.9192,-0.7204,1
-0.7061,-0.1738,-0.7294,-14.7529,-6.3072,5.2179,3
-0.5278,-0.5675,0.7928,4.2771,-18.3545,19.0954,0
-0.1388,0.5903,0.8504,11.1931,3.0640,-10.5668,0
-0.6419,0.3395,0.8147,-0.7069,-4.2939,0.1824,0
-0.5365,-0.8508,1.0496,3.0133,-7.3788,6.4681,0
0.0470,1.0920,-0.6777,-5.0568,4.2138,4.8154,4
-0.3277,0.5113,1.3566,100.5853,-12.1149,-75.6142,6
0.9090,0.0451,-0.3134,-7.2889,-18.0795,-3.4589,2
0.0794,-0.1026,1.3088,-2.3700,-0.2470,-3.4431,0
-0.4200,-0.6352,-0.4419,11.9112,4.7381,-21.2135,5
-0.1423,-0.6256,0.7320,-10.1712,7.3965,-6.5576,0
-0.4065,-1.2540,-0.1771,82.0888,-101.1988,163.0130,6
0.3909,-0.5918,0.1376,5.6026,4.0720,0.6939,5
0.6203,-0.7194,1.1125,-60.6904,-94.4211,-91.4171,6
0.6304,0.5289,-0.0155,-29.3441,-191.9037,146.1807,6
-0.7824,0.1062,0.2697,-2.6887,13.6217,-11.4635,3
-0.5222,-0.2242,-0.4012,11.6273,-19.7839,8.1135,3
-1.2731,-0.3001,-0.1887,3.3339,-0.6177,-5.7826,3
1.2733,0.1005,-0.0050,-44.8521,-93.1072,40.8022,6
0.3471,-0.8024,-0.5949,0.2589,-1.1727,0.6190,5
-0.1472,-0.8230,0.3230,-12.3275,7.5605,-11.2432,5
0.4454,0.3990,0.7083,-2.3626,1.6841,-1.3198,0
0.9574,0.4306,-0.5746,-6.9795,1.2396,-1.1635,2
0.5271,-1.0836,-0.5117,1.2006,-1.5876,-14.5598,5
-0.1950,0.7844,0.2415,-14.3605,3.5772,0.2963,4
-0.0477,-0.4205,-0.9197,24.2139,9.4073,-11.3570,1
-0.1567,0.7180,-0.1895,-16.7129,-170.5887,-138.1279,6
0.6043,-0.7354,0.3453,-6.1122,22.9902,-3.6551,5
0.2026,-0.6683,0.0832,-145.4322,-177.1555,-36.9881,6
0.1259,0.7467,0.3431,1.2686,2.0444,1.0719,4
-0.0446,-0.9768,0.4026,13.4430,18.3976,8.8378,5
0.7729,-0.0189,0.8870,-12.8423,2.3073,-3.2163,0
0.5873,-0.2537,-0.7954,-0.9571,-0.5366,-2.0905,1
0.5391,0.3878,0.7070,65.0505,87.9145,49.8989,6
0.6718,1.0301,-0.7913,2.7638,-2.1312,-0.8637,4
-1.4527,0.4087,-0.0649,5.5818,-3.8627,-4.0642,3
-0.0966,-0.6651,-0.3136,15.7161,-6.7445,15.2696,5
0.3973,-0.5891,-0.0538,0.0326,0.3856,-0.0619,5
0.1658,-0.7082,-0.5127,3.6087,-1.4578,-3.6603,5
-0.8880,0.4879,0.5559,4.9432,-1.9314,-7.0588,3
-1.0660,-0.2398,-0.0453,0.0574,-0.1049,-0.1800,3
-0.1604,-0.5725,-0.3824,4.7664,12.5398,2.9517,5
-0.9476,-0.1299,-0.1301,-31.0773,-27.2647,-116.0004,6
-0.8587,0.7176,0.7068,4.3874,-6.8179,19.6112,3
-0.4683,-0.6968,0.2297,78.4769,-99.2387,178.6962,6
-0.1646,1.1187,0.0477,-15.2293,17.9673,8.7701,4
0.2989,-0.7620,-0.2034,5.2691,-6.3752,0.1195,5
0.1731,0.4063,0.7328,1.7737,-0.0850,1.3493,0
-0.1489,-0.5009,-0.5422,-46.5494,7.9800,-89.6664,6
-0.9013,-0.1165,-0.7159,-17.0362,5.7517,-7.1613,3
0.1476,1.1576,0.3613,16.2104,-5.3341,-14.9725,4
0.3055,-0.2068,-0.5976,26.1885,-4.1350,-10.3339,1
0.0764,0.2531,-1.1244,-2.4385,4.6187,-0.8888,1
0.2098,-0.1734,0.7661,1.6714,-0.9902,0.8421,0
-0.9006,0.1233,1.0876,7.2077,-13.6617,-10.9890,0
0.7346,0.5479,-1.1257,16.9776,-5.5066,-4.5008,1
-0.2069,1.0942,-0.9641,4.2691,6.2443,4.8275,4
0.6210,0.0339,-0.8818,-12.8869,-14.9292,10.7561,1
-0.1453,0.9905,0.9435,-5.8040,0.4320,-0.0610,4
-0.1622,0.8693,0.0726,0.1614,-0.2462,0.0412,4
0.9507,-0.2375,-0.3289,-2.1265,-6.2447,0.0917,2
-0.8473,-0.1123,0.6088,0.5875,16.1161,-19.3045,3
0.4493,0.5103,-0.6044,-2.2710,-10.2378,-11.1834,1
-0.3822,-0.6827,1.1392,-135.2871,97.7099,-98.0665,6
-0.1464,0.8912,-0.8754,15.8905,-1.8180,-3.5381,4
-1.0183,0.1514,-0.6417,-17.1153,-11.9732,10.3516,3
0.4853,0.2518,-0.3971,-206.0901,28.0932,49.7896,6
-1.2870,0.2252,-0.6308,9.5015,-3.1769,-4.8377,3
0.4783,-0.6237,0.5420,-119.4839,-79.5875,21.7714,6
-0.4467,0.1538,-1.0406,20.3022,-11.9666,-3.9209,1
-0.8912,-0.3904,-0.8167,4.3008,3.3706,18.5119,3
-1.1445,0.1439,-0.0399,-2.1384,-1.3717,4.3555,3
-0.7422,-0.1835,-0.3026,-1.3897,-11.5821,19.3455,3
0.5677,-1.0096,-0.6226,15.6997,2.6976,-0.5481,5
0.3637,-0.1664,1.1068,0.4108,-2.2076,0.3398,0
-0.5096,-0.2347,0.6937,-0.7748,-7.4479,15.9246,0
-0.5809,0.3354,0.4949,5.2859,11.8732,12.3610,3
0.3802,0.2655,-1.0587,12.4223,13.6363,-2.0016,1
0.4484,0.0717,0.8122,17.9263,20.1993,12.1490,0
0.3304,-0.9554,-0.2098,-7.6144,5.9091,-2.2660,5
0.9759,-0.2518,-0.5744,16.2090,14.4793,1.8061,2
0.7065,-0.7830,0.6691,2.2067,9.2388,-2.4969,5
-0.4996,1.2652,0.0668,4.2470,-2.6984,-7.0640,4
0.7168,-0.3399,-0.3522,-9.0143,24.1142,-1.4206,2
0.3431,-0.8040,1.1415,0.9337,-4.2139,-1.6827,0
-0.7190,0.2334,0.7102,155.1219,-87.8164,-55.3575,6
-0.6552,0.7111,-0.0201,-0.5991,16.2597,1.5508,4
0.8211,0.9855,0.3455,-11.3933,-8.3689,10.6039,4
0.8516,0.6346,-0.9996,4.3099,0.2924,-0.6665,1
-1.0038,0.2992,-0.4375,7.1265,20.4319,-8.9769,3
0.6116,-0.6947,-0.1430,-0.0952,15.0055,2.8793,5
1.1555,0.4242,-0.1608,-8.4497,13.0618,7.7487,2
0.9240,0.2015,-0.4253,-28.0533,-67.0515,38.1054,6
-0.4615,0.5375,-0.2345,-2.6550,15.5850,-3.4097,4
-1.0416,0.6931,-0.4584,-17.6179,-18.8883,6.2587,3
0.9110,0.0174,-0.7577,-30.2135,-24.5552,72.9484,6
1.2270,-0.3353,0.5777,8.0443,-9.4351,-1.7329,2
1.2568,0.2461,0.5547,0.5260,-12.7280,9.1362,2
-0.7357,-0.1165,0.6272,-1.2139,0.1733,-0.0377,3
-1.4130,0.4127,-0.2018,3.7121,-0.6989,-2.1933,3
0.6816,-0.4205,0.0076,3.3718,-4.2036,0.3192,2
0.7014,0.8004,-0.4864,12.2414,-1.2230,-13.3877,4
0.3844,0.0747,-1.3599,-182.7243,9.9763,58.9665,6
-0.5331,-0.5415,0.5781,-0.2073,0.1089,-0.0046,5
-0.6887,0.5303,0.2114,-207.1881,-18.4738,83.5183,6
-0.1026,1.1498,0.5879,2.4324,6.2556,-14.2391,4
-0.5756,-0.7529,0.8675,9.7886,-12.2564,0.5578,0
-0.1053,-0.0111,-1.0432,2.5565,1.2532,19.3502,1
1.3874,-0.3522,-0.3416,-10.2850,-3.9314,0.6851,2
-0.0986,1.3072,-0.1463,6.5504,-5.9516,-23.4503,4
0.3170,0.3735,-1.0710,-11.8563,0.0505,1.6699,1
0.8605,-0.1957,-1.0119,-2.8909,-0.6088,-3.4790,1
-0.5774,1.2183,-0.0448,-23.7870,16.2530,1.1319,4
0.9629,0.7238,0.6778,20.1261,-13.8600,-1.2299,2
0.3700,0.7878,0.6467,-62.0312,86.3760,144.5041,6
-0.7839,0.1878,-0.7967,0.2257,10.3209,8.0262,3
0.1021,-0.6134,0.5659,-9.2173,-12.8930,-1.5741,5
-0.2139,0.3101,0.9174,-127.0868,70.2110,5.8819,6
-0.7547,0.4925,-0.7912,0.2431,-0.8109,-0.1965,1
-1.0028,0.4984,-0.5488,3.6754,10.3235,27.4873,3
0.5647,-0.4729,-0.8042,6.5603,-10.2233,15.5317,1
-0.7720,-0.7282,-0.8479,-114.0285,-105.9889,-38.0363,6
-0.2815,0.1198,-0.8326,-18.0997,6.8908,2.0077,1
0.6165,0.7120,0.9173,1.3286,-4.6546,-0.1702,0
0.7302,-0.3489,1.2890,46.2514,94.6634,-161.2072,6
1.2305,-0.1548,-0.6401,-11.3081,10.6352,21.6957,2
1.0494,0.3382,0.0988,4.2731,23.7692,-10.6839,2
-0.2646,-0.4465,1.0290,-10.8810,3.2505,16.3497,0
-0.1148,0.4125,-0.6847,-0.2404,4.0605,0.2185,1
-0.5960,-0.5222,0.2044,-163.1071,-4.1126,76.8882,6
-0.7160,-0.3588,-0.5223,-3.3477,-1.3563,-1.5673,3
-0.5566,0.5382,-0.3335,-5.7935,4.0746,-5.5767,3
0.3065,1.0696,-0.6384,11.3453,121.5648,-31.9020,6
0.2953,0.2997,-0.9368,-109.5923,-120.5030,-159.3541,6
0.1572,-0.7239,0.9939,-6.7691,5.9639,7.4175,0
0.0932,-1.5205,-0.3822,-48.1759,150.7738,-60.9859,6
0.2114,-0.2044,0.7874,14.0972,11.0738,6.9506,0
0.5468,-0.2942,-0.6465,-8.7338,-1.8374,7.5995,1
0.5959,0.9553,0.2492,6.0367,-4.4646,6.2715,4
-0.0199,-0.6254,0.9168,-17.7011,15.0920,-5.3455,0
0.9246,0.0918,0.9177,-7.2825,2.8523,-0.0075,0
-0.8612,-0.5666,0.6397,-3.7882,5.6359,4.0418,3
-0.2749,0.4977,-1.1099,-9.2427,-26.9198,-4.9788,1
-0.5960,0.7421,0.8014,-3.2264,-3.7470,-2.4142,0
-0.6904,-1.0218,0.1515,-57.7192,-32.9629,-48.9296,6
-0.6115,-0.9564,0.8780,-1.0934,-15.5414,-10.2939,5
-0.1709,1.0514,0.1046,12.9950,10.3226,0.5117,4
-0.3884,-0.7459,-0.6711,-4.5834,10.3369,-2.5320,5
-0.7460,-0.1309,0.2443,-5.0526,4.0956,-13.9642,3
-0.7768,0.8795,-0.7218,-10.2286,13.4336,-16.4061,4
0.2428,-0.8225,0.0679,4.4650,-0.1215,-3.6714,5
0.7340,1.1336,-0.0095,0.6176,0.4009,1.3978,4
-0.0896,0.8187,-0.4394,10.7081,-5.4846,-6.1635,4
-0.6369,-0.1480,1.0853,1.6765,-9.4122,-8.0722,0
0.3580,0.3184,0.5898,85.3090,-136.7744,104.4306,6
0.7440,-0.1516,0.7001,-1.7658,5.5291,1.3084,2
-0.2139,-0.7621,-0.1240,22.9294,2.0729,2.1887,5
-0.9760,0.1049,-0.8340,67.5645,147.0802,19.7764,6
-0.1617,-0.1983,1.0458,-95.1308,52.1203,144.4563,6
-1.2233,-0.2057,0.8175,4.0672,-16.8897,-7.3634,3
0.0969,-0.5468,-1.2107,174.8402,134.0252,102.3605,6
-1.2369,-0.0362,0.6556,29.1550,-136.9737,-97.8889,6
1.4842,0.0988,0.4147,-19.8055,-11.1551,11.5802,2
-0.6912,-0.3016,0.3195,-2.5768,1.4852,-1.9099,3
0.2503,-0.5774,1.1555,3.0142,0.2988,-8.1734,0
1.1683,-0.4398,-0.0146,10.0664,23.2350,7.4576,2
0.7805,0.5272,0.1731,-15.0197,2.6596,-9.6070,2
-0.1054,-0.4630,0.9294,11.8523,1.7443,-24.6251,0
0.7293,-0.4317,-0.1112,4.0682,24.1028,-1.7950,2
0.0308,0.9338,0.3133,-18.0928,-3.9595,9.4268,4
-0.3786,0.4359,0.2527,101.9985,44.5218,22.5232,6
0.9460,-0.7775,-0.0520,7.6698,-1.8454,7.6745,2
-0.8533,-0.7412,0.1120,-1.3021,2.7504,3.2579,3
0.8721,-0.3057,-0.8072,-4.0610,-9.2157,-1.5529,2
1.1192,0.5160,0.2207,-11.8849,8.9387,1.5358,2
0.7393,-0.3916,0.1260,0.3182,-0.2021,0.0787,2
0.9005,-0.2435,1.1047,-6.8978,0.9111,-20.2271,0
-0.3161,0.9790,0.8517,-2.9320,-2.3872,-2.1456,4
0.4383,-1.0977,0.7440,1.2632,17.1934,0.2738,5
-0.8210,-0.9227,0.4723,0.3792,-3.4199,1.3525,5
0.6387,-0.6523,-0.5090,-6.4151,-3.9445,18.4473,5
1.1357,0.0498,-0.3716,-4.1740,1.9806,6.9434,2
-0.5704,0.4326,-0.5433,-15.0563,-8.3888,9.3017,3
-0.7851,-0.4517,-0.5934,10.5891,-1.9553,4.8380,3
1.3686,-0.1711,-0.3372,6.2233,7.9257,-26.1516,2
-0.6542,-0.9921,0.6829,-7.8654,-112.0485,-111.3541,6
0.0172,-0.3245,-0.9628,18.0214,13.5297,12.3244,1
-0.3597,-0.6485,0.3232,4.1327,-12.9576,-13.6647,5
-0.3808,-0.6288,0.6835,13.1965,-19.9896,8.5527,0
-0.7237,-0.4478,1.2816,117.8206,-79.0777,24.8027,6
0.2024,-0.6035,-0.6154,1.7700,-1.9383,-7.1435,1
-0.2654,0.8218,-0.0595,-8.4927,4.9276,9.1213,4
0.4632,-1.1410,-0.7522,4.4798,5.8738,-4.4834,5
-0.1735,-0.0818,-0.8973,16.7443,-9.0797,7.0089,1
-0.0031,0.3181,1.3236,0.4453,-4.7493,12.5521,0
0.0571,-1.3262,-0.1022,2.5867,2.8961,4.5172,5
-0.0990,-1.3519,0.4112,-2.9815,4.6867,2.7468,5
0.7999,-0.5095,0.2856,-0.4839,-4.7659,4.9799,2
0.2204,0.2626,-0.6318,-0.2270,-5.2146,12.6365,1
1.2194,-0.0941,-0.6220,-5.2261,-8.2377,3.1248,2
0.5011,-0.5122,0.1330,-4.2008,8.5052,-10.8279,2
-1.2159,0.2131,0.7060,-0.1184,-1.8968,-10.4475,3
-0.1650,0.1569,0.7126,-10.6831,-19.4310,6.7842,0
0.6481,0.8083,0.7651,-28.8178,7.2685,2.7164,4
0.7468,0.0715,-0.5741,-111.2863,-164.0994,-14.7623,6
-0.5929,0.7199,0.3083,-8.0167,-2.2187,0.8108,4
-0.6646,0.2700,0.8361,-10.8345,21.5643,-6.4324,0
-1.2962,0.4137,0.5872,-2.2087,0.6670,-2.0584,3
0.5999,0.9737,-0.7949,-13.5453,7.7371,-0.0842,4
-0.2988,0.6918,0.7963,19.6418,167.4499,58.3897,6
-0.3475,0.5078,-0.6705,22.0242,58.1932,29.4380,6
0.3458,-0.3789,0.5519,-1.4319,-2.8401,-0.3432,0
0.2341,1.3572,-0.1835,-72.8172,-11.9011,56.6917,6
0.6551,0.6456,0.2857,-17.5254,122.1587,-51.4581,6
0.8766,0.6797,0.6778,10.6549,10.8724,-11.2652,2
-0.1979,-0.4050,0.7218,76.8107,-62.9652,4.0277,6
-0.6661,0.0258,0.4939,-23.1203,3.6459,-9.0470,3
0.8550,0.5545,-0.6540,-3.5548,-19.9843,-13.0072,2
0.0947,0.2901,0.8946,3.0948,-1.9844,12.3028,0
0.1260,-0.5404,0.3820,13.3269,-10.2283,-24.0067,5
-0.3528,-0.2268,-0.9271,8.9199,9.2665,-3.8678,1
1.2191,-0.0590,-0.3539,-7.7082,-8.6507,24.0448,2
-1.0401,0.0556,-0.2655,123.7419,-2.4799,158.9477,6
0.3911,0.9703,0.1579,5.6310,3.8782,3.3634,4
-0.7080,-0.3451,0.2241,-7.1483,-2.3513,-5.5960,3
0.1899,-0.9031,0.1984,4.2019,-1.8779,-19.5870,5
-0.6397,-0.7530,-0.2163,154.4807,-67.4779,-144.3500,6
0.8030,0.1518,0.1455,4.4414,-8.9539,5.1859,2
-0.4781,-0.6029,-1.0320,1.2353,-2.5718,9.1249,1
0.3013,-0.3951,0.5520,170.5223,-85.6208,-49.4258,6
-0.3032,0.7916,-0.8381,0.5187,0.4366,-0.3608,4
-0.1007,-0.2684,1.0655,-1.3302,1.5998,-2.8650,0
-0.2518,0.0292,-0.7220,3.6323,-3.0179,3.5705,1
0.5416,-1.1530,-0.2296,24.0243,-6.2713,-3.3786,5
-0.9381,0.1945,0.4468,1.2807,1.4099,0.0982,3
0.1768,0.8683,-0.5002,-6.2110,-14.0117,1.9285,4
0.1165,-0.7533,1.1797,2.5464,-12.3348,20.7432,0
-0.2556,-0.5350,-0.8578,-6.6319,-1.1832,-2.5692,1
0.1640,0.9326,-0.4221,-0.6348,4.7288,-0.1943,4
-0.1503,0.0386,-0.7125,13.4013,4.6294,-10.3768,1
-0.1043,1.2479,0.5289,1.4488,25.5212,-3.3387,4
-0.4306,0.6984,-0.8986,-14.9214,-16.7489,-12.9092,1
-0.3529,-1.0522,0.7122,-4.6122,21.3453,-2.7725,5
1.1598,0.0597,1.0351,24.0061,-9.0794,-15.1820,2
-0.1362,-0.2837,-0.7091,6.5875,13.0066,19.0963,1
-0.2387,0.4007,-0.9733,-3.0067,-16.9107,11.5484,1
-0.0149,0.7835,0.2052,-3.2162,-8.6184,0.7559,4
-0.8409,-0.3426,-0.0670,-4.5225,-4.4205,-19.4660,3
0.3339,-0.7369,-0.9279,-7.6443,-1.6440,-4.7193,1
0.8003,-0.3788,-0.8648,0.4651,9.3773,-3.8242,1
0.1145,1.2330,-0.0765,11.5941,3.9766,11.5719,4
1.1056,0.0123,0.1043,-5.6005,3.3268,28.3265,2
-0.6041,-0.9279,0.2574,10.0456,11.4084,20.6975,5
0.1855,-0.5542,1.1541,-2.4202,3.9346,0.6910,0
0.8146,0.0511,0.4565,-41.8850,27.6004,-161.6305,6
0.2968,-0.8956,0.0323,-6.9628,-23.7447,0.9405,5
0.4570,0.5958,-1.1291,1.7120,6.3617,-1.3805,1
-1.2421,0.3370,0.5259,-23.8449,-8.4469,-3.7789,3
-0.1254,-0.6737,-0.0989,3.3373,-0.4717,-3.4262,5
0.4941,0.9992,0.0690,14.5614,13.6327,0.4924,4
-0.1917,-0.3031,1.1161,0.0780,2.7142,-0.4174,0
-0.1401,0.2689,-0.7590,1.2639,4.7271,0.8535,1
1.1656,0.4610,0.1456,-84.9837,-12.6419,-170.3135,6
0.2042,-0.7338,0.0940,3.8430,6.3737,-9.8259,5
0.2576,-0.3197,-0.8482,-2.5441,-9.4200,-2.3289,1
-0.6757,1.0236,-0.1895,-2.1853,-1.5484,2.4085,4
0.4598,-0.3027,-0.4604,23.6393,12.5020,-0.7410,2
0.1298,0.5511,0.5314,-14.7632,9.3690,0.9805,4
0.0298,0.3059,-0.8824,-11.2028,15.0369,-4.1012,1
0.7856,-1.0981,0.1761,162.1849,76.7840,80.6209,6
0.9436,-0.5493,-0.6880,-0.6395,1.1475,-1.8372,2
-0.2120,-0.7555,-0.7997,22.5670,3.4166,-4.0997,1
-0.3293,0.9924,-0.7039,-8.3147,7.8263,2.5366,4
1.3215,0.1290,0.2869,-12.1251,-8.9559,-4.8176,2
0.7012,-0.7690,1.0285,-17.3880,-7.4870,7.1524,0
0.5280,-0.1714,-1.0257,4.1169,-17.5573,13.2589,1
-0.8829,0.4175,-0.3151,6.1378,-17.1257,14.5901,3
-1.1274,0.8029,0.6268,153.3874,-39.3514,92.1821,6
0.9568,0.1407,-0.2606,-27.2059,109.0763,68.6527,6
0.5064,-0.6213,0.1466,19.6265,-7.5750,-10.0454,5
-0.1821,-1.3436,-0.5401,-0.3695,-0.1374,5.9604,5
0.2425,0.7620,-1.1762,-19.7156,-8.7416,-18.3818,1
1.2891,0.5449,-0.0594,-7.4011,0.5778,7.5151,2
0.1962,1.3144,0.6144,-2.4299,-1.0133,-5.4969,4
0.1321,0.6826,0.3705,76.6372,123.6447,119.6879,6
0.6436,1.0517,0.7437,-2.9402,-23.6368,-6.7359,4
-0.2395,-0.5099,-0.9811,27.5881,-8.4046,-2.5967,1
0.0425,0.4470,0.9920,-120.9716,49.2759,-79.3897,6
0.7803,-0.4180,-0.0435,2.5477,-15.3683,-9.5122,2
-1.0277,0.3190,-0.7085,-8.4326,-6.0819,5.7764,3
0.5848,-0.0488,0.3746,135.8117,127.6161,35.2062,6
1.1248,-0.7918,-0.0647,7.2309,-5.0222,1.5795,2
-0.7212,-0.1546,-0.4061,-1.0606,-5.3724,1.8808,3
0.4254,0.4650,-0.2051,46.2056,-197.6421,29.2131,6
-0.4548,0.8854,0.8642,-5.3758,-5.2480,-2.4002,4
-0.0212,0.6710,-0.6047,10.7210,-15.7139,-1.9325,4
-0.8222,-0.2117,0.1085,-6.7119,3.4241,-11.0837,3
0.6960,-0.3848,-1.1509,-7.1885,-1.7185,-9.4009,1
-0.9155,-0.0399,0.9361,7.5456,-20.7144,-3.9322,0
-0.3781,0.3088,0.9836,-15.8164,0.7312,12.1893,0
0.6744,0.2590,-0.0847,-5.2801,-6.4409,2.7121,2
-0.2440,0.1923,0.6793,-8.6655,6.4730,9.3365,0
0.2160,-1.3217,-0.3372,-12.3173,-10.2438,7.4374,5
-0.0224,0.1903,-0.9733,0.0795,7.3961,-2.3171,1
0.8324,0.2932,0.2281,-9.2562,-2.0415,-4.3351,2
-0.3985,-0.9638,-0.3786,21.1450,-0.5801,-13.4231,5
1.0393,0.6407,0.1577,13.3235,-9.0843,18.7682,2
-0.0069,-1.2397,-0.7240,0.2002,2.9633,0.6567,5
-0.2167,0.1063,-0.7704,-195.7044,-37.3779,148.8870,6
0.8062,0.6145,-0.2229,15.0455,-42.6215,156.9488,6
0.1308,0.3548,-0.9703,-0.2588,2.6877,1.0278,1
1.2391,0.2937,-0.2941,-13.6875,-6.0996,4.2364,2
0.7219,-0.5195,0.0640,11.3381,9.0868,-21.7881,2
0.1092,0.3045,0.8101,-22.6196,-11.2564,-15.0599,0
0.3626,0.3512,-0.1401,51.2457,40.3894,7.6550,6
0.3510,-0.4395,-0.5521,-8.5262,8.9836,-2.1447,1
-0.3625,1.0505,-0.4400,-20.6793,-7.0504,-71.0387,6
0.3509,-0.8385,-0.7208,-14.8321,14.0553,1.4460,5
-0.2910,-0.7519,-0.3415,5.8643,5.6921,4.0330,5
1.1193,0.1723,-0.1494,-1.1260,0.1688,1.3348,2
-0.4540,1.1112,0.5601,5.1834,22.7301,12.7499,4
-0.3366,1.0859,-0.4784,-28.3960,-43.5465,31.7997,6
-0.4477,0.8385,-0.6198,-10.1069,-0.2990,-1.6564,4
0.1159,0.6232,-0.3956,1.1241,1.1554,-2.4049,4
-1.2913,0.2862,-0.4303,-22.4211,3.9802,8.8991,3
-0.2659,1.1598,-1.0259,-0.4879,40.0016,50.4566,6
-0.9208,-0.7861,-0.5034,-2.7131,17.8899,4.0247,3
-0.0697,0.7813,0.1625,79.2158,-52.6124,-219.6401,6
-0.3976,0.8463,0.9808,5.5704,12.0816,9.1947,0
-0.6962,-0.4460,-0.9716,-13.7135,-2.0588,-4.1163,1
0.3659,-0.6310,-0.5182,-10.6867,-0.1594,6.4055,5
0.0004,-0.9332,0.0604,-0.5094,4.2918,8.6430,5
-0.0048,0.4813,0.7035,-4.1487,-3.1143,17.1267,0
-0.3254,-0.6459,-0.6148,48.7981,44.6674,14.6376,6
-0.6759,0.2373,0.5083,-15.0550,-13.5873,7.1304,3
0.3696,0.5882,0.6144,2.7114,0.8301,1.4348,0
0.3400,0.4993,-1.1587,-42.6273,-99.1597,-34.5002,6
-0.7943,0.6733,-0.4628,-5.2321,1.5326,6.0682,3
0.2000,-0.8635,-0.1745,-13.0615,1.6279,1.5666,5
-0.0389,0.7621,0.0434,-2.8441,-1.7758,5.5095,4
0.2322,0.3299,0.9531,2.7742,-13.0393,2.5667,0
-0.1448,-1.2721,0.5288,119.2315,58.9845,-151.4925,6
-0.6319,-0.2603,-0.0162,-13.8435,-4.6656,11.9821,3
0.9282,-0.5615,0.8749,-7.3733,2.3697,0.4798,0
0.7821,0.6301,0.6682,138.6157,-95.2273,86.1852,6
-0.3127,0.7307,-0.4307,-6.5809,27.4151,-4.2609,4
0.5454,1.0555,-0.4205,-8.5636,-4.5925,6.6535,4
-0.7450,-0.0861,0.3635,0.6541,15.1723,16.3996,3
0.9011,-0.2041,0.0453,13.9193,-9.6662,2.7343,2
0.5392,0.6147,-0.2979,135.9164,33.6770,-132.9775,6
-1.0385,0.4489,0.4031,67.0749,47.0304,-12.0245,6
-0.0161,1.3895,0.0974,-0.2883,1.7852,-3.2562,4
-1.0662,0.3759,0.5149,12.0650,-7.6777,14.2763,3
0.5481,0.3025,0.3321,3.5638,-17.1907,-1.4183,2
-0.5231,-0.3632,-1.2825,-9.0398,-4.4449,-6.7395,1
-0.7130,0.1178,0.6721,-0.4436,0.0293,0.9807,3
0.3477,0.3623,0.4939,8.5829,-14.8358,9.1116,0
-0.1003,0.7062,-0.1227,-0.5812,-4.4213,-8.3012,4
0.3519,-0.8317,0.6349,27.7825,-2.7683,10.4365,5
0.0730,-0.3583,0.6133,0.7889,-3.6827,9.8331,0
0.5233,-1.0055,-0.5043,-64.3591,181.4700,-102.4105,6
-0.5638,-0.1896,-0.8838,16.1804,97.9219,-18.1144,6
-0.7678,-0.3600,1.2037,3.3596,-14.1257,18.5390,0
0.4957,-0.3912,-0.6310,-14.8427,17.0380,-10.6970,1
-0.7988,0.9403,-0.5529,2.1576,-29.8837,-1.4682,4
-1.4369,-0.2003,-0.4357,-10.2401,6.8763,5.5495,3
0.6531,0.5346,-0.4527,0.6722,1.0777,2.2968,2
0.1055,-1.4541,0.1271,3.0309,1.4210,-1.7926,5
0.5440,-0.7000,0.2674,-17.5533,5.1858,-2.0267,5
-1.0171,0.3659,0.0512,-1.4685,-18.9045,-9.9407,3
-1.0720,0.3730,-0.7299,2.6322,1.8518,-0.7137,3
-0.8284,-0.5645,0.3754,-0.9939,5.5100,3.6110,3
-0.6811,-0.5950,-0.3417,21.4960,-1.0412,5.0131,3
0.5925,0.8121,1.0383,-0.1834,0.5772,-0.0590,0
-0.2948,0.2143,0.6699,0.8610,9.0985,-5.1529,0
0.5315,-0.6253,-0.0940,-9.7009,16.9245,-19.9603,5
-0.1141,0.3717,0.6629,13.9733,6.0988,-13.2616,0
0.1145,0.7370,0.0959,9.6831,7.7628,25.1084,4
-0.3177,0.6103,-1.0914,2.4207,-0.2271,0.3893,1
0.5978,0.1670,-0.5209,13.4423,-19.6905,13.5909,2
0.9820,-0.0943,0.9501,121.8963,-13.5016,-21.6723,6
-0.0606,-0.0832,1.3478,1.2224,1.3448,-0.5408,0
-0.7613,0.3591,0.5147,-6.6847,15.6886,-3.4074,3
0.9660,0.3212,0.4549,-2.1823,-5.6624,-9.7676,2
-0.4394,-0.8275,0.0799,-8.1637,15.6240,-15.8016,5
0.6828,-0.3242,-0.3860,1.1779,9.6790,-9.7086,2
0.0397,-0.2269,-0.8923,-8.5385,22.7629,-4.2366,1
0.5342,-0.7770,0.0682,7.6370,7.8949,3.1539,5
0.1538,-0.8103,-0.4309,5.5978,-2.7053,1.1646,5
0.1830,-0.0209,0.7909,-6.3774,5.1689,0.5600,0
0.1688,-1.3263,-0.0977,-4.0226,3.8673,-0.9402,5
-0.3209,-0.7229,0.9851,-1.1394,0.4993,3.0879,0
-0.5733,-0.0408,-0.4921,22.7680,-8.3434,11.7304,3
0.0274,0.8122,0.4785,6.6902,22.7846,-5.9163,4
-0.2216,-0.9107,0.2521,-31.9682,-6.1111,60.3565,6
0.6035,-0.2092,0.1031,-70.2852,6.6217,29.1680,6
-0.7847,-0.1506,0.1995,27.1520,-71.7018,8.0340,6
-0.9508,-0.3354,0.4679,-12.7167,15.2088,13.7983,3
0.2032,-1.4033,-0.0393,-0.6265,1.6548,-0.6289,5
-0.2991,0.5625,0.6897,-1.0815,-1.2603,2.5593,0
1.0849,0.1701,0.0097,-27.6937,-10.4878,-4.1732,2
0.2207,0.7985,-1.0713,-6.6405,-17.2777,21.6717,1
-0.6757,0.4187,-1.1269,-96.9291,-97.6625,12.2935,6
0.2867,0.5831,0.3728,6.2098,-1.2793,-1.6776,4
-0.6373,-0.9398,0.2045,-3.7002,-15.5414,-8.1816,5
-0.4609,0.7373,-0.1216,109.6128,104.3317,90.4532,6
-0.2721,-1.1240,0.0970,-5.8453,-20.8573,6.2747,5
-0.1707,-0.5585,0.3871,-4.8009,-0.4163,8.3511,5
-0.8403,0.2193,0.4360,11.9498,-4.6788,-2.6832,3
-1.2980,0.2091,0.3227,19.4927,-11.7896,-0.4529,3
-0.6261,0.1785,-0.2119,203.3383,-37.5258,-25.5302,6
-0.7592,-0.1474,0.7109,16.1791,4.8173,-13.9796,0
1.0445,0.0150,-0.4284,-56.2599,29.4886,16.8672,6
0.3612,0.7606,-0.3354,-3.2424,4.8208,-6.7959,4
0.0660,-1.2616,-0.3204,4.4687,-5.5726,11.0916,5
-1.0684,0.5177,-0.4133,-6.4901,-21.4121,-5.5555,3
0.0122,-0.1469,-1.4150,-3.7130,6.9695,10.4503,1
-0.1506,-0.6951,-0.1505,-3.3703,-8.7368,15.5811,5
-0.2540,-0.7615,-0.4210,35.8879,62.5762,0.3486,6
-0.8842,-0.1654,0.5712,-5.4251,-1.1025,-1.3711,3
1.1272,0.2928,-0.6958,-3.4450,0.4067,-1.7312,2
1.1482,0.4609,-0.7193,-16.6531,2.2925,-24.6966,2
-1.0616,-0.1801,0.0065,11.8938,-2.2818,5.2218,3
-0.5852,-0.5886,0.4987,-228.1742,-80.3934,37.9705,6
-0.4274,1.2496,-0.1336,2.2574,-10.0923,-3.9001,4
0.3450,-0.0869,-1.3226,-12.1967,11.2122,-20.8283,1
0.4687,-0.0083,-0.5927,-3.0299,-2.6990,2.4185,1
0.2570,0.2510,0.6150,1.8599,0.0080,2.6810,0
0.1699,1.1788,0.5315,-0.1156,3.4788,2.9070,4
-0.2438,0.4502,-0.5270,18.6972,-11.8803,11.4231,1
-0.0345,-0.6619,-0.6121,-2.9267,-0.6283,-4.3726,5
-0.6319,0.2477,0.4051,4.1026,1.2280,7.5779,3
-0.3269,0.9108,0.0145,-0.6702,-0.6646,-4.2101,4
0.9022,0.2452,-0.1968,-4.8075,11.4750,7.5160,2
0.4943,0.6886,0.0887,-21.1990,6.7505,-17.7548,4
-0.2980,-0.3619,1.0337,0.3622,5.4261,0.5975,0
-0.7546,0.4490,-0.5385,1.9100,2.7110,-18.5162,3
1.1699,0.5002,0.6689,4.8870,-4.8872,1.1043,2
-0.2189,0.9325,0.5247,-3.8258,5.9869,-4.8380,4
0.4504,-0.9322,0.1160,3.6245,-2.4753,-0.8438,5
0.4136,-0.5814,0.3248,-23.3570,-0.0131,-18.7267,5
0.7108,-0.4820,-0.8595,0.8942,0.4337,2.2231,1
1.3535,-0.5054,-0.2225,15.6208,-15.4386,-16.4260,2
0.6827,-0.2671,0.6248,-8.7342,-16.4278,-1.8112,0
0.3871,1.3699,-0.3838,-10.2480,4.1872,-10.5623,4
-0.8670,0.0965,-0.1596,1.3287,-4.5142,-0.9675,3
0.5304,0.5451,-1.0287,29.3196,3.6356,-3.0336,1
0.2252,1.0008,-0.9411,-3.2219,-5.1657,7.3799,4
-0.4422,-0.6783,0.1146,-144.3408,131.2175,-60.2273,6
-0.2973,-0.4797,-0.6750,12.2289,11.4821,4.0793,1
-0.1003,0.6019,0.8066,0.4781,-12.2156,-4.1628,0
-1.0934,-0.2366,-0.0708,-20.6970,-6.6654,4.0999,3
1.1132,0.5256,-0.2027,-19.0751,7.9729,5.3838,2
0.3645,-1.1887,0.2555,51.6714,69.5296,-8.0978,6
0.5882,0.3758,-0.4163,-39.6562,-74.6066,-15.6007,6
-1.0600,0.7537,0.2164,-1.5563,1.1444,5.2786,3
0.8849,-0.2107,0.3978,15.5513,2.3745,-8.4441,2
0.9564,0.4378,0.5094,10.3686,-11.2182,9.9110,2
0.4151,0.9580,0.3446,1.3378,-9.3307,-0.9514,4
0.3481,-0.8324,0.3813,0.1853,2.9136,-3.7778,5
0.5088,0.6729,-0.2329,-3.0778,-7.0181,8.3298,4
0.9847,0.1527,0.5517,142.1930,-85.5694,-133.9656,6
0.7891,0.5085,0.1985,9.9287,14.0458,2.3126,2
-0.4167,0.5250,1.1783,0.4951,14.2843,-1.3696,0
0.2512,0.1082,-1.0159,-11.1279,16.8526,20.3249,1
-0.0511,1.0308,-0.8240,-8.2019,10.4489,-3.1037,4
-0.1035,-1.3642,-0.5309,-14.0903,-7.9666,3.5377,5
-1.2257,-0.1259,0.3030,8.8662,9.5278,-3.2870,3
0.0954,0.0098,0.9078,-43.8050,-62.1308,-59.9974,6
0.5363,0.2447,0.8340,-7.0230,90.0378,-19.8099,6
-0.2649,0.7699,-0.3843,-3.6258,-6.7904,23.1961,4
0.4411,-0.0232,0.9411,-4.6888,-5.8570,-0.0757,0
-0.8245,-0.6664,-0.8903,-11.0755,5.9125,1.8313,1
0.6606,-0.4684,0.4809,17.0276,-104.9509,-93.6232,6
0.1440,0.7294,0.2766,11.9824,-1.4634,6.7319,4
0.7706,0.9560,-0.3021,-23.8564,-37.9080,-52.6685,6
-0.7245,-0.4721,-0.9250,-2.8189,-2.2760,-8.7553,1
0.6104,-0.5427,0.1696,2.0669,1.8990,2.5622,2
0.1185,-1.1953,0.5331,18.9906,-16.5165,15.7570,5
0.9267,0.3356,0.8568,6.3817,-17.2864,8.0065,2
0.3188,0.6967,-0.0653,-7.0349,-4.3620,1.2110,4
-0.4695,0.6358,-0.5337,1.2131,-2.6908,-0.4295,4
-0.2078,1.1069,-0.0563,-2.7610,-2.1734,-3.3247,4
0.8997,0.5964,0.4243,4.8313,-1.2838,-0.3192,2
0.9477,0.7145,-0.0050,-4.8165,-1.9049,0.2606,2
1.3365,0.3176,0.3732,-2.8679,19.9838,9.5256,2
-0.5168,-0.0311,0.6550,-77.5544,28.2582,-147.8349,6
-0.2181,0.8864,0.4078,7.1663,-0.0401,-8.6060,4
-0.8523,-1.1104,-0.3917,-9.6499,12.2540,10.4613,5
0.4977,0.1558,1.0942,47.2391,-11.3968,-39.0765,6
-0.0368,1.3664,-0.0402,-0.1600,-0.9115,1.2933,4
-0.1472,-0.0264,1.1635,2.3558,-5.2366,1.1240,0
0.5527,-1.1581,-0.1121,-0.1097,-0.3417,0.7229,5
0.4899,-0.6093,-0.9010,1.9664,-6.3298,1.0116,1
0.2957,-0.4804,0.7935,-9.7984,-3.1937,-5.7002,0
0.0744,0.2639,-1.0784,-1.4202,13.2991,-19.8129,1
0.0324,-0.9753,-0.5324,-8.7257,-3.9387,-9.9334,5
0.3480,-0.9148,-0.7731,-126.3076,29.0557,40.7799,6
-0.1188,-0.7415,-0.4293,-18.3658,10.2992,-12.4991,5
-0.1814,-0.6051,1.0189,-50.2817,-30.1467,-20.2117,6
-0.4528,0.0109,-0.7555,-80.3977,25.9877,1.1473,6
0.2470,0.1564,-1.0124,-14.3988,10.6226,11.9353,1
0.2775,0.1964,-0.9651,-11.4910,-2.3664,19.5136,1
0.3003,0.8837,-0.0242,43.5197,114.2543,153.4150,6
0.0539,-1.2790,0.0647,-2.4386,-10.9778,-4.5942,5
-0.0352,0.7861,0.8432,-8.4841,23.7593,-12.7431,0
0.3289,-0.4120,-0.9469,-3.8012,8.8023,6.2837,1
0.0366,-1.0624,0.9881,-0.0667,0.0023,0.0918,5
-0.4905,0.0233,-0.5259,0.3641,-0.1588,-1.3115,1
-0.4347,-0.0772,0.9392,-12.5684,9.3411,1.1473,0
0.7499,0.1117,-0.4901,-0.8607,-7.8517,-5.4793,2
0.6019,-0.6360,0.2234,-24.4687,3.6676,1.4216,5
-0.2159,-0.6504,-0.6658,-0.3463,-5.4883,16.5615,1
1.0029,0.3052,0.6557,3.1156,1.7870,-23.9726,2
-0.0078,0.6260,0.7330,-9.2045,-0.4233,-4.4318,0
0.7166,0.1897,0.2035,9.2068,-8.7756,-7.7959,2
0.0704,-0.8175,-1.0949,-0.2054,1.4699,3.4881,1
1.1437,0.2205,-0.3036,-5.4463,-7.9406,4.6196,2
-0.7892,0.7824,0.9057,10.8619,6.9787,-1.4435,0
0.2646,-1.3729,0.3978,-33.0352,146.7581,36.0303,6
-1.2274,-0.3571,0.2768,-1.9448,2.0191,-4.0694,3
-0.5986,0.5566,-0.3920,-23.2979,-2.6253,10.5874,3
0.4258,0.2420,-0.9976,-16.9227,-4.4110,4.8637,1
0.4382,1.2645,-0.4886,-15.8567,-13.9706,20.2949,4
0.7619,-0.4005,0.6594,-3.5896,61.5695,95.5058,6
-0.1310,1.3581,-0.3805,-5.7398,-1.0264,-5.7223,4
1.1994,-0.6293,-0.0762,0.6183,4.8032,-5.6351,2
0.9180,-0.2369,-0.3909,6.2699,-18.7024,-2.3278,2
-0.7394,0.1748,-0.3321,242.2556,-30.3243,42.6741,6
0.3397,0.9520,0.5988,-4.6407,-16.0504,8.0385,4
-0.0619,1.0731,-0.6944,-17.5738,-14.8473,-10.3288,4
-0.1104,-0.1124,0.8583,-5.4243,10.5342,-18.9473,0
-0.6271,0.4076,0.1859,0.0679,1.5889,-0.6954,3
-0.6921,0.0127,-0.4296,-2.4976,5.4893,3.4377,3
0.2609,0.4332,0.5431,14.7227,-23.8102,-8.3393,0
-1.2246,-0.1713,-0.5626,-0.4829,-1.4819,-4.8020,3
1.0375,-0.8149,-0.6506,-24.9548,-2.0662,0.9356,2
-0.2404,0.7506,-0.7727,-2.8174,-2.8872,-27.1326,1
-1.0469,-0.1806,-0.7655,-14.3371,88.8396,-3.1685,6
-0.6173,0.1885,-1.0128,-11.4600,-12.4535,3.5245,1
-0.5884,0.2899,-0.8541,-1.4782,0.0864,1.4604,1
-0.0924,0.5063,1.0126,-6.5996,-8.3620,3.6196,0
0.0681,0.6103,0.7319,1.7476,-1.0536,-0.9570,0
-0.5907,-1.1433,-0.5416,-201.1351,-58.8409,73.3661,6
0.3490,0.0732,-0.7808,181.0987,3.4657,0.8420,6
0.0566,0.6633,-0.7864,8.4857,79.6821,-85.3627,6
-0.2572,0.7437,0.3568,-4.6670,1.9729,0.2125,4
-0.0471,0.8288,-0.2969,-134.9805,89.5653,8.7578,6
-0.7672,0.1176,0.9129,1.7453,-0.0960,-2.6198,0
0.2524,1.2565,-0.1480,-0.4747,10.7389,-8.0994,4
0.6293,-0.3250,0.0803,10.5204,-1.2091,6.1135,2
0.7263,0.3865,0.6608,-1.1168,-99.0598,-77.6708,6
-0.2921,-0.3065,1.0143,7.5285,-4.4419,0.9028,0
-0.6589,-0.3913,0.0316,-0.0002,0.0226,0.1921,3
-0.5521,-0.6737,-0.8860,-16.3085,-0.0213,18.9408,1
-0.9713,-0.4299,-0.6685,4.0332,-12.0239,9.7456,3
1.1053,0.8923,-0.0110,-2.2244,4.2761,-3.0954,2
0.5127,0.1401,0.9919,0.5169,2.1258,-4.4357,0
0.7538,-0.2274,0.9525,1.7120,3.4941,0.9167,0
0.6469,-0.6087,-1.1979,-81.1256,-32.8486,-190.5930,6
-0.2828,-0.2890,0.5735,-22.8939,-4.8709,10.4322,0
-0.7925,-0.1202,0.7231,-11.2010,20.8072,1.9772,3
-0.3879,-0.4914,-0.7746,5.0349,17.3204,-8.9192,1
0.3820,0.0095,-0.7432,18.4976,-8.7471,-12.2773,1
-0.2023,0.2342,-1.2778,0.7627,-2.9964,-2.5383,1
-0.8326,-0.2305,-0.2591,-0.8942,1.2424,0.3547,3
0.4382,-0.2872,0.7483,-3.6688,-0.5540,4.2871,0
0.2645,1.0408,0.9938,195.0445,35.0434,5.0192,6
-1.1320,0.4625,-0.6513,-15.3384,-7.5126,13.5745,3
-0.6348,-0.1158,-1.3525,18.1073,7.5455,5.7941,1
-0.3333,-0.2792,-1.0239,-3.5029,0.0064,-4.4538,1
0.2227,0.6368,0.3611,10.1085,25.2942,-7.8203,4
-0.1450,0.5031,1.2138,69.7038,26.7898,-168.2087,6
-0.2548,-0.4276,-0.8048,-1.4789,-11.2962,-8.6833,1
0.4442,0.3045,-0.7959,0.3042,-1.0225,11.0700,1
-0.3844,-1.2734,-0.1950,1.3306,-0.2782,-0.0052,5
-0.1592,-0.5963,0.5396,-16.8989,-12.8288,9.7477,5
-0.0323,-0.7336,-0.3494,-14.8268,-8.4690,10.8546,5
-0.4780,-0.6907,-0.8373,0.1556,-5.1676,24.6727,1
1.5786,-0.5266,-0.0962,-65.1446,69.8107,13.7281,6
0.1884,0.1193,-0.8043,-110.0495,31.3575,-3.3479,6
1.0361,-0.5063,0.2499,13.4067,1.0379,15.0164,2
0.4885,0.8528,0.4640,-7.0830,-0.0651,23.0406,4
-1.1211,-0.2985,-0.2194,-3.7653,19.1707,1.7928,3
0.5710,-0.6068,0.3303,-20.2633,13.5631,-1.6860,5
-1.3421,0.0766,-0.7943,-98.0288,-87.7977,127.5949,6
-1.2550,-0.0077,0.2789,-21.0786,-11.7129,7.6932,3
1.1670,0.0812,0.4035,0.8856,1.1584,0.8567,2
-0.0219,-1.0681,0.4282,-9.2857,3.6286,-27.2486,5
-0.4489,-0.5982,-0.2247,0.8556,-0.9906,-0.6470,5
0.3919,0.0655,-0.7449,10.7656,0.9706,-10.7263,1
-0.5492,-1.1900,-0.3154,1.9372,-4.3407,-23.3415,5
0.7643,-0.2519,-0.2684,-191.8950,-103.1981,-59.0374,6
-0.3990,-0.0409,-0.8061,-2.3370,12.6675,-10.5968,1
0.1636,0.4430,-0.7207,14.3124,-13.9854,21.4253,1
-0.4941,-0.5066,0.7514,66.2076,109.8229,-76.0257,6
-0.1551,1.1292,-0.1194,15.3455,23.1866,-6.5942,4
0.6291,0.5434,0.3536,-7.9215,5.0763,-9.1536,2
-0.5134,0.5404,-0.2078,9.1628,4.5304,-0.1426,4
0.5485,0.3112,-0.3144,-16.4664,19.7662,4.8536,2
-0.7853,-0.0282,0.7608,-6.8601,11.3110,-3.6038,3
-0.3660,-1.2772,0.5154,-14.4750,-4.2533,6.3310,5
0.3609,-1.1835,0.2877,38.2740,-51.3234,63.6006,6
-0.1295,0.4967,-0.9081,21.7355,-13.1315,2.5307,1
0.4608,0.7767,0.3334,83.3648,-146.1196,45.1424,6
-1.4113,0.0864,0.2324,-5.4224,-5.0295,-3.0356,3
1.2318,-0.0260,-0.2084,-160.5764,-165.1060,31.7706,6
-0.0739,1.1626,-0.9385,-33.6473,-50.5804,-21.7794,6
0.9100,-0.2330,0.7172,-6.8086,-3.2089,2.7648,2
0.3625,0.4798,1.0476,-6.0825,9.1780,-14.1668,0
-1.1273,0.1701,-0.2662,-3.0756,-13.0981,6.0180,3
-0.8768,-0.7181,-0.6754,0.2326,2.1532,-0.2546,3
0.4581,-1.1099,-0.3698,-3.7057,-2.3092,-0.9674,5
-0.3839,-0.2522,-0.9214,3.7876,-10.5383,-1.6815,1
-0.7387,-1.2431,-0.2869,48.5683,-72.1091,70.9185,6
0.5470,0.0670,-0.9847,-63.5490,87.8208,-80.6546,6
-0.0043,-0.1508,0.8050,-24.2283,9.7391,-10.3828,0
0.4629,0.0329,0.6001,9.5793,-12.1480,-6.0709,0
-0.2462,-0.7688,-0.4479,6.2775,-4.3604,17.7924,5
0.8686,0.6694,0.5908,11.3805,22.0949,3.5591,2
0.5182,0.4355,-0.9898,67.3020,62.6487,-85.6455,6
1.1646,0.4219,-0.0435,8.2918,2.0904,13.3685,2
-0.4306,-0.9011,-0.2064,1.1127,-1.4524,3.5686,5
0.7819,1.1573,-0.1169,23.1775,9.9350,0.0498,4
0.7108,-1.0610,-0.3838,-43.9878,169.7218,23.6862,6
0.4275,-0.2353,-1.1328,-68.7386,157.6226,-128.7419,6
0.8256,-0.3073,-0.6319,10.5255,2.6375,-10.7237,2
-0.2638,-1.0418,0.9855,27.5555,5.0836,-4.1949,5
0.1300,-0.6265,-0.3618,-52.9199,10.3220,-26.9974,6
0.2777,-0.7069,0.4482,3.2633,-21.9747,3.7378,5
0.5485,-0.7514,-0.1117,13.8490,-1.7540,4.0887,5
0.8003,0.2660,0.0006,-26.5549,218.1293,22.2123,6
-0.3790,0.0295,-0.8829,2.2453,1.0249,-13.9689,1
-0.4698,-0.7436,-1.0578,-5.2855,2.6195,-6.8030,1
0.9848,0.1779,0.2489,12.6206,-3.4655,-0.1430,2
0.8495,0.8506,0.5692,-0.1251,1.4923,0.4049,2
0.9978,-0.6586,-0.7722,3.4020,3.3268,6.5494,2
0.6166,0.5980,-0.2995,99.3211,50.9502,-75.5223,6
0.1966,-0.8096,0.8526,18.8597,-10.8774,-11.8173,0
0.2325,-0.6215,-0.0392,-10.8286,0.4192,-2.1391,5
0.3668,-0.9656,-0.4521,-1.4319,-12.1991,-4.1874,5
-0.2199,-0.0890,0.9237,-0.2538,-0.3560,1.7108,0
-0.8499,0.1505,1.1001,-1.0588,6.8446,-5.1456,0
0.4033,0.6075,-0.1051,-143.1192,92.8479,-99.3935,6
-1.2020,-0.5046,-0.3477,-3.4340,-14.2676,-8.2949,3
-0.8268,0.2904,-0.6190,16.4045,13.2785,10.0066,3
-0.4175,-1.1597,-0.4268,-1.4106,-2.6602,-4.3418,5
0.2073,-0.4139,-1.0897,6.5830,5.8202,0.4110,1
0.0622,0.6863,0.3830,-12.6358,54.1948,-178.6828,6
-0.4264,0.0267,-0.7235,1.6080,2.3484,-2.3800,1
-0.0410,0.5683,0.5500,-1.5141,1.6618,3.7264,0
1.0611,-0.2489,0.5467,4.4908,2.7405,5.6980,2
0.4239,-0.2504,-0.6572,-2.3040,2.0870,-2.5878,1
-1.0661,0.8264,-0.3392,-16.8180,3.2966,19.6061,3
0.9417,0.1482,-0.6397,-1.3543,-0.5053,-13.0376,2
-0.2281,-0.8892,0.9123,16.7262,-15.3679,8.2201,0
0.1708,0.2913,-0.7892,4.2041,15.0029,-2.6507,1
-0.3676,0.0003,-0.8916,-11.0109,-14.4203,-15.6376,1
-0.6237,0.8586,0.2966,71.6848,126.7170,4.6573,6
1.0051,0.7679,-0.0783,-0.0205,0.6810,1.7161,2
-0.7032,-0.5965,0.5225,9.0826,12.5021,-20.2294,3
0.5088,-1.1405,0.1181,0.4631,-3.5522,1.7711,5
0.4773,-0.4209,0.4363,-15.2453,-4.1730,-19.2806,2
-0.6988,-0.5101,-0.6945,1.2154,-22.1347,-19.2720,1
-0.5623,0.0063,-0.3640,-66.9134,-154.5987,-99.6705,6
0.7448,-0.5659,0.2408,-7.9644,8.8383,16.1467,2
-1.0331,0.3758,0.6425,-8.0303,-2.1670,-1.2430,3
0.7680,1.0715,0.0554,17.3766,2.4810,-9.3491,4
-0.8913,0.0246,-0.2354,-13.3145,-5.9773,-2.5317,3
0.6697,1.0862,0.3573,9.3334,-1.5043,-19.7240,4
-0.0198,0.9476,0.3565,24.4666,9.1003,-1.6045,4
0.8401,-0.3024,0.8081,-3.1741,-6.9604,-14.7071,2
-0.7275,0.3759,0.0362,-72.2798,-40.7740,-14.3404,6
-0.9866,0.3489,0.2406,-138.3894,1.2238,-19.1949,6
0.3895,0.1423,-0.6840,-18.5812,-17.3387,0.8857,1
1.0418,0.3828,-0.3167,-1.1190,1.4243,-13.4055,2
0.4814,-0.2225,-0.6748,-0.7769,-0.0220,-0.7560,1
0.4492,-0.0367,-0.6517,14.4971,14.3338,-19.3592,1
-0.7597,-0.8651,0.6611,-2.8122,8.6985,4.0756,5
0.6708,0.1008,-0.8320,22.8766,6.5281,-5.7910,1
0.7577,-0.2346,-0.4880,-15.9707,3.2426,4.1534,2
-0.5339,0.5364,-0.7667,3.1376,6.7895,16.5329,1
1.0212,-0.3524,-0.4005,10.1686,-1.4387,-8.0689,2
-0.5087,-0.6547,-0.2048,-0.3616,0.6692,-0.5653,5
0.1726,-0.2969,-0.8924,-6.9120,6.7733,14.8202,1
-0.6801,-0.1639,-0.6307,-8.1392,21.8587,15.1776,3
0.3302,1.1438,0.1858,2.2882,-3.9678,8.8953,4
-0.3645,-0.7121,-0.2733,-7.7211,5.5973,-1.3278,5
-0.4582,-0.3791,0.5215,-10.2274,-22.3156,-15.1148,3
-0.9526,0.3086,0.0569,-12.7775,2.4009,-16.2967,3
-0.3460,-0.9472,0.5578,5.7560,8.3451,-6.9954,5
1.1686,-0.0217,0.9546,5.3687,-1.0919,-1.0918,2
0.4534,0.2483,0.4922,-2.4546,2.0081,1.4208,0
0.1876,-0.7190,1.1393,-11.3602,-22.1884,-11.5229,0
-0.8049,0.7197,0.0130,-3.2495,7.1052,-9.4842,3
-0.3899,1.1430,-0.0614,4.0173,-3.3012,-1.0234,4
-0.1129,-1.0300,0.6883,-1.4558,-6.2577,0.6271,5
0.7993,-0.2692,-0.3050,6.0952,7.6198,-10.1172,2
-0.0267,-0.9507,0.0414,46.8249,87.6842,-147.3712,6
-0.4013,-0.0024,-0.9367,-23.5331,16.8886,7.4979,1
-0.9454,-0.6910,-0.2925,9.0562,14.0640,7.4400,3
-0.0419,0.2670,-0.7411,10.6423,1.6705,-13.1035,1
-0.6944,0.8228,-0.2650,3.9270,-1.8821,14.6050,4
0.6033,0.1178,-1.1400,0.3321,-0.2823,0.2568,1
-0.4631,0.7382,0.1451,-0.6226,1.5815,-0.5683,4
-0.0894,-0.1752,-0.9989,-5.9958,0.0073,-9.7328,1
-0.7507,-0.5697,-0.6327,7.3091,12.6852,-0.1795,3
0.6839,0.2554,1.0294,6.8852,3.8131,3.1938,0
0.0606,-1.1158,-0.3335,18.9574,-5.6205,-10.3677,5
0.3353,0.8982,-0.9514,-5.1131,-13.9340,10.5132,1
0.8660,0.2764,0.1543,2.1038,-14.2177,3.4104,2
-0.7277,0.1909,-0.8343,-6.7921,5.4550,-0.1255,1
-0.9527,-0.0908,0.5266,-5.7752,10.3430,5.0773,3
0.6699,-0.0749,-0.4463,-17.4351,0.0301,-9.6452,2
-1.6135,0.2842,-0.1475,173.8855,72.5029,-31.9976,6
0.6384,-0.4850,-1.0226,12.4263,-6.4400,12.1182,1
0.9893,0.5905,-0.6552,6.8815,18.1602,-14.0809,2
0.6582,0.5771,-0.3283,0.5336,-4.9342,-2.0281,2
0.4400,0.4546,0.8512,4.8947,4.8005,-1.3994,0
0.3850,-0.1403,0.3008,-79.6699,-182.4393,-53.9385,6
-0.0949,0.7783,-1.0629,1.1569,2.0870,2.7341,1
-0.0762,0.2294,1.0973,-3.1001,-18.0250,4.0677,0
0.6431,1.1071,0.4218,12.1159,-2.6511,-5.6426,4
-0.3833,0.1351,0.4250,-75.7889,31.2137,-87.1734,6
0.7050,-0.1201,-0.6015,-1.0049,2.5833,-2.7051,2
0.5052,0.0030,-0.8613,-75.4237,77.8285,36.5091,6
0.8777,0.2711,0.2082,0.8305,0.4608,-1.2253,2
1.1372,0.3159,0.4172,28.9174,-22.3175,210.9215,6
0.6995,-0.5009,0.6307,0.5093,14.9781,1.7846,2
0.1660,0.8718,-0.3861,14.6849,12.9111,-13.9508,4
-0.3260,-1.1651,-0.6297,-6.0180,-19.2730,1.8513,5
0.8268,-0.4286,-0.1903,-22.3632,-10.3220,15.5810,2
-0.9298,0.0069,-0.8602,-92.8480,126.7743,186.4568,6
0.2464,-0.4334,1.2872,-2.2581,6.4791,-3.4238,0
0.7709,-0.5638,-0.4124,-153.8511,-3.8065,139.2381,6
0.2652,0.2811,-0.7120,-3.0473,1.6924,-2.3241,1
1.0706,-0.6111,-0.7507,-1.4389,1.3298,0.3313,2
0.0931,0.9640,0.2691,8.0812,-14.3431,3.2783,4
0.7982,0.8725,0.3844,5.8760,-5.5367,23.1433,4
0.0020,-0.6209,-0.2275,-76.5285,-41.7528,-154.4863,6
1.2197,0.0013,0.1952,16.5558,-21.3052,10.2731,2
-1.1439,0.9667,-0.3697,-67.5459,45.3964,118.8200,6
0.4475,0.5589,-0.4803,0.2127,0.7910,-0.1758,4
-0.7177,-0.5014,1.1340,-15.5215,17.0739,2.5899,0
0.2651,-1.0808,0.1744,-0.2452,-0.1146,0.1462,5
0.0888,-1.2340,0.1721,-1.7967,0.2670,0.7367,5
0.1046,0.7516,-0.0538,3.4698,-8.4573,-22.9010,4
0.6033,-0.8983,0.9907,0.5475,-1.5860,-2.6142,0
1.0204,0.4793,-0.1865,9.4532,17.7516,-12.6784,2
0.4510,1.0079,-0.3762,-1.9719,-3.2834,-2.5664,4
-0.2510,-0.9499,-0.3930,0.8043,23.0085,15.4782,5
0.4151,-0.9891,0.9714,-6.4045,16.1076,1.5803,0
-0.6831,-1.0642,0.1573,-10.4421,0.7278,-0.5609,5
0.4780,0.2543,0.7748,-1.6875,-2.2903,-5.7510,0
0.5513,-1.2056,-0.2932,1.4593,-10.9575,-9.4946,5
0.5236,-1.2255,-0.1388,0.0591,-1.4609,0.0604,5
-0.0964,-0.7501,-0.7315,-6.2132,8.7987,12.8775,5
0.0566,-0.3509,0.7653,-117.6089,97.9049,-10.6285,6
0.6918,0.6888,-0.6127,-7.4754,-12.7413,-9.6831,2
0.6111,0.6302,1.0457,-173.9155,164.1028,-33.9421,6
-0.4616,-0.6747,0.2692,-8.3316,-8.6729,10.0773,5
0.7856,-0.8229,0.9071,16.8569,-21.2302,2.4946,0
-0.1700,-0.9771,-0.4947,1.6777,6.2391,-0.2735,5
0.8933,-1.0437,0.6450,-3.8772,-1.5800,20.9643,5
-0.2019,0.4758,-0.5135,-0.4061,0.1607,0.5052,1
0.7853,0.6957,-1.1463,-115.4397,3.6630,-128.5402,6
1.1866,0.0098,-0.6673,-6.0468,-2.9387,0.2986,2
-0.1108,-0.8412,0.2415,6.5427,-0.3723,-4.7634,5
-1.0321,-0.0926,1.0198,-9.4585,17.1303,0.0774,3
-0.6082,0.1267,-0.7575,10.7101,4.3511,4.6113,1
0.5059,0.5083,-0.3420,1.7594,-1.5873,-1.0335,4
0.8052,0.3341,0.5720,5.8694,4.6127,-6.8479,2
-0.1771,-0.2471,1.3142,3.2090,2.9982,-2.5847,0
-1.2836,0.3604,0.4184,4.7479,5.3265,-2.8168,3
-1.0430,-0.7419,-0.3721,1.6398,7.0928,0.5912,3
-0.2053,-0.2074,-1.3517,-1.9621,-6.4906,16.8776,1
-0.3335,-1.0561,-0.2375,101.6736,-127.7490,-27.9036,6
-1.2343,-0.3855,0.4787,-14.7119,-181.7033,-76.5617,6
0.8363,-0.6902,0.7604,1.8667,2.0905,15.4892,2
0.6243,1.3055,0.3874,-3.4421,-1.8300,-27.3961,4
-1.0153,0.0043,-0.2015,6.7786,-6.0211,12.2637,3
0.0699,-1.0661,-0.8286,18.0703,-3.4362,1.0396,5
0.3893,0.5926,-1.1996,-16.0879,-1.8899,-18.7583,1
0.3225,-0.6901,-0.5655,-0.6585,-23.0859,12.2395,5
-0.3127,-0.5579,-0.7075,-15.5779,7.3594,-9.3794,1
0.7956,0.8554,0.4564,1.4760,-3.1318,13.2204,4
0.6585,-0.3786,0.5426,-20.7782,16.4741,7.4291,2
-0.1271,0.8181,0.2306,-3.2754,-10.7775,8.0367,4
-1.0591,0.0749,0.6416,9.0128,17.2342,19.9776,3
0.3157,-0.5456,-0.4674,-19.4614,0.3274,-11.6599,5
0.2816,-0.4739,-1.0599,-93.7758,-10.2546,162.5910,6
-0.3302,0.2196,-0.7308,-22.6619,-11.6780,-9.4616,1
-0.0277,1.0001,0.1648,14.6337,-5.9173,13.6427,4
0.5687,0.5821,0.1066,4.1549,-13.1905,9.6109,2
-0.4120,-1.2660,-0.4996,130.3134,119.0448,12.9098,6
-0.1078,1.1160,-0.0968,0.9223,0.5146,-2.0367,4
0.6510,0.0984,0.3658,-14.6871,-9.2203,12.9625,2
0.8666,0.1333,-0.8321,-12.2819,2.9131,-1.6532,2
-0.4509,1.2155,0.5541,8.4974,4.3748,-20.3461,4
-0.1456,0.9698,-0.8736,40.1111,-188.6942,-144.0335,6
-0.0999,-0.8310,-0.4787,15.4712,9.7877,-11.5607,5
-0.1243,-1.2314,-0.4430,-0.0024,-5.5614,5.2709,5
0.6284,-0.0357,0.3731,34.6226,46.4436,-29.8860,6
-1.0602,-0.2175,-0.2985,-17.2715,-11.5572,19.2034,3
-0.6580,-0.4593,-0.0076,6.4523,-23.4599,-7.7817,3
-0.6502,0.1028,-0.3903,-11.5196,-5.8281,-9.8155,3
-0.0716,0.1639,0.7187,-24.1664,2.2642,10.3250,0
-0.0613,-1.1452,-0.7445,15.2518,-0.2611,4.0602,5
-0.1907,-0.5996,-0.8665,17.2042,2.3176,11.5206,1
1.0944,0.1855,0.1568,4.4284,22.4175,12.2230,2
0.5763,-0.7529,-0.7969,0.9783,21.1471,-8.5447,1
0.8993,0.4668,0.3795,-3.4291,-0.6480,8.6597,2
0.5327,-0.9068,0.7185,-81.3700,25.3505,29.1836,6
0.4464,-1.0268,-0.6730,1.0966,2.3190,1.5411,5
-1.2133,0.4242,0.3214,4.6440,-2.8706,-3.3370,3
-1.2694,-1.1506,0.1872,-97.0740,-66.6650,-83.4173,6
0.9072,0.1569,-1.0293,122.9887,-81.2832,-58.1689,6
0.1525,-1.1232,0.4435,2.9696,-27.9284,-2.3596,5
0.1384,-1.3303,0.1888,-10.1530,-19.2821,18.9454,5
-0.0744,0.8284,0.7569,12.6515,11.9642,-23.9888,4
0.6701,-0.8359,0.1684,-6.9706,1.4595,5.5061,5
-0.3411,-0.6603,-0.0927,-47.8206,63.7687,91.1073,6
0.2063,0.5415,-0.7974,6.0864,3.4072,-2.4009,1
0.1392,0.6422,0.2089,-7.7978,14.3681,2.4225,4
-1.0854,-0.0566,0.0332,7.1444,13.5501,14.8983,3
0.9778,-0.6459,-0.6890,16.0339,8.4441,-5.9649,2
0.3198,0.0398,-0.7194,15.3431,2.7057,-0.0028,1
-0.7046,0.0599,0.6057,-74.3711,-64.5792,-67.7955,6
-0.4567,0.2162,0.5983,80.4184,-169.6665,76.2515,6
0.0625,0.6353,-0.5570,4.8330,-7.1266,15.3711,4
0.7480,-0.6864,-0.9114,9.0446,-7.2563,-17.3469,1
0.0804,-0.4330,0.9665,-3.6872,3.7900,-2.7608,0
0.0733,0.2223,-0.8913,-5.8974,16.4280,-9.4683,1
0.0428,0.8239,-0.5178,10.5815,10.1209,2.4816,4
-0.7244,0.3038,0.7016,8.0617,6.7386,13.8488,0
-0.2626,0.3209,0.5410,45.0896,62.6634,-125.0156,6
0.1174,0.8359,0.0658,2.3814,2.3091,-3.8700,4
-0.1472,0.6592,-0.7347,-24.1155,-53.0661,37.1839,6
0.0702,-1.1772,-0.5342,-54.9399,-3.5276,54.1435,6
-0.5380,-0.6047,-0.0469,-2.7328,-3.3324,7.7895,5
-0.6445,0.6109,-0.1632,1.5024,-0.5685,-19.3427,3
-1.1155,0.0465,0.3926,-8.7191,21.6440,13.4736,3
0.2266,0.6150,-0.5438,-59.8739,56.1635,-162.3043,6
0.4913,-0.6551,-0.5882,-23.7779,0.7463,-10.6431,5
-0.5716,-0.4582,-0.2110,1.7758,8.5519,3.6259,3
0.4931,0.7108,-0.9626,-11.3260,10.3935,21.1123,1
0.8213,0.0035,0.5046,0.1530,6.9055,11.0050,2
0.2364,-0.0107,1.2402,-6.8004,3.7678,-0.5208,0
0.0251,-0.6043,-0.6108,0.1825,-2.0897,1.1462,1
-0.1863,-1.4639,0.1056,9.1769,9.4386,-2.8084,5
-0.4328,0.7922,0.1089,20.2953,-10.0596,-17.1491,4
0.9686,-0.9110,-0.1963,2.9696,-11.6652,12.3183,2
0.5668,1.0731,-0.2112,-51.8987,105.3212,-175.1272,6
0.8789,0.1155,-0.0197,5.4596,1.9832,6.5022,2
-0.6034,0.6225,-0.2863,-90.8033,-20.3554,94.6016,6
1.0748,0.8599,0.3124,8.4876,-3.4722,-7.6951,2
0.9635,0.1144,-0.6265,0.6424,-0.4363,-2.3852,2
1.4431,-0.0273,-0.1290,-8.5359,-22.3679,62.8015,6
0.4362,-0.1625,1.2945,-0.0812,-0.0782,0.0993,0
-0.1459,-0.6174,0.8975,-1.0232,-13.6884,3.8729,0
-0.7710,0.2548,-0.6017,-12.7529,2.9985,3.2377,3
0.8330,0.2666,-0.4126,2.3440,-6.2475,12.1029,2
0.8443,0.7864,0.4309,24.1753,7.6324,4.2953,2
-0.6502,0.4526,0.2480,5.2965,4.3009,-26.9769,3
-1.2590,-0.4803,-0.8064,35.2451,-31.0702,177.2108,6
0.6464,0.5486,0.6283,-2.3177,0.7274,0.1568,2
-0.3659,0.7672,0.5438,25.5073,8.9196,12.0906,4
1.0476,-0.0253,0.2102,-5.2645,-4.1349,-2.1848,2
0.5424,0.0250,0.6430,2.0806,7.1250,4.7670,0
-0.1544,0.2672,-0.7842,23.2423,9.1513,-5.8056,1
0.6076,-0.0978,-0.2870,138.4599,132.0754,16.3540,6
0.6978,0.5297,-0.7380,5.0562,11.8039,20.3717,1
-0.4749,-0.7018,0.0967,3.0517,0.4936,-0.0857,5
0.6307,-0.2363,0.8649,0.6809,-13.8863,-16.1292,0
0.4508,-0.8197,-0.5884,-10.7789,-19.4678,12.1643,5
0.1712,-0.0279,-0.8453,-8.3540,-15.0967,19.2035,1
-1.3245,-0.2897,-0.5212,12.2468,-2.8276,-7.4244,3
-0.4878,0.3104,-0.9486,14.3705,16.7327,5.7382,1
0.6377,-0.5821,-0.8437,4.7000,0.0208,-1.9541,1
-0.8692,0.2510,1.1428,-7.4081,-13.4903,-12.9924,0
0.8238,0.7664,-0.3901,1.9032,1.5994,-1.6156,2
-0.6168,1.1898,-0.2754,4.2465,7.5733,-10.8727,4
-0.4668,1.2355,0.2080,-1.4281,17.5102,7.8756,4
0.5499,0.9220,0.5126,-7.6120,5.5636,5.1704,4
-0.7048,-0.2221,-0.2373,4.8286,1.3630,19.7896,3
0.3314,0.5438,0.8580,-7.5228,-1.1489,-9.7677,0
-0.3157,-0.4077,0.7952,5.3650,-2.5633,2.0578,0
0.9091,-0.0212,-0.0408,12.2830,10.6588,-2.6314,2
-1.0376,-0.7931,0.0579,1.2644,3.4593,4.1872,3
0.7657,-0.3638,0.6446,-11.2522,24.6246,4.6004,2
-0.2706,-0.5675,0.4459,-119.0336,59.6956,20.1550,6
-0.6113,0.1010,0.7042,-12.3187,-59.7407,60.6554,6
0.1821,-0.1083,-0.7238,-4.5347,18.5738,6.9271,1
-0.5922,0.9410,-0.3843,-29.6425,-18.2287,57.1034,6
0.1067,0.9346,0.3856,-10.7174,59.3462,-19.8824,6
0.4544,0.8042,0.3449,1.6280,-12.3413,1.9470,4
-0.5245,0.3536,0.6197,-3.9074,5.0915,-1.6827,0
-0.5019,0.6095,0.7668,0.5361,0.7900,-1.7811,0
0.3942,-0.0518,-1.2948,4.2843,4.5390,2.2170,1
0.1267,-0.0323,-1.1035,18.2536,10.8826,-20.5153,1
-1.1294,-0.4316,-0.5227,16.4538,17.2353,0.8743,3
-0.6907,-0.5893,-0.2338,-8.1991,-7.3363,7.3137,3
-0.5012,0.7720,-0.6754,-2.9581,-0.3099,-1.5801,4
-0.9043,-0.3169,0.5483,-25.2108,3.8180,13.6302,3
1.1284,0.6285,0.1268,-13.2886,12.7652,-16.7823,2
0.6541,0.6741,-1.0788,0.3042,1.2962,-0.8551,1
-0.5175,0.6181,0.3542,-1.0876,1.0006,-1.1595,4
-0.8075,-1.0514,-0.6253,49.6845,4.6168,-180.1327,6
0.0806,-1.0973,-0.6546,-0.1547,0.0076,0.1976,5
0.9071,-0.6471,1.0277,2.7885,-3.1182,-0.3488,0
0.8717,0.2926,-0.0234,-9.9693,1.4068,0.1433,2
-0.6967,1.1029,-0.4665,-21.7700,1.5336,8.2085,4
0.9446,-0.9842,-0.2687,1.1359,-0.3713,0.9460,5
-0.0865,-0.0853,1.1191,-10.5225,26.3330,8.3094,0
-0.1710,0.1323,0.5945,-8.3866,-21.2530,-19.1106,0
0.2810,0.0452,-0.8182,1.0657,-0.4956,-0.2369,1
0.8069,1.0253,-0.1801,-14.0248,5.3911,-2.8349,4
0.4678,0.6944,-0.4148,3.2626,5.8338,4.7538,4
0.0785,-0.2802,-1.0909,-14.4393,5.6341,20.0577,1
-0.0505,0.0240,-0.8822,-25.8154,7.1476,-3.7701,1
0.3759,0.0487,-1.4329,-47.7469,-42.5940,6.4100,6
-0.4616,1.0604,-0.8820,-9.2839,12.0288,-23.7637,4
0.9396,-0.1514,-1.1101,-1.6629,6.9965,24.7127,1
0.5547,-0.3163,0.8212,3.6734,1.2075,-4.3492,0
0.8453,0.5217,-0.7686,-7.9627,-0.9879,-0.2718,2
-0.5534,0.4050,-1.2867,17.8605,10.5283,-4.4885,1
-0.1910,-0.5759,-0.7973,17.9517,-13.4680,-6.6147,1
0.1723,-0.9921,-0.6377,-2.8194,-5.8127,-11.8902,5
-0.5987,-0.6949,-0.3030,5.6776,8.3025,-6.2615,5
-0.7846,0.2686,0.1032,1.6308,0.5173,23.4726,3
0.3715,0.7151,-0.5390,-91.4702,34.5159,-164.6667,6
-0.6171,0.6663,1.0916,-0.1351,-16.9169,18.1489,0
-0.5571,0.8669,-0.4260,17.6209,1.8038,-10.7770,4
0.2087,0.1846,-0.8236,32.1004,-66.6852,40.0431,6
0.1033,-0.4817,-0.7169,10.1044,-12.0783,-7.9468,1
0.5656,0.3898,1.2158,-1.0757,0.0915,0.8823,0
1.0602,0.2228,-0.2479,4.4628,10.4804,-12.8116,2
1.1552,0.4722,0.2693,0.4321,-1.0512,-1.1752,2
0.9017,-1.0380,-0.5280,-1.1018,-7.8717,-17.9793,5
-0.6960,-0.8862,0.1712,4.9256,12.4743,21.5367,5
1.2003,0.1500,-0.3090,-1.0914,-9.1880,-0.5897,2
0.6554,0.5788,-0.4697,0.9161,0.1057,1.1037,2
0.8619,0.5947,-0.0275,16.4876,8.7058,-12.1869,2
0.9595,0.5247,0.0563,10.0047,-2.6238,-3.4116,2
-0.0987,0.7859,-0.1816,8.6152,-12.4403,13.5351,4
-0.8680,1.2294,-0.2304,-14.2378,9.0525,-7.4877,4
0.7059,-0.3677,0.5367,1.6065,-23.4006,14.2957,2
1.0724,-0.0152,-0.4754,-0.8460,-2.7763,-1.1882,2
1.4511,0.2520,0.4229,-1.8754,-0.3394,-1.1118,2
-0.9502,-0.0624,0.1609,0.5905,-16.2521,2.5629,3
-0.7833,-0.3667,0.6529,3.5122,2.7503,-9.3157,3
0.1226,0.4494,-1.0229,75.6861,37.1361,54.2439,6
-1.2448,-0.2865,0.0580,-2.6726,-5.2902,-16.0226,3
-0.5862,0.6107,1.0326,-6.4797,10.0290,10.9683,0
-0.6937,0.0886,-0.7242,-3.2287,2.2338,-4.5057,1
0.1690,-0.5125,0.9326,-6.4073,15.6963,-8.3784,0
-0.3217,0.9622,0.0066,-17.9828,-14.0936,-13.6764,4
-0.1089,-0.7218,0.1447,3.4115,2.7956,-17.8018,5
0.1558,-0.5791,-0.5523,5.9241,6.7907,-0.8039,1
0.4981,1.1666,0.6087,-44.0015,-1.0178,84.5108,6
-0.2018,-0.3084,1.1246,4.2204,10.6538,20.5943,0
-0.3591,0.5589,-0.7727,-22.8069,1.9435,1.3136,1
-0.6602,-0.5949,-0.2780,10.9474,-9.9924,-7.4365,3
0.3934,0.4356,-1.1831,-0.2800,8.3704,-12.4863,1
-0.2068,-1.2919,0.0585,2.0849,3.2414,17.2081,5
0.0016,-0.5314,-0.4515,-1.7024,2.5820,1.7487,5
0.8024,0.3835,-0.2839,4.9605,12.4618,6.4274,2
0.1340,-1.1464,0.5067,4.6939,7.9162,-0.5513,5
-0.1892,-0.1061,0.9610,-12.1521,4.2890,204.0770,6
-0.2297,-1.1536,0.3196,-15.6017,8.1142,14.2275,5
-1.0413,-1.0616,-0.2331,-2.8408,0.7724,-10.5922,3
-0.7283,0.3242,0.5618,7.5348,-20.7983,-16.1719,3
-0.0862,0.9839,-0.8987,-4.5944,-0.0707,-2.7386,4
-0.2517,0.2861,0.8664,106.1080,-40.4250,68.3420,6
-0.8287,0.1879,0.3222,21.4889,-4.6229,12.1994,3
0.4761,0.7874,0.9629,3.7446,-5.6225,-5.9247,0
-0.7788,-0.2799,-0.1544,-4.9533,-137.3374,-9.4639,6
0.4406,-0.3214,-0.7433,0.1464,-2.1256,-3.7792,1
1.1798,-0.4187,0.2536,-0.3211,-0.2919,-0.3120,2
-0.8216,0.2916,0.0122,-62.9885,2.2876,67.6217,6
-0.6125,-1.0771,-0.4908,-1.0810,-14.8810,0.0345,5
-0.8923,-0.8742,-0.1254,-0.1035,0.0372,-0.0026,3
0.5411,0.0566,-0.7636,1.3122,-3.9496,-5.6956,1
-0.2253,-1.3378,0.2853,-98.7475,37.9304,-76.2797,6
-0.7339,0.2079,-0.4011,3.1219,0.0342,22.2003,3
0.0205,-0.6467,-0.9624,1.1746,24.4855,-16.6051,1
0.9128,0.5329,-0.4255,-6.1288,5.3100,-10.9198,2
-0.3651,0.1180,0.9338,-0.1417,-16.4708,-13.7516,0
-0.3978,0.7305,-0.2967,-9.1372,-121.5272,-10.1479,6
-0.7728,0.1340,-0.4294,-16.2371,-11.3354,8.2503,3
-1.1036,0.7280,-0.3024,-8.7054,14.3337,-4.5144,3
0.7394,0.7307,0.5829,6.8184,10.3574,-14.4717,4
0.0085,-0.5859,-0.6212,27.7308,0.1081,-7.0243,1
0.7713,0.3129,-0.3003,-1.0215,-4.2606,-3.3352,2
0.5945,-0.3789,0.5480,10.6578,25.5414,-5.4167,2
0.8651,0.6185,1.1282,156.6868,22.1627,-25.4829,6
-0.5219,0.2289,-0.5923,7.7198,5.4457,17.7160,1
-0.6642,-0.1015,-0.6907,-5.6202,-12.5231,8.4673,3
-0.6787,-0.7885,-0.3212,-1.2899,6.8293,0.4418,5
-0.1586,0.5014,0.6139,0.2677,0.8010,0.5183,0
-0.5283,-0.8371,-0.5464,2.2364,2.0886,-5.2342,5
0.4157,0.6119,0.1104,-11.6270,-6.8608,-2.3339,4
0.0281,1.2216,0.6940,1.0399,-17.0648,-7.8743,4
0.1243,0.7171,-0.0098,0.7884,-3.1681,-1.6897,4
0.8122,0.3612,-0.7214,36.6329,26.3494,-76.4128,6
-0.5536,-0.8895,0.5469,43.4329,63.9743,40.9302,6
-0.4487,-0.4565,0.5480,-5.8766,1.3492,2.2357,3
0.4257,-0.0653,-0.6641,2.6929,-7.2156,3.3996,1
-1.3103,-0.2865,0.2233,14.8662,-4.3465,1.3214,3
-0.8235,-0.0656,-0.4242,12.3163,-15.4571,1.1122,3
0.3249,-0.0980,-1.2271,-17.4057,2.8431,8.9595,1
-0.1564,-0.9134,0.2391,0.1573,15.3218,-2.2242,5
0.1556,0.7179,-0.9925,20.4341,-4.8936,-4.8624,1
-0.5587,-0.7331,-0.4206,-34.7301,69.0699,-31.1261,6
0.9352,0.6173,-0.0677,-67.3973,105.2960,-53.1397,6
-0.9748,1.1125,-0.1992,6.3052,-0.6853,-6.2803,4
0.0506,-0.3991,-0.6821,5.3436,-5.5568,-7.7329,1
0.5376,0.6102,1.0944,163.6188,106.0028,-144.5798,6
-0.9709,0.5245,0.0994,-18.5993,17.6050,8.8746,3
-0.4260,-1.1512,-1.4057,-120.7717,-184.4996,-99.3743,6
-1.3453,0.0377,0.3230,19.2007,-15.8437,13.5558,3
-0.1287,-0.3720,-0.9164,-17.0590,9.5226,1.8879,1
0.1900,0.7203,0.2411,1.5445,-1.8135,23.0791,4
1.0289,0.1930,1.0482,2.0237,1.2626,-0.1140,2
-0.0977,0.0856,1.4167,9.8384,0.9408,-14.1485,0
0.3676,0.5738,0.0930,143.0444,28.9421,-67.4653,6
1.2981,0.4231,0.6527,2.3194,0.0358,5.2214,2
0.8980,0.6494,-0.3831,-0.1206,0.1814,0.0871,2
0.6156,-1.1102,0.3035,9.1540,-3.0783,-8.1815,5
-0.8687,-0.0236,0.4114,4.5688,7.8710,21.3767,3
0.6692,0.4387,1.2859,-11.5205,-13.8323,-14.2868,0
-0.4199,-0.1149,0.6819,5.8949,-5.4336,-24.5979,0
0.1828,-0.9732,0.1965,17.7920,1.9775,-0.6040,5
-0.1004,-0.0876,-1.4723,-19.7363,3.8892,-20.1917,1
-0.7663,1.0711,0.1450,0.6367,0.7754,0.2939,4
-0.8440,-1.1465,-0.3720,9.4132,-3.5911,-11.3313,5
0.6402,-0.4950,-0.1958,-12.4066,-5.1726,13.2585,2
0.2279,0.6993,0.7654,-2.5342,-3.4215,0.4435,0
0.3684,0.4205,0.4910,-165.6624,-23.4722,1.5304,6
-1.0713,0.5846,0.2789,11.3900,15.3328,6.0912,3
0.7841,0.3035,0.2728,169.7797,-44.2539,2.4811,6
-0.6574,-0.0095,-0.4705,13.6878,-7.6934,-2.3769,3
-0.2132,-0.5556,-0.8990,139.8198,36.1869,-115.0182,6
1.0663,0.1048,0.3324,-0.2245,-0.8409,0.5598,2
0.9411,0.1728,0.2472,1.2517,0.9110,1.6812,2
-0.0166,1.2501,-0.3605,3.7271,3.6683,1.3624,4
-0.6920,-0.3386,0.6238,44.1562,183.4469,-67.1904,6
-0.9059,-0.5988,-0.9713,12.0686,3.5000,11.5397,1
0.7236,-0.3336,0.2474,-0.1860,10.4677,12.5499,2
0.1229,0.1846,1.4015,5.2992,2.5499,6.2971,0
0.8713,-0.0023,-0.0473,10.0800,4.4358,-13.9400,2
0.4187,-0.0671,-1.2529,-1.9126,11.1586,-15.0848,1
1.0096,0.8161,-0.1653,-0.3199,-0.1977,1.5768,2
1.0263,-0.2483,-0.5274,-23.6590,-11.9660,1.1331,2
0.7510,0.9122,-0.0834,-15.0180,-8.6174,-6.5464,4
0.4897,-0.6192,1.0288,1.6810,-2.6379,-3.3682,0
0.2296,-1.4592,0.1174,7.2370,-6.6152,6.7821,5
-0.6830,0.7908,0.5546,0.9755,-0.1662,0.2881,4
1.1248,-0.6360,0.5987,6.9431,-12.7642,-4.2710,2
-1.1880,0.6814,0.6620,5.4892,-83.9060,-4.4547,6
-0.6624,0.1533,-0.2652,0.8016,10.3781,-14.0344,3
0.8509,1.0114,0.8998,-28.0318,-186.3266,-155.6833,6
-0.4790,-0.1024,-0.4172,63.2528,16.8271,52.6083,6
0.0082,-0.7180,-0.0692,-8.9762,0.4106,-7.8278,5
0.6061,-0.1743,0.8570,1.5553,1.9460,-0.4295,0
-0.6930,-0.3534,0.4020,12.9288,12.8266,12.8635,3
-0.7013,-0.9932,-0.5279,-22.9917,4.3776,10.2719,5
0.2294,0.7499,-0.1339,-25.5828,-2.0496,3.3082,4
0.0708,0.7248,-0.6790,-1.2117,9.0202,-12.4135,4
1.0812,0.3365,0.1212,1.5913,-21.8606,-14.1193,2
0.3710,1.3649,-0.1999,10.9614,-7.2893,14.3314,4
-0.1937,-0.8319,0.1955,10.7127,-1.3162,1.4752,5
-0.9169,-0.6461,-0.3820,0.4568,-6.5426,-23.5871,3
-0.2077,1.5101,-0.2251,2.1596,-6.9501,0.6790,4
-0.5942,-1.3427,0.1387,9.8329,0.8805,21.8015,5
0.1965,-0.0282,-1.3044,2.1879,3.6280,6.5903,1
-0.4837,-0.4387,0.3089,-28.8972,-41.1827,-104.5947,6
0.8624,-1.1121,-0.2972,-1.6842,0.0667,-3.1798,5
0.5082,-0.8253,-0.2152,-11.3975,1.9577,4.8066,5
-0.0397,0.8077,0.2734,-27.5736,-1.6228,-0.2848,4
-0.6152,0.2549,0.1360,7.1849,6.0633,-5.8124,3
0.7198,0.4234,1.1651,-0.2602,-0.4294,2.0779,0
0.0326,0.3896,0.9145,4.3964,-3.6250,-0.9344,0
-0.1516,-0.8517,0.0901,-0.4216,0.1308,1.3026,5
-0.8253,-0.0480,-0.0037,0.9709,0.7997,11.2830,3
0.0422,-0.4630,0.8601,12.6305,-4.3626,-8.8260,0
-0.0802,0.9110,1.0727,11.4018,-9.8024,-18.6954,0
-0.5913,0.5186,1.1556,0.3223,-0.4104,1.0595,0
0.2843,0.0466,0.7552,9.4664,15.0187,2.3749,0
0.5305,0.4062,0.4337,-6.8756,-3.9955,12.8645,2
-0.4221,-0.5869,1.2011,-94.0342,-116.7780,-103.8943,6
0.3591,0.6320,-0.2773,2.2669,3.1019,-2.5439,4
0.3671,-0.6012,-0.8138,6.8199,18.9872,-18.5439,1
-0.0141,0.4817,0.6909,5.3560,8.6583,8.5371,0
-0.4097,-0.2234,-0.7534,-15.2484,-9.3412,2.4687,1
-0.4938,0.5938,0.3578,-0.1705,0.0186,-0.0404,4
-0.8347,-0.9331,0.6229,9.5350,14.5982,-15.0651,5
-0.0903,0.7301,0.1347,-0.2722,0.3878,-0.5367,4
-0.7058,-0.8457,-0.0735,11.8525,-5.5177,-15.9207,5
-0.5820,-0.4807,0.0059,2.2313,5.3278,-7.4283,3
0.9054,-1.2086,-0.2444,-0.6313,0.1852,-0.9320,5
-1.1319,0.2871,-0.6359,-5.2936,-0.5056,-2.2551,3
-0.2042,-1.3201,0.0632,0.0541,-0.1715,-0.4163,5
-0.2593,1.1706,0.3016,-41.2942,138.5347,27.7356,6
-0.4198,-0.8786,0.6438,2.2042,-0.5409,-6.1702,5
-1.0070,0.3378,0.6027,-2.5634,-24.0680,5.6910,3
-0.6111,0.4364,-0.5184,20.7989,-49.4998,50.5718,6
0.5836,0.1785,-0.8621,-2.5977,3.9386,3.2657,1
0.3649,-0.8051,-1.0568,3.4749,7.0601,-23.8027,1
-0.6897,-0.2320,-0.3038,-4.3485,5.3634,152.5756,6
0.5666,-0.0721,-0.8184,1.5094,-26.9895,-1.3297,1
-0.8500,0.5934,0.2362,-0.8450,-0.6914,0.6509,3
1.0295,-0.8320,0.6215,11.7667,-6.7131,-9.2621,2
-0.7042,-0.6243,0.7554,-2.0898,9.0020,6.6491,0
0.5053,0.4107,1.3025,-2.5757,-104.7887,87.5220,6
0.5759,-0.5680,-0.3297,-0.0772,-8.3492,-7.3253,2
0.7267,-0.5731,-0.4349,11.4262,0.9760,-13.3601,2
0.1532,0.2282,-1.3895,-0.0554,-41.9857,49.9132,6
0.3202,-1.3638,0.1411,-3.7416,-10.3066,8.0978,5
-0.8622,0.2481,-0.2845,-7.6666,4.6214,-0.7177,3
0.0296,0.9236,-0.4613,-2.2432,12.6616,0.4867,4
0.0262,-0.5970,-0.8975,-33.5283,20.1938,-147.0611,6
-0.0141,-0.4217,-0.9206,19.9199,7.4386,-107.8651,6
-0.7190,-0.4110,-0.8245,-5.4755,6.8113,-4.4379,1
-0.7417,0.3124,-0.2354,4.4054,0.4035,11.4462,3
1.1123,-0.8747,0.3508,-5.6295,0.2015,8.4348,2
0.1635,0.7294,0.2530,3.7912,3.4162,-8.3123,4
0.5219,0.7793,-1.1003,-8.9788,-1.5786,-4.4013,1
0.1222,-0.8278,-0.3551,-2.8879,23.9542,-5.5986,5
-0.1258,-0.1757,-0.9113,13.9100,-9.4802,17.5033,1
0.1453,-0.3478,0.8484,140.4604,-160.9178,23.1532,6
0.4825,-0.7278,-0.5325,-2.1959,1.4287,0.2933,5
0.5522,-0.4012,-1.1246,9.4525,12.8371,-22.1680,1
0.9688,-0.3154,-0.2176,1.6143,14.8615,2.5455,2
-1.0993,0.1434,0.4127,-124.1427,-115.1499,84.0773,6
0.6189,0.9017,0.1922,-0.9869,16.0485,-4.5217,4
-0.1706,-0.4961,-0.8730,-41.6372,23.9152,66.1945,6
-0.0650,-1.0806,-0.3601,9.8727,-4.5987,24.1861,5
0.1406,0.6028,-0.2516,4.0325,20.0011,4.4411,4
-0.6614,-0.9797,-0.5287,-18.5574,-16.0943,8.9209,5
-0.1917,1.2353,0.4495,162.5349,64.7062,-97.9345,6
0.9467,0.4758,-0.3237,-3.6479,-0.7722,1.5210,2
-0.6610,0.7247,-0.0600,-11.5817,2.0317,-9.3147,4
0.2882,-0.5979,-0.5182,12.5563,4.0415,7.9083,5
-0.5007,-1.1147,-0.3798,-11.6149,10.0350,-3.5689,5
0.6277,0.6597,0.6344,-13.2092,-7.4646,-14.3753,0
0.8078,0.7516,-0.0548,8.9767,11.9368,12.5062,2
-0.5367,-0.6367,0.8369,-3.1473,3.3310,7.1515,0
0.8553,0.2153,-0.6409,14.9195,-6.4805,-22.6066,2
0.2146,-0.1462,-1.1469,-0.6618,-1.4072,0.3300,1
-0.2290,-0.7009,-0.1000,-14.9800,-11.5116,0.5115,5
-0.2469,-1.2842,0.5012,-7.8793,-17.3995,10.4248,5
0.6349,0.1033,0.5954,4.9132,-3.7679,8.2431,2
-1.0455,0.7574,-0.3033,-2.4381,-3.5148,13.6236,3
-1.0299,-0.2612,-0.7316,0.3714,21.1514,4.5473,3
-0.6723,-0.4226,-0.4693,0.0535,-1.0720,3.3542,3
-0.1340,0.4732,0.7170,7.6752,-6.8211,-2.0102,0
-0.3316,-0.8522,-0.3728,22.6619,0.1719,19.4622,5
1.0259,0.8200,0.0651,3.7711,13.1479,-13.7106,2
0.5651,-0.3290,-0.7613,-31.4014,-230.4806,-61.6212,6
0.2028,-0.6269,0.6807,-0.2738,-22.1247,-9.2887,5
1.2725,0.3567,-0.1007,-190.4877,-83.8665,-114.5279,6
-1.3065,0.1201,-0.3312,-19.0767,-4.9139,-3.6358,3
-0.8528,0.1663,-0.9399,-119.8465,58.2465,-85.9301,6
-0.3421,-0.2290,0.6220,-4.5643,-0.9574,-2.1293,0
-0.1456,-0.2021,-0.9763,-3.1613,2.5005,4.6675,1
-0.6083,0.7198,0.8178,6.0652,0.3877,-22.5390,0
-0.2971,-0.5022,-0.6925,-10.9566,12.4828,1.5217,1
-0.4977,0.7028,1.0402,-2.0084,-4.7079,2.0815,0
-1.0170,0.1970,-1.0663,13.5954,19.1988,-0.9507,1
0.2747,0.2804,0.6295,1.9187,1.9175,-0.4014,0
0.8643,-0.0404,-0.0931,45.3665,-67.9081,42.2899,6
0.3397,-0.0919,-0.8233,5.0233,-0.4357,-9.3671,1
-0.2855,0.3774,-1.1692,83.4960,77.5639,-51.9118,6
-0.2549,1.1827,0.7471,-0.9976,2.4141,-2.1171,4
-0.1196,0.1795,1.0228,-6.5546,22.6080,-17.8351,0
0.8428,-0.6237,0.1795,0.0113,0.0901,-0.0067,2
-0.0321,-0.2949,-0.7895,1.3828,0.9999,-4.5714,1
-0.0353,0.3643,-1.1539,2.4153,1.7132,-2.0187,1
-0.1324,-0.7361,0.1868,19.4883,-15.2247,-14.9218,5
-0.3313,0.6840,-0.1315,-17.9537,3.1364,-9.9858,4
0.9428,-0.8950,-0.2353,18.9988,17.7311,-10.5978,2
0.0342,0.8859,0.3513,92.1817,-49.9548,71.8866,6
-0.3998,0.2129,1.2003,-75.9921,-149.4750,-89.2073,6
-0.9471,-0.0850,0.9954,-8.0561,1.1599,-4.1277,0
-0.5640,0.6379,1.1526,-16.6202,-2.8639,-7.5922,0
0.7922,0.1711,0.7650,-2.0541,0.8049,3.3283,2
0.0155,0.9472,-0.5320,0.2642,-5.6006,2.8769,4
0.9892,-0.4163,0.0162,-0.1678,-0.2403,-0.2475,2
-0.1343,-0.8799,-0.6450,-1.7672,-17.0114,-18.3736,5
0.8271,0.6843,-0.1675,-4.3793,21.1071,15.7852,2
1.1820,0.0370,-0.8592,-2.8037,-6.4608,-3.9899,2
0.8257,-0.0110,-0.4895,-129.1609,51.0453,-129.1423,6
0.9753,0.2545,1.1057,1.6186,16.3177,18.1911,0
-0.7064,-0.1874,-0.5136,-5.3978,-13.3408,8.9374,3
0.7652,0.1959,0.7050,25.1883,-62.9115,70.4776,6
-0.2304,0.6164,-0.7587,-4.2326,-5.8619,-4.9893,1
-1.1897,0.2825,0.8024,15.6686,2.5582,13.5387,3
0.9677,0.4768,-0.2141,-16.2110,10.7203,15.3308,2
1.1430,-0.0098,-0.1356,2.4840,4.8934,0.9446,2
-0.3983,-0.5298,0.3536,0.1571,1.3131,0.9523,5
0.0827,-0.4565,-0.6337,-2.3383,-21.1481,-0.8150,1
-0.0003,-0.6753,-0.7477,25.6567,-9.4736,-5.7362,1
-0.5436,-0.4483,0.2301,-0.2075,-6.9223,15.5637,3
0.4280,0.6930,0.5772,-6.9999,5.2451,24.6749,4
0.4893,-0.8094,0.1210,-6.7261,-4.2863,-5.8837,5
-0.9771,-0.1023,-0.3745,62.7517,-38.2551,-39.5211,6
-0.1916,-0.3505,1.0222,-11.7827,7.5606,17.3168,0
0.0307,0.4240,0.9066,-4.0991,4.5852,-3.1575,0
-0.2988,-0.3071,1.3184,-6.2753,-3.9266,14.4528,0
-0.3734,-0.6539,0.8360,1.6634,0.0695,5.9052,0
-0.4824,0.0494,0.4088,-127.6510,54.5715,45.5477,6
0.1395,-0.0660,-0.8450,0.1544,-2.6729,1.5930,1
-0.2295,-0.6254,-0.4297,8.9077,15.6472,15.1607,5
-0.3799,-0.0487,-0.1407,68.2502,-119.0470,-181.2319,6
-1.0171,0.0954,0.2455,8.6466,0.0413,16.0951,3
0.6524,-0.5126,0.2297,3.3720,1.6604,-0.9279,2
0.3337,0.6578,-1.0359,69.2417,-14.4558,-119.8701,6
0.4308,-0.7649,-0.0870,-2.1919,1.1530,3.3397,5
0.6127,0.5774,0.6754,0.3692,23.9658,15.0792,0
0.0629,-0.8218,-0.4915,20.2334,-4.4077,-13.4573,5
-0.8662,-0.3013,0.0667,-5.4676,3.1236,-5.8180,3
0.7948,-0.0444,1.1563,12.0608,-3.8355,2.6026,0
-0.3798,0.7808,-0.1548,6.1198,-4.2374,-0.1791,4
-0.0120,0.8487,0.8356,-103.7760,84.5019,-29.5586,6
-0.5254,0.5454,-1.0690,1.5863,4.9752,6.6131,1
0.4983,0.6679,0.6806,-1.3367,-0.2317,-2.8745,4
0.0353,0.6878,1.1862,85.0380,140.5969,-158.7160,6
1.0675,0.7363,0.6419,-18.2800,6.3940,-7.6739,2
0.1504,1.1658,0.2647,-34.1719,98.9823,182.4485,6
0.0504,0.1910,1.1750,-1.5146,-7.7096,-3.2036,0
-1.0708,0.2849,-0.6858,11.0695,16.1919,-4.2525,3
0.8426,0.7373,-0.4215,-9.6559,25.6021,-7.7998,2
0.2681,1.4189,0.3217,10.1618,-4.7551,10.8230,4
-0.5897,0.4254,-0.7062,80.9262,-23.5613,164.7246,6
0.4743,0.4875,0.4600,-147.0074,127.8534,-75.3998,6
0.1581,0.9837,0.8096,0.0831,0.5645,-0.0679,4
0.5551,-0.0871,-0.6864,-9.2241,6.6804,-5.6915,1
-0.0946,0.3622,0.8577,-25.8954,-2.8451,10.4892,0
-0.5261,0.6293,0.4563,-3.9803,0.3171,4.8197,4
-0.2790,1.1686,-0.0363,-16.7044,-83.3782,52.9835,6
-1.0414,-0.6458,0.7776,-102.5389,-31.5165,-48.7799,6
0.2983,-0.5123,-0.2853,0.7644,-2.2153,-3.9252,5
0.4557,0.8487,0.2655,9.5891,3.6386,-7.2442,4
0.0858,-0.8078,0.3416,16.6411,9.7871,-1.8300,5
-0.6650,-0.9122,-0.0048,2.4599,-2.2368,-11.3330,5
-0.5056,-0.6267,-0.0400,7.0925,-2.7463,-7.7798,5
-0.4271,0.8522,0.0761,-17.1115,-8.6414,19.0252,4
-0.5019,1.2207,-0.4812,67.8667,-68.6888,-103.4497,6
-0.3512,-0.5928,-1.2371,7.9624,-80.3440,-46.9872,6
-1.2584,-0.5750,0.1529,-11.1535,-24.0902,12.9499,3
0.2270,-0.0491,0.6569,-24.6503,5.2859,-10.5060,0
-0.0213,0.7140,0.4805,-0.7150,2.9328,10.5954,4
0.6546,0.0469,-0.2774,-9.3621,-9.7071,0.2331,2
0.8387,0.7199,-0.2741,26.8582,10.8440,-0.2583,2
0.1984,-0.2016,-0.8721,1.3484,-2.6240,-5.7014,1
-1.0981,0.2594,-0.5463,0.0775,5.9479,-13.3092,3
-0.1377,0.1758,-1.2546,-18.4787,4.6257,2.5055,1
0.1202,0.6634,-0.3297,32.4172,-80.1705,24.0079,6
0.6976,-0.5493,-1.1742,9.4226,-3.7498,-5.1507,1
-0.4380,-0.5465,-0.0312,0.3390,2.4879,0.7494,5
-0.5451,1.0638,0.3933,-20.5306,3.4808,-6.1258,4
0.7327,-0.1471,-0.4458,7.9980,5.4965,-6.3240,2
0.7818,0.6712,0.2733,10.2563,-8.9147,0.2809,2
0.2254,0.6121,-0.3164,0.1024,0.3864,-0.1496,4
-0.0523,0.3522,0.6787,152.3435,-139.4974,-11.9500,6
0.8590,0.1926,0.0429,15.0037,-16.9164,10.7477,2
0.3132,1.0620,-0.4035,-0.0921,-0.6067,2.9194,4
0.2912,-0.2241,-1.0532,0.3572,18.8675,2.7209,1
0.5523,-0.7932,0.8552,0.5448,4.0012,18.0433,0
-0.3939,0.7635,-0.9593,1.7652,-67.2676,-6.1338,6
0.6383,-0.3739,0.7825,-27.9889,11.7327,-69.2968,6
0.5516,-0.0472,-0.4496,-27.5645,2.6116,10.0912,2
0.1339,-1.3946,0.1225,2.3751,8.6638,-22.5064,5
0.0161,-0.4784,-1.1659,-9.9466,-8.0024,-0.3289,1
-0.5267,-0.0857,-0.9964,0.2701,0.0848,3.2620,1
0.4065,0.1073,1.2478,17.5320,-1.9592,2.7108,0
-0.8975,-0.4305,0.9491,-4.7068,-4.9837,1.5436,0
-0.9661,0.4323,-0.6906,-4.9139,-1.4189,10.0854,3
-0.3841,0.4346,0.7202,-0.3663,-1.1914,1.3085,0
-0.9651,0.5492,-0.0061,-0.0220,17.1067,0.4358,3
0.1438,-0.5969,0.6978,-8.5807,-9.0622,1.4113,0
-0.6667,0.2615,-0.6328,-2.0362,-17.2786,13.3276,1
-1.1136,-0.3228,0.3132,21.6940,-4.8437,-14.1749,3
-0.5728,0.7020,-1.1082,3.8223,7.5343,3.7883,1
-0.7397,0.6733,0.5930,-203.5262,-16.1332,0.4884,6
-0.5740,-1.2898,-0.2218,0.6022,-1.5071,0.7032,5
-0.2493,-1.0740,0.1912,9.7144,26.5255,6.6759,5
0.5730,-0.2897,0.3379,1.0848,1.2469,1.1321,2
-0.4793,-0.2890,-0.7781,-176.9370,-74.6647,48.9923,6
0.5115,0.3838,-0.4218,-16.1351,0.4954,-9.4155,2
0.9695,-0.0689,0.0107,-173.9275,29.2730,-112.3876,6
0.1328,-0.0713,-1.4403,-63.3822,-126.7490,-125.1012,6
-0.7057,0.3081,-1.3463,10.8223,-0.3264,7.2940,1
0.2740,-0.6458,1.0785,-15.8350,7.0478,-19.3598,0
-0.2966,0.1119,0.8752,9.9987,6.3331,-6.6872,0
-0.9666,0.7053,-0.8406,2.0070,-0.3162,-4.0567,3
-0.0506,-0.5875,-0.5191,-21.5299,-8.4968,-5.9966,5
-0.2592,-0.6886,-0.1351,0.8768,-0.5048,1.0590,5
0.0004,0.0801,1.0644,-178.0984,-70.4783,-120.7681,6
-0.0224,1.2892,0.0889,21.4298,-2.2790,6.0497,4
-0.4443,0.3424,-0.7586,-5.4750,-8.3159,5.9734,1
-1.0344,0.1822,0.2773,-18.8423,13.5015,12.3008,3
0.2953,0.6462,-0.2424,13.2019,26.5601,-3.7852,4
0.9985,-0.2771,-0.6721,16.7345,20.7422,-1.1705,2
0.4987,0.1510,0.3989,-66.9294,10.2609,-184.7414,6
0.0680,-1.1870,-0.4367,-2.9997,9.0548,-9.0982,5
0.7174,-0.6336,-0.0054,-140.0998,180.5767,-6.6357,6
0.6137,0.0256,0.9052,6.1371,-1.7894,26.0865,0
-0.1502,-0.7588,0.2180,23.0861,-13.4842,-2.4065,5
-0.5669,0.9540,0.7459,-23.6688,-8.2136,13.0377,4
-0.6618,-0.5230,0.2949,-4.0014,9.2557,-6.2247,3
-0.3304,-0.2676,0.9109,-0.0401,7.2455,22.7543,0
-0.9911,-0.2575,0.2082,-16.3743,1.7499,-20.1897,3
-0.9146,-0.1951,0.4062,-9.3757,-2.4035,-1.2714,3
0.0918,0.7140,0.1625,-1.5845,6.2343,-2.1082,4
-0.0587,-0.8066,0.3243,-0.7040,0.4213,1.5006,5
-0.1789,-0.8172,-0.3917,-6.6295,15.6891,3.9030,5
-0.9882,0.2525,-0.8941,84.9169,-55.4308,35.2398,6
-0.9482,0.0305,1.1774,-18.1962,5.2795,8.7508,0
0.5955,-1.1018,0.8263,0.0392,0.1117,-0.0167,5
-0.8997,-0.4906,0.2864,-83.5758,-6.4617,-2.2244,6
0.2228,-0.6599,1.3081,-237.7590,-18.8999,28.8194,6
-0.3419,-1.2444,-0.6708,21.3702,-11.3864,-15.0819,5
-0.3988,0.5621,0.8429,0.3842,8.9183,7.7403,0
-0.7957,-0.3891,0.1682,8.4134,6.2148,20.5440,3
0.2347,0.4820,0.8965,-69.3575,190.9019,-6.8502,6
0.6283,0.5619,0.4404,-9.1788,-23.9628,-11.0578,2
0.6590,0.1928,0.5691,-0.5183,-9.6755,-5.4473,2
0.1842,1.2628,-0.6707,-1.3998,-3.5349,10.2337,4
0.3436,0.6646,-0.5881,-14.1211,-10.8662,-6.3694,4
-0.7612,0.7685,0.6342,0.2095,0.8622,0.0386,4
-0.1635,1.0920,-0.7273,0.0519,2.5363,2.1407,4
0.8057,0.3025,0.0773,-6.4960,7.0862,-4.2002,2
0.1557,1.1519,0.0557,0.4528,3.4947,-2.1154,4
0.2745,0.5289,-0.5372,9.6757,-7.2255,3.6928,1
-1.0552,-0.2593,0.1686,-11.2931,-10.1556,0.0684,3
-0.4138,0.5384,0.1476,-0.3918,-0.9825,-0.7022,4
-0.3592,0.0590,1.4960,2.2861,2.8234,-11.6356,0
0.5570,-0.5312,0.6728,0.0307,-0.3326,0.6131,0
-0.2336,-1.2256,-0.3469,8.5397,2.7379,7.2608,5
0.5766,-0.5125,0.1710,-9.3738,-5.1284,13.2261,2
-0.7276,-0.6110,-0.3193,-5.5645,8.3357,-9.7453,3
-0.2083,0.0527,-0.9540,-13.3713,5.5409,17.3166,1
-0.2368,-0.8679,0.2358,-6.1719,-0.2480,4.3432,5
-0.6390,0.3456,0.5244,4.7494,3.6173,-4.3879,3
-0.1107,0.0332,0.6820,10.7703,-5.7623,-6.0256,0
0.1000,-0.0774,-0.6881,16.1588,-4.1388,9.3467,1
-0.9193,0.0465,-0.1144,2.7403,-9.3250,4.4586,3
0.3195,-0.2312,1.1273,26.7913,130.4782,207.1081,6
-0.8932,0.0860,0.8115,-2.2592,1.1173,-2.0313,0
-1.0376,-0.5708,0.6876,11.8934,-5.2568,-18.4534,3
0.5076,0.6425,0.3005,-21.0543,-240.1975,6.5599,6
-0.3868,-0.6431,0.3508,0.9763,1.6444,1.8753,5
-0.2398,-0.7520,-1.1147,-4.0574,-9.0986,-6.9024,1
1.4416,-0.1697,0.0831,22.3644,-13.7251,10.6343,2
-0.7066,0.0516,0.8597,66.1255,-108.1382,-28.3074,6
0.4325,-0.5077,-0.2409,-23.4283,-35.9267,-173.3151,6
0.1535,1.0613,-0.5067,85.3005,-51.3836,-76.1090,6
0.2263,-0.6955,-0.8477,100.4466,187.2966,87.8826,6
0.8891,0.0924,-0.2267,1.9452,-103.5912,88.6894,6
0.3990,0.2192,-1.1043,-1.1649,5.7249,-4.3956,1
0.8241,0.5071,0.9765,36.2154,-81.0464,-142.7086,6
0.5024,-0.4072,0.4333,133.4747,-5.5856,-111.5275,6
-0.5377,-0.2814,1.0294,-2.5162,7.3673,10.6727,0
0.8860,0.0495,0.0164,6.8728,1.9926,0.8960,2
0.6454,-0.1671,0.0746,-103.5055,-71.6867,-16.7557,6
-0.8831,0.2561,-0.7930,-1.7453,-1.1533,2.0703,3
0.2523,-0.4239,0.5677,1.3306,1.0446,6.2071,0
-0.3504,0.3073,0.5849,2.1061,0.3385,-0.2347,0
-0.2653,0.7064,-0.0875,2.1417,-0.5067,-5.7543,4
-0.9523,0.0657,0.4658,10.3175,12.0655,-12.3757,3
-0.8380,-0.2225,1.1257,22.3782,-17.7168,-2.8558,0
0.9149,0.2328,1.2322,64.3995,72.8002,-59.5562,6
0.0449,0.5375,-1.1623,-11.9911,-3.8502,-25.0846,1
-0.5057,0.7361,-0.7438,14.7751,-11.7534,-7.9916,1
-0.8169,-0.0668,-0.5198,-8.1121,-0.6187,-4.9548,3
-0.1961,-0.7479,0.4591,-7.2647,-2.6334,1.7046,5
-0.8697,-0.0907,-0.6485,9.5452,-16.9018,4.5575,3
1.2826,0.3874,-0.6062,17.9990,19.0517,-2.1470,2
-0.3222,-1.2719,-0.4222,37.1802,98.5824,3.0760,6
0.5481,1.1133,-0.2144,-5.9839,5.3537,-9.8848,4
0.2947,0.1185,-0.6964,-36.8635,59.0362,49.9494,6
1.0482,0.3269,0.8928,-2.1163,7.8239,0.9242,2
-0.3581,-0.1172,1.0409,-188.6121,-35.4666,-17.8581,6
0.3418,0.2566,-0.6778,1.1958,3.0348,-2.8978,1
-0.1925,0.6820,-0.7278,1.2882,15.9695,2.3518,1
-0.8484,0.0387,-1.1916,139.6499,110.1677,-114.3039,6
-0.5305,1.1744,-0.6713,-6.2193,3.8841,-2.3823,4
-0.6621,-0.6737,-0.1683,-6.2609,-0.4198,13.3631,5
0.1357,-0.4441,1.2030,-6.6411,2.1771,-16.7635,0
-0.8760,-0.4661,0.1553,2.3139,0.2989,0.2137,3
0.1248,-0.6629,0.3375,5.0344,-4.6501,-6.1830,5
0.1293,0.5246,-1.3191,10.5759,14.7341,-11.4791,1
0.2995,1.3607,0.3692,-11.1624,-3.6511,-5.8598,4
0.0621,0.2444,-1.4954,-37.1973,88.7789,-106.6282,6
-1.0208,0.6161,-0.4539,215.2564,57.8166,91.4729,6
-0.9649,0.7877,0.0587,122.3856,-75.0425,-31.3190,6
0.3567,0.3967,0.2247,-112.6175,-163.0770,-32.5082,6
0.8871,-0.6919,-0.2264,0.6725,-3.2539,-16.1900,2
-0.7676,-0.5129,0.4964,-80.1516,-149.0656,109.5009,6
0.7687,-0.4778,0.0072,3.6469,-1.5126,-16.1091,2
0.1747,0.1936,-1.0087,1.6603,0.1286,-0.6545,1
0.6264,-1.3333,0.2203,11.4209,-0.1847,-0.6856,5
0.1325,-1.1335,0.0818,-4.5545,2.9361,0.9467,5
0.3558,-0.5743,1.3405,-17.9294,14.7095,-3.7381,0
-0.1462,-0.4869,0.6535,-5.1996,10.7683,5.0929,0
-0.1718,-0.4056,0.9935,1.9739,-5.1693,4.1085,0
0.1225,0.8765,0.9883,22.1812,-6.6548,14.7811,0
-0.6399,1.0109,0.3726,54.4504,-50.2050,210.9633,6
-0.7684,0.0915,-1.2084,-24.1527,-12.6040,8.1269,1
-0.8800,-0.9404,0.3727,-1.7727,9.7920,-3.1672,5
0.6168,0.3693,0.7591,-7.4664,4.8554,-3.8840,0
-0.0623,0.8659,-0.5239,-7.4890,-2.3151,4.1187,4
-0.8834,-0.2415,-0.7599,67.8610,-56.4877,23.8042,6
0.2451,-1.1560,-0.5248,-12.3454,12.7083,-2.6161,5
-0.5496,-0.3470,-1.1032,-0.9484,0.8018,-0.6423,1
0.3043,-0.4928,0.4347,5.3041,-1.7896,-4.2560,5
0.7069,-0.1472,-0.4633,-115.4690,-21.7079,32.3434,6
0.6206,-0.9399,-0.9535,-68.8081,67.9735,3.9808,6
0.2667,-0.6985,-0.1845,-5.9204,-1.0622,-14.0212,5
-0.1860,-1.1401,-0.8168,4.5612,14.6565,1.6757,5
0.2669,0.4052,-0.6159,3.6789,-1.8472,2.4989,1
1.0117,-1.0362,-0.0461,0.6440,2.7248,1.6255,2
-0.2227,-0.6108,-0.4218,-1.1394,-3.5588,0.6463,5
-0.8917,0.3429,0.3017,-4.5143,19.7607,6.1807,3
-0.2234,-0.8466,-0.6235,-13.5944,14.2135,8.0547,5
-0.0241,0.2764,-1.0116,-1.3562,1.3591,18.4750,1
0.2474,0.3941,1.1830,86.9199,56.5705,104.8072,6
-0.0542,-0.2603,-1.0877,0.7324,-14.3330,19.3157,1
0.6280,-0.6816,0.2750,-3.4703,-6.0404,-1.3433,2
-0.6836,0.7127,-0.1615,-2.5099,19.5941,22.4950,3
0.4137,0.6379,-0.2996,22.1475,-16.5958,-4.3125,4
-0.3199,-0.1642,0.6478,3.3951,-4.7014,-0.2568,0
-0.8279,-0.5497,-0.5557,1.6787,10.1513,-11.7800,3
-0.1696,-0.0123,1.0691,22.4231,-3.0712,17.9324,0
0.1226,1.2745,0.3980,3.5513,1.6868,2.0990,4
-0.8122,0.2775,-0.2580,-13.3490,12.7173,-19.6743,3
-0.1003,-0.6796,-0.4475,-44.4073,176.3762,-34.4400,6
-0.7204,-0.8710,0.1050,-5.3136,9.8493,-0.4100,5
-1.2451,0.0298,0.2993,12.8238,-16.1791,-15.3187,3
0.3940,-1.1091,-0.2559,-2.2428,0.1373,-0.7024,5
-1.0456,-0.2749,-0.9036,-0.2438,-0.4564,0.3642,3
0.3698,-0.9237,0.7872,-36.7420,111.8626,144.1393,6
-0.8737,0.3926,-0.1208,6.1289,8.7567,-21.6084,3
-0.4486,-0.6028,-0.9473,-3.6002,0.5096,0.5961,1
0.2616,-0.4415,1.0428,-16.9958,-5.6130,-2.7973,0
0.6958,0.8719,0.7405,15.2465,-5.7169,7.7044,4
0.1977,-0.1242,-0.6826,15.1310,-6.5457,4.2208,1
1.0977,-0.4082,0.0172,4.3628,1.5310,-9.8676,2
0.6925,0.3619,0.3228,-49.2667,1.6620,70.6549,6
0.1922,-0.5826,0.7691,-10.5029,-14.2285,15.2277,0
0.8091,-0.7983,0.2701,4.1936,-236.3828,61.6101,6
0.5978,-0.4676,-0.5327,3.1685,14.1274,-11.1584,2
-0.9965,0.5906,0.1802,-2.7295,7.5734,0.1958,3
-0.3122,0.8090,-0.7703,-2.4694,-16.2709,9.2418,4
-0.4497,0.6787,0.7323,1.3120,-7.2219,-4.4618,0
-0.8615,-0.0746,-0.6594,-0.4831,-23.0566,-18.3765,3
0.1252,0.1325,1.0567,-55.4318,-51.5340,4.7446,6
-0.0318,-0.6191,0.3544,-0.9629,-1.8683,-5.9098,5
0.5355,-0.7900,0.8888,-23.5653,-4.9047,-8.3615,0
-0.7173,-0.3295,-0.4271,206.8650,36.1728,-57.4491,6
-0.4136,0.1320,-0.7049,-10.2886,1.5699,0.0233,1
-0.6865,-0.1125,0.8013,-14.3068,-2.7078,-2.5116,0
-0.6761,0.7570,0.2109,-4.9581,2.7411,-0.3240,4
0.9167,0.2993,-0.4469,4.9299,-2.8515,-0.8712,2
-0.2401,1.1661,-0.5708,1.2804,-4.4110,-13.1814,4
-0.0396,0.8592,0.5642,17.0482,10.9768,2.4349,4
-0.0369,0.5865,0.5750,-218.7339,-27.8641,-27.2378,6
0.6492,0.3381,-0.1212,-10.1056,-3.6768,6.3189,2
-0.6947,0.1244,-0.7336,-14.6520,-1.0358,9.8072,1
-0.1871,0.6555,-0.7821,-4.2920,-0.7238,7.3866,1
0.1327,0.1902,-1.2000,18.6374,-6.7632,-12.2420,1
-0.7127,-0.4754,1.2848,66.3660,-71.1439,-48.9828,6
0.6431,0.5438,0.6846,7.2686,6.7706,7.4817,0
0.7881,0.3317,0.1465,-9.1669,-6.8763,-9.7288,2
0.9751,1.0309,0.2430,12.8357,24.5916,5.8153,4
0.5508,0.7906,0.2755,6.2485,-4.7045,-1.4164,4
0.1451,0.1836,-0.7094,-5.2566,-1.2154,-17.1692,1
-0.1029,-1.1832,0.1323,-1.8750,3.0222,-15.1503,5
0.8639,0.5204,-0.3073,-86.7190,26.6947,-71.9961,6
1.0578,0.3434,0.6634,-3.2480,-14.5141,6.4361,2
0.2004,-1.1744,0.2132,-6.0192,-18.9807,-2.6746,5
-0.4887,-0.4122,-0.5051,-15.8799,52.4982,142.8186,6
0.0894,-1.3059,0.7367,6.7164,-1.1705,-2.5435,5
-0.1411,1.6129,0.5663,109.0174,70.1826,88.9513,6
0.5867,-1.3342,0.2121,0.7696,-14.8618,25.7055,5
-0.6482,0.3126,0.2426,-6.6778,-2.6123,-17.1361,3
0.8545,-0.4419,0.6840,5.8703,-1.1667,-20.4066,2
-0.2054,0.6545,-0.5908,-1.2124,1.6541,0.8745,4
0.3914,-0.9298,0.0239,4.2981,-2.4998,5.8430,5
-0.4504,-0.2105,0.5289,-0.6032,-0.5821,0.9503,0
0.4074,0.4017,0.4136,3.6598,-0.0775,0.2878,0
0.4583,-0.5117,-0.2039,2.0859,-10.5358,13.7849,5
0.0432,0.8343,-1.1570,-55.7229,-165.1237,-40.8295,6
0.9423,0.7356,-0.1482,4.5632,-7.0767,-0.4149,2
-0.2271,-0.1305,1.3800,22.0733,-0.4967,11.6575,0
0.8720,-0.5517,0.6147,-3.2877,14.8363,-24.2124,2
0.7919,0.4084,-0.3785,95.9299,209.6840,32.5800,6
0.3494,1.0412,-0.3117,-4.7263,-11.8667,0.8144,4
0.3856,-0.1191,0.6735,4.8450,14.9263,-10.9452,0
-0.0626,-0.8226,0.2092,0.4858,3.5658,8.6360,5
-1.2011,0.4792,0.5345,-6.2683,1.5713,-10.5175,3
-0.6980,-0.6298,0.0424,9.8830,-12.3778,-7.5400,3
0.2553,-0.2443,-1.3970,-16.2611,-13.2965,11.3616,1
0.4667,0.7640,0.9230,-11.2386,-5.9719,11.9088,0
-0.4812,-0.0606,-0.5781,-1.8382,-7.5584,16.7069,1
1.0020,0.8559,0.2015,10.6580,-7.5476,21.4401,2
0.0964,-0.3226,1.3764,8.7877,0.7468,11.2350,0
-1.0286,-1.0352,-0.0714,4.2740,0.9037,-2.4439,3
0.8162,-0.4087,0.8086,-8.2432,4.1696,-9.7742,0
-0.1439,-0.2532,-1.3098,5.4774,9.1276,-13.2528,1
-1.2907,-0.6501,0.1506,-5.3060,-4.7053,5.1063,3
-0.6378,-0.6704,-0.2153,-127.5067,-71.0573,-43.4175,6
1.3996,-0.1598,0.3254,19.6223,51.6292,-115.2899,6
-0.3626,-0.5054,-0.7502,-6.3452,-7.4095,24.6922,1
0.9489,0.0212,-0.9972,-0.0995,-16.4887,-14.1428,1
0.1912,0.9668,0.2108,-47.6899,-58.2584,-195.6382,6
-0.6700,-0.9642,-0.6368,-2.5905,22.6142,-15.0515,5
-0.5149,0.4373,-0.3444,-11.9233,-8.1889,-3.1750,3
-0.7258,0.4971,-0.7981,6.4250,-17.4111,7.8938,1
-1.2074,0.9094,0.5534,-45.6900,-83.1061,226.9871,6
-0.1862,-0.7749,-0.0880,-114.6433,146.6020,-97.3393,6
-0.3494,0.6415,1.1344,-4.7735,-16.7578,3.8863,0
-0.9947,-0.6228,-0.1578,-25.8678,-5.3652,2.2795,3
-0.9499,-0.6693,-0.7065,6.4744,5.0528,-4.2244,3
-0.1288,-0.5081,-0.2313,208.7879,-108.9684,69.4894,6
-0.7013,-0.7324,0.4692,-4.9499,-1.4594,-3.1956,5
0.0902,0.3451,1.3415,-5.7373,-1.6177,-6.0522,0
0.6270,0.0010,-0.6519,16.6849,12.2894,-14.5300,1
-0.6037,0.4020,-0.7271,1.5005,-4.5478,-2.4146,1
0.5024,0.2335,-0.7227,-8.0023,-22.3173,-3.8418,1
-0.3422,1.1005,-0.2286,14.4221,3.8283,-4.6007,4
-0.1677,0.8357,-0.2202,-0.7810,-10.1578,0.3562,4
0.3779,0.6754,0.4022,2.5272,-5.1457,1.2537,4
-0.2190,0.3143,0.9384,-0.7013,-1.1392,-0.6734,0
0.9529,-0.2287,0.0861,83.9645,-45.0676,129.1866,6
0.5946,-1.1783,-0.2986,-17.1942,6.1753,-7.8648,5
-1.1354,-0.0437,0.2226,8.2641,11.7177,9.9984,3
0.7454,0.3611,1.1106,-8.7731,19.1959,-7.1633,0
-1.0314,-0.0347,0.2608,-18.9438,-9.3696,-7.0079,3
-0.8230,0.7035,0.2700,-5.3109,5.6159,-9.2802,3
0.7129,-0.0625,0.2808,-17.5199,-7.9054,13.3194,2
0.7321,-0.6297,0.0616,-14.9257,-6.4649,0.2943,2
-0.3464,-0.1308,-0.8244,4.2864,-10.6469,-3.3399,1
0.0270,0.1150,1.3299,5.8898,-6.2356,0.4586,0
0.1043,0.7146,1.0036,-161.8062,100.3594,-35.3238,6
-0.2763,-0.6837,1.2535,3.3318,0.7775,-4.5016,0
-0.8388,0.1726,1.2204,-22.0670,3.3169,2.3106,0
-0.2325,-1.4039,0.0840,18.8002,-3.3503,-9.1160,5
0.2798,-0.3090,0.8590,26.5801,4.9891,8.2097,0
-0.0935,1.0197,-0.2359,-7.6976,-2.4183,-19.6587,4
-0.3822,-0.0408,-1.4313,-129.0704,-49.4157,65.2787,6
0.6745,-0.8055,-0.6032,-3.1472,5.8878,-8.6886,5
-1.1012,0.9118,-0.4195,-16.2626,-4.3535,8.7268,3
1.2350,0.5053,-0.5644,-13.8441,18.6526,-7.5958,2
-0.5613,-0.7884,0.2051,-3.4138,56.8822,29.1910,6
-0.5460,-0.7895,-0.4204,18.3486,9.4857,13.9736,5
0.4677,-0.6225,0.8427,90.5786,96.2247,-86.8785,6
0.2056,0.0481,0.7233,6.3720,6.9181,-15.0936,0
-0.1290,-1.0635,0.9981,-23.1641,-22.3183,-89.9628,6
0.4481,0.2673,-0.5428,-8.6529,-0.8347,2.3436,1
-0.3488,0.8646,-1.1539,-1.0803,24.0177,16.7737,1
-0.6096,-0.3929,1.2698,-16.1719,10.5431,-3.9334,0
0.4150,0.6238,0.2070,-114.1756,125.8791,96.3293,6
-0.5385,-0.7909,-0.2938,0.6451,-6.2169,-2.2043,5
0.0360,1.0221,-1.1735,13.4046,21.8935,-8.8315,1
-0.2548,-0.8630,-1.2627,3.5533,-10.1149,-204.5989,6
-0.4865,-0.3377,0.0846,-61.8031,-5.5893,13.3286,6
-0.3991,1.0790,0.7600,-0.0147,-2.1643,8.1491,4
0.5866,-0.0578,-0.3458,-22.0568,-8.9330,-4.6723,2
-0.4031,-0.3483,0.6230,23.8391,0.0461,-7.8963,0
-1.1329,-0.5832,0.0289,54.4529,112.3517,-55.3359,6
0.4723,0.4548,0.6276,-31.8150,43.4077,-137.6454,6
-0.2453,-1.0675,0.5294,-193.7248,50.5860,-75.3510,6
0.1483,-0.4073,1.2929,5.5385,16.7904,9.0636,0
-1.1085,-0.4500,0.1609,8.6026,-11.4001,-6.9984,3
-0.3540,-0.6432,1.1638,21.8266,18.5829,-6.6656,0
-0.4364,0.2165,-1.1716,-17.2540,5.4678,-17.6911,1
-0.5282,-0.7151,0.3881,-6.0784,-5.8353,5.8299,5
0.2727,-0.4426,-1.1397,-76.6590,-51.2412,-196.8091,6
0.2018,0.8099,1.0267,-41.6080,-82.6395,-58.3615,6
0.7810,0.8250,0.9650,13.4323,-3.7512,15.1918,0
-0.9859,0.3808,-0.3678,-9.4754,-8.3422,-1.7608,3
-0.6273,-0.7853,-0.9412,0.5255,0.0839,0.1972,1
0.3691,-0.6190,1.1049,0.6347,0.7556,-0.0843,0
0.0060,1.2867,-0.3985,-15.3405,3.4950,0.1852,4
0.4959,0.7220,0.6564,17.3966,-16.8511,-5.7205,4
-0.8079,-0.3873,0.5887,187.1326,-3.9356,34.9784,6
0.7857,-0.1527,-0.5197,-128.8856,0.2534,-81.8777,6
-1.4184,0.2616,0.2765,8.2732,-15.5293,11.5413,3
0.0495,-0.5848,-1.2538,10.7572,-120.3826,-95.6846,6
-0.1358,0.9539,0.0060,21.3366,-11.0142,1.6023,4
0.8258,0.0530,-0.9509,69.6313,39.6538,0.1239,6
0.0859,0.6627,0.3553,4.9833,-5.2907,6.9643,4
-0.0170,1.1038,0.3510,-30.0824,91.2218,-71.8623,6
0.6714,0.3276,0.4661,-16.7629,-21.6755,-7.0409,2
-0.3797,0.6310,0.9370,0.0676,5.7853,15.4370,0
1.3073,-0.0968,-0.2813,6.6917,24.6091,13.4456,2
0.6205,0.3728,0.0988,10.6806,8.9895,-5.4472,2
-0.4874,0.5515,-0.2924,-0.6784,-1.1494,-0.7607,4
0.6135,0.0204,0.8324,0.7691,2.2796,8.6012,0
0.1628,-0.3968,-1.4079,-1.9452,-0.1163,-1.0967,1
0.8071,0.2536,-0.9346,1.0146,9.0068,28.0914,1
0.5193,0.7237,0.1060,17.3550,-10.0878,-11.2287,4
-0.1827,0.6043,0.4802,0.1623,-0.3767,2.5960,4
-1.0974,0.1548,0.9452,0.8306,0.1886,-1.7727,3
0.8776,0.3311,0.1773,5.2836,24.9500,9.5780,2
-0.6307,-0.0033,-0.2151,-10.8387,30.4389,144.6767,6
-1.2741,0.2356,-0.1443,2.8655,-9.7152,1.5121,3
0.2280,-1.0122,0.3073,-1.1349,-2.1989,4.1371,5
0.1565,-0.9215,0.1317,-0.5492,-4.2157,2.1886,5
0.4055,0.6396,0.0484,17.7302,9.6223,-3.5299,4
-0.5811,-0.0581,0.6216,0.5732,6.9976,-24.8681,0
0.0075,0.5429,-0.5038,-5.2912,3.3669,5.5377,4
-0.6642,0.7069,0.0622,-15.7401,-15.7516,-1.2445,4
-0.0294,-0.4875,0.1196,16.6236,69.6313,-36.3145,6
1.0718,0.0263,-0.9261,-4.2914,-4.6241,-7.6771,2
-0.7154,-0.1528,-0.9288,-4.1490,5.8254,8.7762,1
0.4199,-0.9594,0.9635,-11.8813,-4.2002,-6.6748,0
0.8696,0.8926,-0.0195,26.2826,-58.2561,-13.3188,6
0.7552,0.6880,0.8423,3.1828,-0.7719,-17.4235,0
0.0967,-0.1354,1.1191,0.1389,0.0965,0.1224,0
0.6186,-0.5370,-0.4762,-19.9414,-18.0355,-0.2328,2
-0.4641,-0.6828,0.1358,164.8821,-124.7152,77.6742,6
0.2597,-0.5840,0.8354,9.8088,2.6449,-18.1728,0
0.2426,-0.3522,0.8830,7.1982,-13.4342,11.6827,0
-0.1047,0.2727,-0.6285,-7.1606,20.0990,9.2970,1
-0.4504,-0.0824,0.5107,1.1037,-3.3130,-3.5580,0
1.0842,0.5698,-0.3655,-11.5798,23.7373,2.2774,2
-0.2040,0.4242,-0.5911,-0.1050,0.1982,-9.4879,1
-0.4452,0.6780,-1.0628,-7.8358,5.0087,6.7032,1
-0.6494,0.3913,0.2226,2.9125,0.4040,1.8721,3
-0.1030,0.0240,0.7726,-13.6331,-6.3313,21.7370,0
0.9841,0.9927,0.1104,-1.0674,-8.7376,-3.6257,4
-0.1996,0.7180,-1.1512,-1.4553,0.3955,10.4312,1
-0.1109,0.4581,-0.9464,1.6633,9.1681,27.1131,1
0.6491,0.8648,-0.0328,1.7626,6.1818,2.2220,4
0.2986,0.4648,0.6900,10.4880,-0.7551,16.1767,0
-0.6321,0.4367,-0.7147,7.2105,-15.1136,19.3452,1
-0.2769,-0.8609,-0.3428,-13.0886,9.8509,-0.9383,5
-1.1162,-0.0376,-0.1078,-43.5185,46.4426,-52.7619,6
0.9492,-0.1911,-0.3607,81.8148,22.9284,51.8085,6
0.0397,0.6714,-0.7910,1.6671,-5.7330,3.6361,1
-0.0727,-0.1710,1.2224,-1.0787,-12.7443,-5.1254,0
-0.1041,-0.3827,-1.1826,5.9803,6.6717,-1.8697,1
0.4380,-0.8207,0.2167,-0.1281,2.0200,1.8877,5
0.9901,-0.0745,-0.6464,-0.0931,-2.4040,-0.7075,2
-0.2602,-0.0358,1.0954,-1.9518,-14.3776,16.8728,0
0.8781,-1.2116,-0.0623,6.6879,3.3551,19.9632,5
-0.7401,0.5056,1.0065,-0.8167,-1.5660,-12.1909,0
0.4164,0.7430,-0.7829,-23.5132,-1.2517,-7.0294,4
0.2279,0.3087,-0.7581,-184.0993,70.7898,-9.0527,6
0.6641,-0.7246,0.0639,40.6569,152.3358,-122.3561,6
-0.6216,-0.6532,-0.5779,-11.3209,9.1279,-15.1132,5
-0.0911,-0.2412,0.8427,-77.1568,63.0922,131.0488,6
1.0403,0.8309,-0.0227,11.5158,-0.9527,4.4934,2
0.6863,0.6041,-0.0663,-14.0194,4.9039,-0.5393,2
0.2332,0.7668,-1.1080,5.2389,-8.8239,0.4620,1
-0.1540,0.9238,0.1186,-0.0533,2.4777,-2.2379,4
-0.0569,1.0994,-0.1243,-14.9575,-8.2291,22.3443,4
-0.2537,0.2304,0.6570,-23.0091,-4.1597,6.0032,0
-1.1615,-0.0578,0.5401,-21.8699,-14.0819,13.3270,3
0.7165,0.1542,-0.3255,-7.1320,-6.6824,-2.4240,2
0.0976,-0.7889,-0.2135,-12.1559,-12.1338,3.2826,5
0.5847,0.3153,-0.3865,23.7124,2.6898,-0.0952,2
-0.3340,1.0877,0.1988,0.1752,8.6915,-7.5608,4
-0.0314,0.9438,0.3641,1.6859,4.1457,0.8143,4
1.0119,-0.4650,1.0836,8.1867,5.1225,10.9292,0
-0.1143,-0.4074,-0.9199,99.4610,31.5951,4.4532,6
-0.7426,0.0913,-0.1468,-8.1687,9.9425,-0.8109,3
-0.0581,-0.6523,-0.2742,1.1713,0.7978,-0.8176,5
-0.7195,-0.6360,1.1095,-5.8193,-10.2555,-1.3978,0
-0.8880,-0.1591,-0.7362,-2.3142,1.1849,3.0623,3
-0.8992,0.9608,0.1314,9.2351,1.0349,17.5198,4
1.0161,-0.0231,-0.2397,-97.3121,-28.3350,-18.7599,6
-0.2189,-0.5917,-0.9082,15.2912,15.7764,-4.1344,1
0.3158,1.0564,-0.8624,3.9549,2.1798,7.4292,4
0.6491,1.2164,-0.0174,-8.4838,-20.7922,-6.9607,4
0.3555,-0.3982,-0.4534,-11.0620,-9.1267,23.1718,1
-0.0761,-1.4355,-0.1301,-5.2080,1.4230,3.0979,5
-0.1616,0.5804,-1.0406,110.9980,39.3212,8.8056,6
-0.6814,0.9203,-0.5455,-7.1006,11.0472,10.7549,4
0.0812,1.2293,-0.5828,3.9616,1.8675,-5.0704,4
0.4312,-0.2851,1.3334,-0.3188,-1.1655,0.7682,0
-0.3479,-0.5570,-0.7715,-4.6146,-11.0124,19.1024,1
-0.4753,0.6524,0.7511,20.6530,15.3949,0.4474,4
0.7202,-0.1553,0.6217,17.9606,19.7666,-11.1979,2
0.2130,1.1027,0.2370,2.1645,-1.9663,3.6394,4
0.9413,0.7802,0.5294,-0.6248,-5.2598,6.7843,2
-0.6259,-0.8937,-0.8693,-14.3600,12.7444,-3.0554,5
-1.0094,0.0973,-0.6598,10.3541,2.6999,7.1989,3
-0.9343,-0.8000,0.4684,200.5379,-94.9925,-75.1506,6
0.3693,0.3051,-0.7130,-79.3665,42.1790,30.3256,6
-0.1088,-1.2676,0.5621,-3.3142,-11.4331,22.6250,5
0.0163,0.3879,0.8605,-4.7990,22.4281,15.3751,0
-0.5496,-0.5611,0.0903,-0.9573,-0.0542,-0.0914,5
0.2153,0.3865,0.7449,-10.7627,-3.0544,9.0491,0
-1.1357,-0.5325,0.8330,13.8630,-3.9396,4.4921,3
-0.3133,-0.1394,0.8229,2.8217,-9.3087,-12.4208,0
-0.1518,0.1143,1.1542,4.6947,184.0724,-35.4362,6
-1.1392,-0.5951,-0.5198,3.2332,1.7727,-0.5758,3
-0.0470,-0.8496,0.7872,41.1595,-89.8888,-39.7484,6
0.8608,-0.6787,-0.3964,-10.2519,-15.4987,22.7904,2
0.9853,-0.2179,1.2214,-128.1544,170.9910,-60.2454,6
-0.9117,-0.3792,0.0444,0.1149,0.0796,-0.8190,3
-0.6760,-0.5029,0.3435,13.3914,-19.8081,-12.9602,3
-0.2839,0.6012,1.1586,118.9623,-79.0411,-29.8661,6
0.3518,0.8773,-0.3675,-1.8200,2.4248,-2.0183,4
0.0602,0.8145,0.5623,8.9296,-5.8234,-1.7664,4
0.4773,0.7190,0.6104,14.7834,-19.1295,-9.9297,4
-0.6257,-0.1037,0.4215,18.1764,-7.2415,-3.4545,3
0.7960,0.2928,0.5878,14.1750,6.8211,-24.6826,2
-0.3944,-1.1089,0.7532,1.7866,5.7822,-5.5580,5
0.1483,-1.1891,0.2517,-222.6807,100.2347,14.4213,6
-0.4821,-0.1657,-0.4795,-19.7048,-3.1228,17.6043,1
-0.2032,0.3478,-0.7749,-26.4940,62.4684,37.1304,6
0.2047,-0.7854,-0.5865,0.1412,8.1533,-0.5476,5
0.0040,-0.0700,0.8840,-4.1240,-4.0320,-2.9303,0
0.2697,-0.5468,0.8301,5.3644,2.0834,5.2574,0
-1.2678,0.2615,-0.2226,-6.4562,-21.3204,18.4765,3
-0.8378,-0.5428,-0.9125,-1.7972,-7.4553,26.5446,1
-0.2783,-0.4324,-0.5079,0.8153,2.7371,-1.3042,1
-0.9475,0.4978,0.1327,118.7185,-6.4115,27.7050,6
-0.8004,-0.0723,0.8544,-11.8279,11.0989,-8.6535,0
-0.7013,-0.5780,0.6355,-9.5059,12.1600,2.2800,0
-0.0621,0.1411,0.7001,7.3484,-12.6365,15.5084,0
-0.2821,-0.9296,-0.4288,214.8372,87.1572,-14.3578,6
-0.0899,-0.1403,0.7998,-22.3671,7.7745,-10.1820,0
-1.3501,-0.1123,0.1525,-28.4004,1.8839,9.3440,3
0.0125,0.9961,0.3514,21.6826,56.2655,95.3146,6
-0.1263,0.3703,1.3554,-1.8919,0.7022,1.2004,0
-0.4291,-0.3782,0.7560,-0.0394,0.9211,0.9851,0
-0.0645,1.0363,0.2373,32.4947,58.9234,-59.8641,6
0.0604,-0.3201,-0.7385,-8.0644,2.0040,-1.9700,1
-0.2941,1.2931,0.0215,-4.5619,7.1920,-0.4626,4
-0.4809,0.6293,-0.9354,-5.1630,-2.3069,-3.9991,1
-0.6339,-0.2832,0.1087,-6.7965,-9.4463,6.2954,3
0.5887,0.0707,0.6937,3.7991,-1.2894,-2.8249,0
-1.1678,-0.4764,-0.7521,-4.3137,-14.6774,-19.2115,3
1.0405,-0.3338,-0.8652,-59.5036,167.2676,107.2127,6
0.8268,-0.6627,-0.1847,-21.4716,7.4261,2.8279,2
0.4527,-0.3846,-0.3815,25.3138,-2.7653,-8.3715,2
0.2707,-0.7888,-0.7095,-7.4783,0.6256,-11.1935,5
-0.2882,-1.4525,-0.0467,76.5362,-137.4586,-112.8673,6
-0.6202,0.3906,0.6591,1.5725,-1.3288,5.3015,0
1.1757,-0.9518,0.0852,1.8518,-0.5843,2.3376,2
-0.1730,-0.8035,0.7025,3.3367,2.4086,6.4674,5
0.1734,-0.7858,0.0881,-8.2571,-2.7322,-8.7422,5
-0.8207,-0.2808,0.9334,2.7386,22.9953,-13.8524,0
0.8986,0.1169,-0.3575,-6.6763,-19.2008,18.4653,2
-0.4763,-0.5836,0.9916,-22.3994,-10.8063,-13.0430,0
-0.1766,-0.5156,-0.3820,-0.6956,7.9397,-2.0638,5
0.0304,1.0810,0.8215,9.2774,14.1765,11.0774,4
1.3068,0.5841,0.3298,0.4505,0.3096,0.2744,2
0.0097,1.1230,0.5507,-2.8893,-0.6800,-3.0135,4
-0.4104,1.1053,0.0253,4.0350,5.3286,-1.4546,4
-0.1123,-1.0208,0.6984,-8.4626,13.1291,-3.2992,5
0.9535,0.7567,-0.0993,-0.6947,-15.2506,-6.0259,2
-0.1417,0.1109,-0.7180,-111.7283,-84.2029,6.8301,6
-0.3893,-0.4945,-0.3589,39.4485,-105.6169,-140.2295,6
-0.9373,0.8463,-0.8300,11.1445,-7.8368,-2.7313,3
-0.6642,0.3233,-0.3173,8.0332,1.7112,9.6361,3
-0.2110,0.8545,0.4140,1.3131,3.5283,-6.0908,4
0.1532,0.5084,-1.2362,9.8180,-6.8797,-26.2175,1
-0.7735,-0.8844,-0.3186,-0.0809,-0.0475,-0.0852,5
-0.5229,0.2321,0.8048,-18.9085,2.3762,-10.4365,0
0.5115,0.1001,-0.5270,-71.1751,-6.5610,-22.6179,6
0.5154,0.6420,0.2458,25.4587,2.1460,10.6676,4
-0.3089,-0.7324,-0.5474,13.0706,-59.0021,-56.3003,6
-0.7482,1.1502,-0.3248,1.8580,5.2708,-17.2737,4
0.7732,0.4476,-0.4454,16.5724,178.5438,-129.1792,6
0.3102,-0.7595,1.2216,-14.4170,-3.4185,0.0386,0
-0.0030,-0.9222,-0.0285,-143.9361,-80.1843,-79.1481,6
0.3199,1.2041,0.3653,-2.1262,0.1289,-1.5323,4
-0.4666,1.2030,0.2173,16.8733,8.3219,-11.8999,4
-0.7623,-0.5719,0.0323,0.6717,-2.1299,21.3285,3
-0.2954,-0.8598,0.0576,-5.3194,-4.3653,2.8308,5
-0.5522,0.3953,1.0404,1.8499,1.2504,8.6763,0
0.1830,0.8387,0.0335,-4.7889,-5.9304,5.7569,4
1.0960,-0.4399,0.8100,-17.4041,21.2953,-4.0740,2
-0.7626,0.0893,-0.4044,-15.0445,-2.4866,12.2427,3
-0.4037,-0.1679,0.7078,-19.7783,26.0291,-74.1551,6
-0.3263,0.6676,0.0523,1.2733,2.6717,-4.6875,4
0.6102,0.6151,0.2305,0.5499,1.7258,8.0145,4
-0.9545,0.8566,-0.0576,-84.0702,140.0193,-47.2532,6
0.0386,0.6878,-0.2945,-106.0075,-124.9338,-44.6168,6
-0.7257,0.3462,-1.0070,81.6916,-123.7077,-201.1912,6
-0.0452,-0.2265,-1.2539,0.4354,0.4645,2.0105,1
-1.0314,0.4486,-0.1001,-0.0430,-0.0417,-0.0728,3
0.7066,-0.3174,-0.1748,-1.7035,4.4539,-4.2067,2
-0.1023,0.8229,-0.2058,3.8953,11.9018,7.9113,4
-0.3079,-0.8620,1.1320,-7.2717,5.7089,-2.3002,0
-0.6889,-0.3347,0.2165,-12.9467,5.8867,22.3179,3
1.0617,-0.0064,0.4903,-2.4754,-5.0249,-6.0988,2
-0.2379,0.0031,0.8412,-11.4736,-0.4583,27.3504,0
-0.5208,-0.5632,1.0028,-5.9262,-12.8705,-7.2429,0
0.8052,0.0646,-1.1434,0.6932,0.9802,-1.4497,1
-0.2830,0.5732,1.0764,-2.6280,0.3138,0.0072,0
0.4254,-0.3662,0.7773,12.1029,-3.9648,4.5253,0
-0.0427,-1.1833,0.5744,13.2762,15.9227,3.8053,5
-0.2956,0.6327,-0.4527,-3.2507,1.3251,-2.1083,4
-0.8768,-0.1358,0.0129,-13.4523,3.0211,11.8418,3
0.5241,0.1656,0.5815,18.2809,12.3816,-18.3815,0
-0.4692,-0.3523,-0.6354,8.6820,5.6011,5.4155,1
-0.6717,0.3097,-0.5136,18.6629,0.8076,19.1951,3
0.3793,1.2425,0.2088,-3.7336,12.7459,3.6405,4
1.1724,-0.0257,0.7729,14.0034,21.7546,-6.2084,2
-0.4812,-0.6626,0.3612,-9.2571,2.7902,0.1676,5
0.2858,1.0434,0.1484,-17.8179,-3.6636,6.2415,4
-0.5640,0.1102,-0.7447,6.8112,-26.2103,8.7322,1
0.3350,0.7545,0.8570,-11.2029,-6.3695,-2.6838,0
-0.9316,0.0124,0.1967,-101.9687,-61.2050,121.5173,6
-1.2563,0.6391,0.2246,8.0660,-5.0508,1.5821,3
-0.8398,-0.4287,0.0360,15.4670,-7.3213,7.5534,3
0.5301,-0.1919,0.4358,4.0310,3.7820,-2.7460,2
-0.4161,-0.8213,0.1808,-5.1375,2.5195,-1.3381,5
0.8131,0.0511,0.5119,-2.8671,0.9532,0.6010,2
0.2940,0.1970,0.8799,29.1162,2.0915,-1.8156,0
0.8603,-0.1021,0.4377,8.8257,-4.5457,-12.3835,2
-0.5694,-0.3939,-0.5017,9.7041,7.2824,4.9182,3
-1.0658,-0.3370,-0.7633,4.2973,-9.8229,6.7671,3
1.1167,-0.4180,-0.6000,17.6487,-13.0589,6.6124,2
-0.3747,-0.0550,1.2696,12.2424,-6.5020,10.0181,0
0.4339,1.2993,0.2831,8.2560,-11.3577,15.7258,4
-0.0576,0.6359,-0.6537,-59.1718,-33.4611,-4.9117,6
0.9139,0.5500,-0.5036,75.1999,-178.7393,32.5953,6
-0.3820,0.9736,0.8085,-4.7555,2.8653,-4.2658,4
0.7392,0.7486,-0.3603,5.5628,-12.4592,-5.8012,4
1.1277,-0.0368,-0.2910,4.3583,16.7655,18.8647,2
-0.7757,-0.3313,0.3791,-4.1889,0.4626,-2.0292,3
0.1469,-0.6329,-0.3275,13.9956,-17.3158,4.2718,5
1.3586,0.3081,0.3607,20.4351,4.8500,-7.2247,2
-0.2589,-0.2825,1.0811,0.7861,-2.7989,6.8722,0
-0.7105,-0.5420,-0.3823,-8.8963,7.1516,4.9037,3
0.7035,0.7129,-0.6410,-156.0907,-138.2472,47.0663,6
-0.7136,-1.0463,0.1432,15.3421,-1.3292,-0.2792,5
0.5391,-0.9251,0.3599,13.4773,4.7881,21.5132,5
-0.7126,-0.3763,1.0892,-0.8906,-0.9253,-3.2368,0
-1.1726,0.2053,-0.2626,-1.6164,-0.4410,0.3811,3
0.0947,0.4850,0.4530,16.8011,163.9779,-49.5466,6
-0.3599,-0.5246,-0.1949,5.1590,-0.1457,-0.8445,5
-0.1214,1.0708,-0.8682,-0.2926,10.7788,10.6450,4
0.0231,-0.7246,-0.6496,5.2427,12.8660,-15.6935,5
0.2109,0.4523,-0.4791,7.1786,6.3656,-3.3071,1
0.3768,-0.0565,1.3914,15.0836,13.3862,-7.9116,0
1.3910,-0.5636,0.2123,4.9699,4.9004,16.1537,2
0.8705,0.5795,0.2961,-21.9086,0.1746,-2.9473,2
0.5145,-0.5577,-1.1606,-0.6325,-7.4404,-6.2088,1
0.0003,0.2538,-0.5371,0.3025,-37.8041,72.7473,6
-0.9797,-0.5217,0.1917,9.3475,-9.8883,-12.4947,3
-0.4074,0.0839,-0.5183,-51.5114,76.0395,-40.9217,6
-1.2902,0.1451,-0.6368,-13.8326,18.6364,-88.8178,6
0.0139,-0.1770,-0.7187,-79.5241,-12.1896,26.0102,6
0.3793,0.6881,0.0868,-181.8831,101.8449,45.7604,6
-0.7852,-0.4137,-0.5404,-20.1217,-4.0064,-21.4230,3
-0.9938,-0.2176,-0.3326,-11.5477,2.4096,7.1846,3
0.0379,0.1574,-1.0391,1.5250,15.6798,-16.0905,1
0.4973,-0.0959,0.7242,-0.1666,2.2578,-7.4428,0
-0.0562,1.2022,0.7451,-5.3340,-6.3025,13.3053,4
-0.3122,-0.6614,-0.0021,16.9939,1.1346,-12.4160,5
0.7663,-0.3833,0.0374,6.2485,-10.9127,12.4843,2
-0.0073,0.7541,-0.0914,-7.8819,0.9906,1.8613,4
0.4468,0.4912,1.0463,7.6149,6.0397,6.1940,0
-0.6303,0.5567,-1.0329,-0.4688,-12.3900,2.9017,1
0.1670,-0.8544,0.5844,-205.6254,-120.2672,29.5832,6
0.7227,-0.4860,0.6601,10.9284,1.5423,6.3640,2
0.1158,-0.7701,-0.0816,10.9537,-22.8123,-12.8434,5
-0.5242,0.1581,1.1882,-110.2741,-73.7108,69.9754,6
-0.0894,0.5514,-0.5733,-2.7236,-2.1185,7.0551,1
-0.0656,-0.6669,0.4422,-2.4242,1.8047,1.6741,5
-0.0623,-0.6020,-0.6396,-22.5077,7.9381,13.4107,1
-0.6399,0.7043,-0.9440,1.6637,-12.0053,4.2174,1
-0.0852,-0.6196,-1.1900,6.0386,-4.1911,-4.7363,1
-1.2520,0.1046,0.4850,1.4627,-4.1019,10.0224,3
0.0898,-0.4968,0.4962,-0.5613,-1.6402,-0.0859,5
-1.1314,0.9430,0.1488,0.3109,6.7126,-0.7301,3
1.1628,-0.1171,-0.1048,19.2027,0.9886,8.2053,2
0.0389,-0.0064,0.7258,105.0657,-161.7359,46.8904,6
1.1844,-0.1609,0.2961,-3.5409,-9.5257,-17.8483,2
-0.3470,0.4967,-0.7892,4.4695,-2.0242,-0.7642,1
-0.3335,-1.1846,0.1544,0.1123,-8.6001,6.2777,5
0.3389,1.1695,0.4743,18.0245,13.9757,-1.1356,4
0.0350,0.6545,-1.0525,5.6516,-7.1156,3.5205,1
0.8275,-0.3096,0.1352,-1.9124,-9.0333,-3.6540,2
0.7921,1.1745,-0.0565,-0.6575,-0.2244,24.7263,4
-0.1417,0.6457,0.2493,-10.9643,-3.8492,18.4635,4
0.3060,0.6952,-0.4104,-8.1075,62.8261,-9.3107,6
-0.8814,0.4346,-0.1077,-67.1197,3.2498,-143.3217,6
-0.6704,-0.5194,-0.6201,-13.5613,47.6238,37.1379,6
-0.7344,-0.3051,-0.1095,16.6937,11.0566,-4.0099,3
0.4387,-0.1393,0.7518,5.5630,7.1310,-1.4191,0
0.1561,-0.8130,1.0357,-9.4438,20.3000,-11.2522,0
1.4384,-0.1156,0.2672,8.5811,-7.4192,3.2049,2
-0.0649,0.9858,-0.1789,-8.4039,10.3899,-0.7242,4
0.8390,0.4288,-0.8302,-61.8807,-127.8007,-116.3584,6
-1.4813,0.1593,-0.4367,1.5818,2.2074,-3.2183,3
1.3902,-0.3717,-0.2167,-10.6001,-14.6344,-11.7320,2
0.7977,0.2165,0.8817,-10.0328,16.1055,22.7807,0
-1.1474,-0.0279,-0.0971,-10.7530,9.4463,13.4097,3
-0.7218,-0.3131,-0.2813,-1.0344,-18.1940,5.2740,3
0.1160,1.2235,0.5215,4.7688,3.1397,1.3644,4
0.6185,0.5586,-0.3879,40.3433,-32.8407,39.2497,6
0.3666,0.7411,-1.1046,-1.6628,1.5510,-0.2211,1
-0.2387,-1.2245,0.5585,5.4695,-7.4387,8.7150,5
-0.6531,-0.4660,-0.3222,5.3790,-5.6720,1.5905,3
-0.0930,0.3439,1.3177,-28.6285,-0.1183,0.2844,0
0.6481,0.9921,0.1409,1.7459,2.9770,-2.9137,4
0.1535,-0.8608,0.2602,-28.1549,4.7994,-4.3811,5
0.4404,-0.3328,-0.8054,1.0028,124.1885,56.7037,6
-0.0579,0.9435,0.7944,0.0808,-0.1199,0.3870,4
-0.2264,0.6778,0.4607,0.9080,-0.0013,0.9869,4
-0.9885,-0.5803,-0.2684,-3.5191,1.9658,5.6695,3
-0.7234,0.1204,-0.0368,2.2806,4.6307,-14.3331,3
-0.6616,-0.2438,0.8474,-19.8749,-5.6526,6.2309,0
0.2357,-0.5208,-0.4751,21.6783,-4.2093,0.9224,5
-0.2224,0.8894,-0.2656,5.6663,0.8085,1.7323,4
0.0048,-1.0513,0.8192,13.9308,18.3553,2.5502,5
-0.1658,0.9327,0.9948,1.8369,0.0758,0.5958,0
-0.0774,0.5205,-0.7012,1.1273,4.4103,21.7441,1
0.3029,1.0418,0.0905,-11.4376,-21.2490,7.2009,4
-0.3145,1.3211,0.3932,41.2668,78.4774,-20.7045,6
0.5627,-0.8385,-0.5908,-15.8241,-5.3243,-5.9111,5
0.9203,-0.7119,-0.4921,13.3433,15.9837,-1.1299,2
0.3292,0.0098,-0.6738,10.8555,9.8204,-7.4376,1
0.7900,-0.5028,0.5870,-6.7859,1.1963,-5.6969,2
-0.3659,-0.5829,0.2640,4.9551,-24.1985,0.7405,5
0.0753,1.0272,-0.5036,5.8434,17.0409,-2.7913,4
-0.3500,-0.9126,0.6821,6.5140,-1.6939,-2.7706,5
0.9793,-0.7290,-0.1241,-18.0342,-17.5570,15.5435,2
-0.5239,-0.9705,-0.8142,-5.4820,10.2080,-6.6536,5
-0.7656,0.8933,-0.7213,-4.1921,-6.4178,-5.3597,4
0.1111,-0.6097,-0.5380,-9.0970,6.7003,-12.2159,1
0.7223,-0.6529,0.4967,1.0069,-7.2259,2.8381,2
0.9530,0.0398,-0.2769,-3.1243,-1.7107,2.2110,2
-0.6270,0.0386,0.3757,22.8998,9.1711,1.7496,3
-0.4239,1.1937,0.2190,0.0160,-6.8083,-3.3777,4
-0.5124,0.4411,0.8741,13.8705,-9.1305,-2.5477,0
0.6311,0.7768,-0.6698,2.5950,-2.1519,2.0272,4
-0.4726,-0.9486,-0.4514,-1.9592,-0.3100,-2.2470,5
-0.1512,1.1112,-0.0795,-2.3566,-17.9603,6.3950,4
0.2969,0.4576,-1.0750,14.9527,-2.8340,-3.2295,1
-0.4762,-0.3825,0.9550,-10.7987,69.4557,-111.0969,6
-0.0455,0.8853,0.8927,100.0830,106.6828,134.5641,6
0.6476,0.5291,-0.3747,-130.3116,17.7615,118.9733,6
0.1014,-0.2784,1.2438,-1.9087,4.6854,1.4574,0
-0.2397,-0.1849,-0.9632,7.2910,-3.1165,-4.1863,1
0.9658,-0.0712,-0.1365,22.2794,-0.2623,-18.0993,2
-0.9877,-0.2985,0.3438,3.3489,-5.6260,-11.2342,3
0.3780,0.8431,0.6810,-0.7369,-28.7271,0.5344,4
-0.5199,-0.5274,0.9262,3.1054,17.9231,6.8595,0
1.0792,1.0595,-0.3179,-3.6160,-6.3377,2.6422,4
0.2909,-1.3473,-0.3394,4.9822,2.4788,-4.8758,5
0.4233,1.1865,0.0737,-6.6225,-26.5409,245.5654,6
-0.7014,-0.2067,0.5416,0.3530,-0.6932,0.0468,3
-0.3646,-0.3365,0.7736,13.3517,-7.2043,-7.4373,0
-0.9658,0.9604,0.0653,39.6136,123.7419,-34.9025,6
1.1020,-0.2510,-0.2344,8.5502,-6.5123,-16.6050,2
0.5211,0.0504,-0.9988,1.6649,1.4187,3.4313,1
0.3164,-0.1416,-1.0047,-0.8367,-0.8931,-0.0465,1
0.6724,0.3857,0.3060,17.6695,-5.2888,8.6517,2
0.7070,0.4206,-0.9105,15.3712,24.2017,3.4670,1
0.5135,-0.3366,1.3794,-7.1638,16.7045,11.0733,0
-0.7398,-0.8408,0.2734,67.8315,-141.6875,-47.0404,6
0.4278,-0.2970,-0.6908,-14.9481,-7.0903,-23.9823,1
0.8398,-0.6361,-0.4850,3.2212,-3.8798,-4.2641,2
-0.7550,-0.7152,0.2410,0.6758,0.4325,-0.6642,3
0.0936,0.7936,0.0858,17.5023,31.5104,-51.9776,6
-0.6685,-1.0304,-0.5974,0.8712,0.3898,1.5002,5
-0.8096,0.2723,0.0446,1.6015,-4.4662,-3.4589,3
1.4333,0.2829,-0.2666,12.6055,23.9535,0.0373,2
-0.8957,-0.7519,-0.6626,-113.3269,116.7891,-21.9985,6
0.7078,0.6898,0.3687,-0.8473,27.5583,-11.1539,4
0.8437,-0.1621,-0.3609,-0.2480,0.0600,-0.0186,2
-0.0117,-0.7709,-1.1298,-2.5258,-5.0063,14.9377,1
0.6627,-0.7580,-0.0384,-0.2609,-0.1294,0.6510,5
-0.0992,-1.2801,-0.1417,-25.2678,6.2547,3.8583,5
-0.8624,0.8533,-0.4930,-24.9821,9.2066,-2.1640,4
0.1476,-0.2914,-1.2741,121.1378,-125.8749,7.8113,6
0.1995,0.9967,0.0263,-96.6490,155.3457,-114.5698,6
-0.0075,0.9944,-0.0329,-1.9157,0.0618,-0.4095,4
-0.7592,0.2438,-0.6867,1.4503,1.5105,19.0150,3
0.3899,1.0746,-0.0947,18.1195,7.5961,21.6032,4
0.8187,-0.1421,-0.5145,-21.2765,-28.7416,-75.2301,6
1.1349,0.3637,0.5847,-8.3098,22.7843,10.6382,2
0.4189,0.8116,-0.2753,25.3214,95.2946,-2.3797,6
-0.5460,1.0414,-0.4665,-1.5839,0.7799,1.7491,4
-0.3189,-0.6874,0.2468,-18.3770,10.2848,7.0130,5
-0.5303,0.6261,0.5837,-23.8785,3.6134,8.2907,4
0.5536,0.7919,0.1252,1.9881,-1.6246,5.6644,4
0.1755,-0.4530,-1.1767,0.1659,-0.2217,0.2407,1
0.2917,0.9406,0.1224,19.5066,-1.1135,13.0126,4
0.2220,1.4869,-0.1490,-4.1117,-7.9111,-2.0796,4
-0.1886,0.9150,1.0166,-3.9596,3.1723,8.9647,0
0.1322,0.7334,0.1671,-12.9208,25.1546,5.2531,4
0.3827,-0.9982,0.0598,3.0700,-5.6709,-5.8057,5
0.5588,-1.1737,0.7702,-5.2543,-5.2370,-1.2747,5
-1.1541,-0.4289,0.5678,18.3618,1.5362,-1.7778,3
0.7575,0.9345,0.4659,0.2833,-6.7122,8.9351,4
0.1700,1.0059,-0.0592,2.8355,-5.5229,-6.7091,4
0.3066,0.1866,0.8517,5.1000,-3.8734,3.9583,0
0.0265,0.1309,-1.0607,13.0372,-18.9934,9.2101,1
-0.1021,-0.4818,-0.8037,-6.1808,18.4259,-5.0160,1
-0.7403,-0.2096,1.2136,4.8406,3.6019,3.7520,0
-0.6935,-0.1216,1.1410,102.8729,-53.3795,30.1723,6
-0.1702,0.6100,0.0457,44.2109,-9.1494,-85.9831,6
0.1664,0.8902,0.7354,-17.6890,-8.4029,15.6752,4
-0.2329,-0.0403,-0.8735,-14.2225,-4.8919,-23.5246,1
-0.7785,0.4948,-0.4649,10.8089,-1.3480,3.0942,3
0.5520,-0.4328,-0.2941,-1.3424,4.5444,-5.3715,2
-0.8370,-0.3910,0.0622,-3.2176,-2.9830,21.5244,3
-0.4912,0.7203,-0.4098,0.1613,0.3395,-0.2217,4
0.5649,-0.7292,0.6201,-2.2614,-4.2002,0.4021,5
1.2351,0.1832,-0.3648,66.3047,21.9566,-21.4888,6
1.0133,-0.7109,0.0490,54.4729,91.7099,135.9561,6
0.8466,0.4668,-1.1027,22.7950,-3.0545,-16.0015,1
0.2449,-0.6575,-0.2252,-17.3737,-3.6902,-3.3931,5
0.3558,-1.4136,-0.0075,-120.3990,186.9138,-38.5203,6
-0.5781,0.4304,0.1965,-1.2682,-7.5555,-28.2352,3
-0.4263,0.1524,-0.7720,-0.6613,-17.7904,-8.1491,1
0.2280,0.0432,-1.0185,-15.2239,-11.6083,-18.9701,1
-0.8828,-1.1017,-0.4273,11.9922,-10.9452,-18.6212,5
-1.7300,-0.0506,0.0351,-91.1929,87.6788,-24.9029,6
0.9856,1.0966,0.2192,-13.1061,-8.9551,5.3656,4
0.8035,0.5531,-0.6506,187.1059,58.7641,145.2456,6
0.4407,1.2691,0.0047,1.6773,20.8411,-12.7085,4
1.2289,-0.5971,-0.2815,2.5572,0.2498,-17.0292,2
-1.0573,-0.1494,-0.1742,-1.6036,-1.9730,0.7964,3
1.2001,0.6461,-0.1325,-1.7015,1.7105,-1.3797,2
-0.6422,-0.5513,0.1411,-10.9195,0.7867,2.2060,3
-0.7193,0.1602,0.0876,-5.8765,-23.3826,-6.5028,3
-1.2072,-0.0125,-0.1326,20.3290,18.0833,-1.9412,3
0.6177,-0.1807,-0.7979,7.9613,-0.6089,3.8484,1
-0.7267,0.5490,-0.1775,9.1899,6.8158,-13.9655,3
-0.2418,0.6603,0.3831,2.3198,14.4769,-13.6668,4
0.5758,-0.6175,-0.3242,-1.1512,0.6664,4.0866,5
0.4166,-0.2441,-0.6169,-2.5789,2.5057,-8.2003,1
-0.7377,0.4308,-0.0498,3.0125,2.3651,4.4916,3
0.2778,0.3062,0.3224,6.0320,59.3978,23.6076,6
-0.9736,-0.0237,-0.3737,7.4546,-4.8819,-7.3219,3
-0.1966,-1.3088,0.5872,-11.2831,-10.7843,5.3847,5
-0.6860,-0.0053,-1.0325,0.1634,-0.0311,-1.1747,1
0.8109,0.0047,0.1185,1.1145,-0.9481,0.5239,2
-0.9625,1.1238,-0.0108,5.8397,1.5648,4.4950,4
0.1217,0.7320,-0.2823,0.1645,2.8463,14.9094,4
0.6037,-0.6563,-0.9726,-7.5532,-6.3427,11.0119,1
-0.3281,-0.4005,-0.9239,-60.3923,-19.0246,15.0085,6
-0.0169,0.5126,-0.6469,-6.6008,3.3390,28.8634,1
0.8234,0.5267,0.8834,-14.5591,-7.0981,-7.4653,0
0.3264,-0.4785,-0.9729,-2.3930,1.7743,-0.8286,1
1.2058,-0.8476,0.3608,-71.4777,-151.7834,-66.2073,6
-0.6249,-0.0386,-1.1298,-8.0621,-3.1652,-0.8387,1
0.0048,1.0972,0.0401,43.3379,-30.0715,-56.9328,6
-0.4680,-0.6794,-0.4407,-0.9795,-0.5839,-0.4914,5
0.6325,0.0055,0.6588,10.7591,4.9134,2.4055,2
-0.3308,0.3341,-0.5069,-8.2702,2.3307,9.0992,1
-0.9026,0.1906,0.8075,0.4164,2.8264,-13.1607,3
-0.7360,-1.0521,-0.0636,-6.9679,5.9998,8.3140,5
-1.2654,0.1069,-0.3197,-15.8049,7.1339,-9.0713,3
-0.4726,-0.8995,-0.2091,-54.2706,5.0448,38.9797,6
-0.1647,-0.5561,0.5991,11.2762,12.2767,-3.2781,0
1.0408,0.2957,0.4473,59.5248,114.9456,42.5192,6
-0.5774,0.2103,-0.9665,14.2653,7.0897,4.6704,1
0.8414,0.3887,-0.7316,-106.2563,12.8613,34.9149,6
0.8839,0.4344,0.3886,-7.1891,1.6387,-1.2419,2
-0.5906,0.7987,0.0224,-13.6649,23.3442,12.8055,4
0.6591,-0.0293,0.3929,-1.8910,3.7907,-7.8648,2
0.7432,0.4608,0.2878,-4.6864,22.2147,-5.1674,2
-0.9548,0.2682,-0.0628,2.9906,1.6376,0.8261,3
-0.2871,0.6787,0.8938,-0.1618,19.5731,17.8990,0
0.9723,-0.1847,0.2382,-32.3020,125.7590,-205.6006,6
-0.3466,0.0030,1.1007,-3.0731,10.1176,-5.9981,0
-0.4583,0.1109,-0.6219,-2.3244,-2.5915,-3.0460,1
-1.2605,0.4917,0.4151,62.9030,1.5656,30.6685,6
-0.8582,-0.4846,0.5612,-0.3584,-0.2586,-0.2767,3
0.5798,0.7019,0.1681,3.1545,-5.1496,-12.4407,4
0.1367,0.8748,-0.8522,31.1367,31.4482,-232.4241,6
0.3939,0.5564,-0.8914,-0.8287,-3.9103,2.9464,1
-1.0796,0.0586,0.0894,0.6147,2.0487,3.7409,3
-0.6004,-0.5384,-0.9426,81.1380,112.1933,122.8610,6
0.3962,0.1736,-0.9114,-12.4936,9.3984,3.7580,1
-1.0169,-0.7340,-0.5298,100.9150,-34.4351,-177.7197,6
0.8578,0.4310,0.1459,-1.3801,-3.5674,5.5042,2
0.4027,0.1245,-0.4463,-222.0548,-50.2382,-85.3793,6
0.5172,0.5441,0.4508,19.3316,0.5062,-6.6118,2
-1.0764,-0.0738,0.1894,-18.5158,-5.4882,-0.7946,3
0.3768,0.4922,-0.2913,-0.8308,-13.7340,-20.4295,4
-0.0292,1.1414,0.1179,2.8582,3.0390,4.5103,4
0.3470,1.2369,-0.7726,4.5602,1.8691,14.4682,4
0.2208,-0.0582,-0.9869,-18.5459,0.4966,4.7810,1
0.4098,0.1114,-0.7461,-3.9625,5.7809,-5.4994,1
0.1566,1.3063,0.6984,-1.3451,7.8255,6.4184,4
0.4720,0.5097,0.3530,-2.2304,-10.4796,2.9017,4
-0.0927,-1.3013,-0.2889,-13.0407,-16.9435,-7.3458,5
-0.8568,0.5819,-0.2781,-7.0174,10.6205,16.3092,3
-0.7034,0.9268,0.1836,-13.0009,10.4699,3.1742,4
0.7804,0.6054,-0.3670,-3.4265,-1.4679,-3.1869,2
-0.2311,-1.3170,-0.1942,7.7069,8.0470,2.1069,5
1.0457,-0.0575,0.5931,-0.9368,-3.7475,0.0061,2
0.4211,-0.8781,1.0621,0.7228,15.3833,6.7177,0
1.2623,-0.5423,0.4847,-1.2990,-7.8314,-0.3665,2
-0.9309,0.7248,0.4832,-9.8439,3.4615,-11.6702,3
1.0488,-0.1958,-0.4828,1.2359,0.7863,-2.2267,2
0.5522,-0.2888,0.4768,27.4020,-11.8370,-1.0660,2
0.7086,-0.6032,0.7877,-11.9888,1.9538,2.2881,2
-0.7524,0.9730,0.7776,8.9241,-160.1320,154.0233,6
-0.6117,0.5383,0.3556,5.1287,-4.4082,-7.7694,3
0.0241,-0.4936,-0.9132,5.2581,3.9292,14.1949,1
-0.7409,-0.5199,-0.1946,-0.6802,0.4349,-0.6253,3
0.6993,0.5307,-0.1765,0.4500,0.2456,1.0620,2
0.4083,-0.6526,-0.3954,-215.7081,17.9026,-42.1013,6
0.6456,0.0640,1.0273,-27.4069,8.8370,0.4191,0
-0.0592,1.1216,-0.0795,64.4738,-93.3525,188.1307,6
-0.5301,-0.0978,1.1592,-4.2622,-17.0313,14.9203,0
-0.0319,-0.2608,-0.5743,-36.1996,18.6149,153.1349,6
-0.2823,-0.6362,0.9852,4.0317,2.3865,1.9052,0
0.1633,-1.0409,-0.4253,11.4066,-3.5131,6.7300,5
0.9278,-0.7471,-0.7407,12.5905,13.3084,-3.4182,2
-0.7064,-0.3209,0.9201,-62.6587,-53.9103,-60.1574,6
1.0965,0.3297,0.3597,26.6872,-2.0559,7.3899,2
-1.1839,0.6248,0.6901,146.7155,152.0781,5.8584,6
-0.6314,-0.4897,0.0041,-6.5428,16.7867,-6.5496,3
1.0822,-0.1288,0.1606,0.1056,-1.2178,0.4547,2
0.4580,-0.6891,0.0192,-3.3998,-16.4959,2.3510,5
0.4748,0.2449,-0.7264,-7.1151,-8.8574,-9.3737,1
-0.0428,-0.0875,-1.2387,-8.9679,2.5081,10.4074,1
-0.2010,-0.9366,-0.0292,42.2366,74.9548,-29.7668,6
-0.9635,0.1754,-0.2764,84.5824,22.6913,25.9603,6
0.7030,0.7542,0.2699,35.9918,104.4189,89.0019,6
-0.5028,0.9555,-0.6407,-183.4069,-118.3012,-56.8779,6
0.6977,0.4284,-0.4909,17.2601,4.3616,14.9310,2
-0.9319,0.5106,0.1809,19.2650,17.3116,-0.4261,3
-0.2524,-0.8370,0.7987,2.1000,7.1183,9.4127,5
0.1158,-0.8572,-0.0956,16.6364,-12.4459,-15.2461,5
0.1038,0.5403,0.5471,-108.9714,55.7424,32.0314,6
-0.5924,-0.6169,0.6990,4.0807,-2.3685,-0.7686,0
-0.1282,-0.8206,-0.4076,3.5218,-8.3749,4.0443,5
-0.1987,0.8458,-0.9772,-14.3322,-19.2528,9.6250,1
1.0005,1.0249,-0.2338,-4.8257,10.5811,13.4565,4
-0.0796,-0.3799,0.5989,0.9356,-10.6206,16.7270,0
0.6922,-0.2405,-0.5217,-0.7263,15.7284,16.1880,2
0.3486,-0.8721,-1.2838,-199.6948,-5.4544,127.6865,6
0.7139,1.1884,-0.2387,-13.1086,-6.1866,-7.7468,4
0.3692,1.1057,-0.2229,-7.0754,-6.1659,19.1359,4
0.8578,-0.8013,0.3050,21.4188,2.8003,-5.2379,2
0.5995,0.9427,0.4769,-16.7718,-13.5792,8.8609,4
0.4854,-1.0607,0.3217,8.5119,3.5344,-7.7308,5
-0.7124,1.0428,-0.0692,-8.1003,8.4855,-0.5609,4
-1.2577,-0.5366,0.3531,2.2393,11.0026,16.4475,3
-0.0686,1.1771,0.0672,5.4494,-2.9935,5.6638,4
-0.3372,-0.6049,0.3861,-7.1537,7.9199,-11.1765,5
-0.1346,1.0486,0.2396,-2.4054,6.3493,-4.9020,4
1.0625,0.2070,1.0722,-2.4870,5.3208,0.9625,2
0.1966,0.2854,-0.8511,-24.6716,-21.3190,-77.8260,6
-0.7258,-0.7670,0.6313,10.0937,15.7156,-10.6465,5
0.2345,-0.9663,-0.9501,0.6205,0.4069,0.0669,1
-1.0595,0.3446,-0.3203,-3.9858,15.2499,-10.3534,3
0.6249,-0.3681,0.4840,0.5783,1.1537,-0.9553,2
1.1888,0.1039,-0.6792,-15.1204,20.2005,-13.2016,2
0.2159,-0.3092,-0.9403,2.6167,-110.9890,133.9679,6
0.3582,0.6858,-0.3558,-20.9996,-35.2600,158.8009,6
-0.2673,-0.9255,-0.3636,0.9949,7.7074,-20.0600,5
0.5385,-0.2774,0.4083,-15.2191,-12.8365,20.5371,2
0.0812,0.7708,0.9985,3.2932,-9.1869,9.9305,0
-0.4005,0.9926,-0.2508,-6.7784,-7.7320,27.5564,4
0.5708,-0.3790,0.7730,25.4413,76.9292,-36.2828,6
-0.7098,-0.8437,0.6650,177.2751,-73.1461,-55.8769,6
0.6835,0.0001,0.4017,6.2215,4.8315,-3.6749,2
-0.6534,-0.2273,-1.2863,-1.8652,-3.7549,-1.3965,1
-0.7962,0.1094,-0.0077,11.4276,-16.0446,11.8792,3
0.4505,-0.1152,0.4898,4.2945,3.1457,15.1679,0
0.6708,0.4641,-0.8171,180.5129,69.3155,81.1255,6
-0.9857,-1.0176,0.9833,71.8361,40.5494,12.6011,6
-0.6084,-0.7219,0.8166,2.7716,4.6282,-6.0117,0
-0.2377,0.4244,0.5561,-27.0080,0.7239,10.4018,0
-0.5942,-0.6155,-0.9433,-10.0183,1.3572,7.4018,1
-0.4477,-0.6051,-0.7661,81.3173,-88.6374,22.1330,6
-0.3824,0.0865,-1.0944,4.2681,-15.1259,21.0588,1
-0.3863,-0.3269,-0.8668,-42.0388,-83.1684,-5.5197,6
-0.2375,-0.5988,-0.6727,11.9914,-4.2783,9.5361,1
0.5441,-0.2920,0.3737,-27.3592,4.2001,5.4475,2
0.6053,0.3701,-0.6652,-13.1765,-7.5445,-4.0255,1
0.3522,0.1819,1.3908,2.3491,9.8886,4.2378,0
-0.9900,-0.0205,0.7083,11.1675,3.1983,-7.7602,3
0.1974,0.6038,0.3282,-10.8045,-11.3006,-13.1870,4
-0.0468,0.9836,0.3572,5.2834,4.0813,-10.2347,4
-0.5408,-1.0781,0.2836,45.6992,-23.2442,-133.1132,6
-0.6169,-0.1115,-0.3125,0.2269,-0.0892,-0.5831,3
0.0124,1.1668,-0.8964,62.2105,-25.0143,107.7930,6
-0.9975,0.2027,0.3513,1.0446,-19.5952,0.9271,3
0.4515,-0.0145,-0.7960,15.7950,2.9920,3.2419,1
1.0809,-0.0486,-0.9161,-15.8693,0.7938,-3.1335,2
-0.1015,0.7425,-0.3104,-4.7724,2.9691,5.6875,4
0.6858,-0.9308,0.8140,2.8355,-3.2813,-9.9288,5
-0.8457,-0.5917,0.4567,12.4756,1.4537,23.4689,3
-0.8875,0.1006,-0.6698,-7.2763,7.0286,22.0145,3
-0.5273,0.3077,-0.1732,-62.8076,-120.3151,-18.8961,6
0.2936,-0.2343,1.1735,148.7356,64.9938,-26.1003,6
0.6991,-0.1967,0.4395,-22.9943,6.1169,14.0197,2
-0.5833,-0.7660,-0.9845,2.7478,-18.1526,-17.9305,1
0.6765,-0.9204,0.7035,5.1533,4.1049,6.8096,5
0.7549,0.2824,-0.2507,-1.0272,-12.4950,-2.8335,2
-0.6462,0.8018,-0.3519,-5.4838,-0.1319,-4.2012,4
0.2719,1.1960,0.3898,-15.0260,9.5468,-6.2961,4
-0.1566,0.9897,-1.0040,-0.7665,4.3226,-2.3384,1
-0.7718,0.0531,0.0035,-26.1491,6.8463,-5.9089,3
-0.1460,-0.3843,-0.7592,73.2671,-54.8047,101.2981,6
-0.1632,0.8732,0.1142,24.3686,-1.1494,6.1958,4
0.6146,-0.9097,0.0163,-13.5012,-1.5850,-6.8339,5
-0.3339,-0.5765,-0.3388,12.5454,4.9381,17.4978,5
0.7422,0.2759,-0.0252,-11.6429,-3.5317,-7.6115,2
0.5270,-0.2220,0.7816,0.1099,0.7462,-0.2484,0
0.1323,-0.4644,-1.1426,97.2136,-120.6485,-133.6028,6
-0.8182,-0.4891,-0.4696,-8.7886,-17.9859,-9.1652,3
-0.8063,0.8857,0.4879,-0.5403,-0.6225,1.7785,4
-0.2342,-0.6793,0.8216,-1.5239,9.3654,-15.8369,0
-0.5585,0.5248,-0.0439,-4.3323,5.5281,3.1615,3
-0.8780,0.7127,0.4007,22.2705,-7.5845,1.2894,3
-0.7917,0.2880,0.1063,4.7048,2.3006,-5.9158,3
0.7045,-0.5826,-0.5416,-11.3024,0.8179,5.5028,2
-0.7467,0.6436,0.0676,10.5501,-3.5952,-9.1124,3
-0.9334,0.7379,-0.4019,-59.0298,23.8662,-212.9198,6
0.5351,-0.3826,0.8923,-0.6084,-19.7289,-15.4796,0
-0.4751,0.7140,0.0048,6.1241,-3.1474,-3.3842,4
-0.8819,-0.2817,-0.7484,-4.3582,-1.1825,9.3650,3
-0.5249,0.1628,1.1992,144.7698,-5.0735,-5.4362,6
-1.1295,0.5201,0.3653,36.3297,-46.2010,-41.9986,6
-0.9014,-1.0650,0.0659,1.6930,-4.3274,-3.9182,5
-0.8133,-0.1487,-0.1207,8.6496,10.6492,14.8325,3
0.0471,-0.8291,-0.5403,-11.0566,-2.1796,-23.2656,5
-0.6706,0.8261,-0.4687,-1.9145,-7.0014,-8.3391,4
-0.4147,-0.2339,-0.6959,11.4494,-17.4420,-10.5650,1
0.4852,-0.7013,0.3412,7.9551,-2.2089,-6.6794,5
-0.8127,0.6212,-0.7176,-0.4400,0.4305,-0.3260,3
0.4554,1.0083,0.6434,-10.1571,21.6025,-15.7647,4
-0.4966,0.6022,0.3153,-1.1477,1.3279,0.9775,4
-0.4796,0.9226,-0.8449,-2.6889,4.1985,4.4203,4
-0.3838,-0.7327,-0.6285,-2.5730,-0.0850,0.8739,5
0.3709,-0.8499,0.8172,-22.0678,-4.8838,10.0156,0
0.8761,0.9074,0.4152,-0.9575,7.5551,11.1260,4
-0.5373,1.1997,-0.4585,-5.1627,-0.6486,-1.6536,4
0.0080,-0.0916,1.1129,-4.0120,-21.4509,-19.9700,0
-0.1340,-0.5306,-0.6907,-1.0627,0.0023,1.3952,1
1.0148,-0.1509,0.2614,9.0658,-3.7045,0.8278,2
-1.0550,0.6283,0.2461,12.7026,-11.5381,11.2171,3
0.3866,-0.7147,-0.3498,11.3309,11.0469,-3.1618,5
-0.7995,0.2645,-0.1249,12.7282,4.7283,-10.9690,3
0.7356,0.4692,-0.4004,2.9605,-0.0604,0.4999,2
0.4525,0.7258,-0.5998,19.6621,3.7787,1.3682,4
0.8164,0.8279,0.5297,-0.4398,-0.8029,-0.0258,4
0.0512,0.7147,0.4361,2.4475,2.0250,3.4193,4
-0.6801,-0.2131,-1.1293,-1.2273,-0.8455,-1.7335,1
-0.7175,-0.4595,0.1565,2.5416,4.2052,-7.1553,3
-0.3562,-0.1788,0.5922,-5.7171,-13.7160,-20.1894,0
-0.1658,0.9026,-0.1930,-0.1253,-7.3770,17.4863,4
-0.4781,-0.3308,0.3984,-0.4676,-8.5158,-12.7314,3
0.2756,0.2130,1.0287,-17.4220,1.1191,1.5626,0
-1.0983,-0.3611,0.3164,10.3197,-1.8277,-3.2245,3
0.8566,0.7911,-0.8767,-20.7192,5.9338,5.2656,1
-1.0593,-0.0276,-0.2506,18.5644,63.4878,0.0885,6
0.8959,-0.0939,-0.6486,0.6338,12.7190,-8.3621,2
-0.2816,-0.7212,0.1434,4.0990,-11.7838,8.1381,5
0.3815,0.6605,-1.2058,-0.6773,-0.5188,-0.4522,1
-0.0505,-0.7603,-0.7689,0.0511,-0.6648,0.7950,5
0.3285,-0.7972,0.5694,-0.3192,-0.3403,0.2515,5
1.3344,0.4424,-0.0737,-12.5814,-5.8064,1.1223,2
0.7697,-0.4186,-0.5728,-129.0336,-98.6883,-43.0281,6
1.2551,-0.1274,-0.7222,16.2832,6.4620,-5.2165,2
0.1591,-0.0988,1.3196,-7.7580,-14.0676,15.1356,0
-0.1676,-0.8169,-0.4897,-157.3869,64.0771,-106.2271,6
0.9388,-0.2136,0.9588,-0.0426,6.4365,-1.6265,2
-0.5886,-0.2872,-0.7427,-141.0571,38.2429,-45.6780,6
0.6248,0.5910,0.4048,2.9023,5.4649,11.4541,2
1.0860,-0.0572,0.1027,-4.7068,17.1845,2.2331,2
0.6922,-0.6866,0.4135,11.2954,-12.8154,12.0962,5
0.4115,0.2159,-1.1425,4.7284,-5.9155,-1.6968,1
-0.1591,-0.7737,0.4471,42.5500,213.3995,-78.9463,6
-0.4510,-1.0931,-0.9237,-2.8182,-3.0324,4.5360,5
0.2681,0.5118,0.8442,-0.1516,-0.7273,1.2806,0
-0.1391,-0.7785,0.1493,14.8773,15.7455,3.1554,5
0.8465,-0.4076,-0.6231,113.1815,144.0872,-19.4823,6
-0.4322,0.8738,-0.8916,10.1821,5.3098,4.0673,1
-0.3633,-0.8815,0.2510,-12.4818,-8.9991,-14.9094,5
-0.1786,1.0886,0.6499,-0.2224,-4.4832,-13.0511,4
-0.5296,0.7276,-0.2521,-46.9336,94.3685,-161.8838,6
-0.6603,1.1917,-0.1790,-0.8299,-4.9044,9.0377,4
-0.8967,-0.3575,-0.3705,-3.4827,2.3108,-1.6450,3
-1.3312,-0.1656,0.0509,2.1597,1.8831,-2.8574,3
-0.2046,0.6102,-0.6664,191.0826,5.6720,-83.7783,6
-0.5232,-0.5004,0.4049,-3.2312,1.9877,-1.2131,3
-0.2860,-0.9237,0.2119,-2.0597,1.6550,-1.4558,5
0.4554,1.1218,-0.9140,5.3597,-14.1468,10.4648,4
-0.9010,0.2422,-0.5815,-15.4614,-6.2096,-4.7655,3
-0.6619,0.1759,0.8263,-1.1812,0.2671,2.6973,0
0.1094,-1.3033,0.1703,-22.8481,1.4379,10.6054,5
0.5284,-0.7027,0.1188,11.3693,2.5047,-6.3867,5
0.6056,0.2097,0.5698,-9.8997,19.0339,-9.0541,2
-0.3854,-1.2413,-0.2855,4.8342,3.0642,6.5693,5
-0.9555,-0.0763,-0.6219,-5.3525,-9.8423,12.7288,3
-0.7432,0.1967,0.3862,9.3950,-187.6393,-2.3457,6
0.7388,-0.6732,0.8573,-8.2399,-10.1969,0.6495,0
1.5070,0.0831,-0.0723,-90.7054,28.9052,87.3092,6
0.1606,-0.6800,0.9265,-32.0617,-137.4218,-37.4387,6
-0.6331,-0.3575,-0.0898,-4.7238,9.0974,13.1686,3
-0.1280,1.3066,0.3761,2.8556,1.0704,-26.8044,4
-0.5075,0.6233,0.7955,-11.6235,-5.3019,3.3451,0
-0.6974,-0.6602,0.3731,-2.6899,1.3449,-7.0754,5
-0.5084,0.8337,0.7583,6.6454,-22.3981,18.7348,4
-0.7165,-0.7497,0.9545,-3.7544,-7.2189,7.1590,0
1.3218,0.2666,0.5229,1.7485,-13.7509,3.9639,2
-0.2150,-1.1939,0.8840,-0.4896,-0.3456,0.6709,5
-0.5135,-0.1117,-0.9438,-10.7593,-10.3039,7.6739,1
-0.5573,-0.8180,0.1705,40.9284,37.2136,-77.6063,6
-0.1647,0.9230,-0.6075,-16.2324,7.2176,-23.1185,4
-0.1932,-1.0345,0.6963,-11.2215,-2.4745,0.9907,5
-0.2214,-0.6022,0.0154,157.7512,85.7166,4.9140,6
-0.2924,-1.1855,0.8532,-16.0522,9.7109,-3.6674,5
1.1330,0.5132,0.2954,-20.8182,-4.3889,-3.6482,2
-0.3457,0.8621,0.9446,-14.0441,16.8058,5.5772,0
-0.7036,-0.2006,-1.1464,3.2509,27.9720,-3.6951,1
-0.1630,-0.4334,0.8301,2.9270,-19.9730,17.6410,0
-0.3183,-0.3063,0.7453,12.2524,-13.2353,-19.3005,0
0.3238,-0.6404,-0.7004,-7.9699,12.8215,-10.1184,1
-0.0219,0.8473,-0.1954,2.6479,1.2555,-1.7928,4
0.7088,0.0616,-1.1757,1.6001,8.3972,16.6745,1
-0.5045,0.5231,-1.0884,-3.4194,3.5297,-3.2586,1
-0.1375,0.5050,1.1534,-2.5058,-1.1013,4.3475,0
-1.1228,-0.2535,-0.6412,8.6927,-23.9840,-1.9915,3
0.9207,0.3544,0.5375,11.4222,-12.0023,4.6674,2
-0.7970,0.1753,0.4808,-5.6818,0.6681,-4.6282,3
0.2838,0.0152,-0.9371,-2.1595,-5.2113,-0.9770,1
-0.3034,0.5359,0.4858,7.0416,12.3289,8.1756,4
1.0572,-0.0870,-0.3855,11.0005,15.6909,-8.5944,2
0.7042,-0.0717,0.5702,152.9582,-40.6336,-53.4101,6
-0.3205,0.8193,-0.2118,-4.1804,-17.0781,0.8354,4
-0.8508,-0.6709,0.1120,-110.1449,-89.7018,-3.7624,6
-0.1488,-1.3266,-0.0762,49.0599,-24.8143,-122.7161,6
0.0767,0.7720,-0.6904,-1.0446,-3.0112,-7.5247,4
-0.6764,0.5722,-0.8633,-8.5895,9.0374,-22.9957,1
-0.1306,1.3975,0.1210,24.3189,-1.2743,-9.0011,4
-0.0447,-0.9605,0.3955,-3.7762,-19.9243,-11.7942,5
-0.8824,-0.2386,0.1520,9.8027,11.5299,-2.9239,3
0.7020,-0.1126,-1.1244,7.9795,8.7893,-7.9201,1
-0.4919,0.0414,1.2153,10.2043,19.9324,-3.7724,0
-1.1223,-0.6032,0.2878,-12.7181,-8.8958,7.2571,3
0.7433,-1.2171,-0.2704,19.5895,4.7374,-6.4802,5
-0.7310,-0.5847,-0.1490,-43.2852,-22.8624,-146.2244,6
1.2010,-0.4910,-0.2642,-180.5264,15.5941,-20.1612,6
-0.6768,-0.0251,-0.3930,10.3591,0.0231,20.4848,3
-0.0494,-0.0585,1.4650,9.7546,-5.1428,-3.5080,0
0.8257,0.1718,-0.7256,-15.1860,3.0156,-6.4262,2
0.7410,0.1855,0.9413,-164.7111,-127.3479,-66.2779,6
-0.3039,0.1919,0.5538,-1.0585,1.1412,-5.4079,0
1.1569,0.2376,0.0030,-10.0445,6.3092,-7.8956,2
0.8914,-0.0260,0.3515,15.9940,-18.3501,5.7331,2
-0.4898,-0.4285,1.1030,-16.6381,-15.9001,16.7729,0
-0.5084,-0.7734,-0.4297,13.8350,4.3673,17.7414,5
0.3296,-0.5349,0.8097,-14.9869,-2.8922,-0.8490,0
-0.6249,-0.9153,-0.4402,3.1339,-18.7749,15.3554,5
0.4315,0.2584,-0.8889,2.5112,19.4032,-19.5372,1
-0.2570,-1.0039,-0.4647,16.5098,-24.4757,-5.1045,5
0.6617,0.0446,0.3257,-5.8731,-5.6561,5.2203,2
0.8978,0.1511,-0.3091,-24.5581,-0.9339,-10.9260,2
0.3484,0.3416,-0.7110,0.4923,-1.6479,-6.6147,1
-0.3180,-1.0105,0.4499,18.3044,2.7630,0.9986,5
0.7129,-0.4027,-0.6983,-4.2893,-6.3771,-8.3305,1
-0.7397,0.1476,-1.0273,-11.8626,-6.6840,-4.8304,1
-0.7194,-0.1272,-1.1137,-0.6695,-9.0549,26.0935,1
0.4557,-0.6037,-0.0906,3.9869,9.9364,-14.5128,5
-0.0844,-0.6159,-0.8946,-15.5608,-10.3978,22.1771,1
-0.8043,0.2756,-0.1780,9.1950,-6.4928,3.8619,3
-0.0351,0.4828,-0.6332,4.3498,5.0931,0.9988,1
0.8437,-0.6580,0.8759,9.5527,4.0432,-8.9410,0
0.7572,1.2793,0.1147,-5.8397,0.9708,2.2139,4
-0.3995,0.5750,-0.4610,57.8107,-190.0839,144.9334,6
-0.7867,-0.1848,0.5277,13.4466,-13.0909,23.3132,3
0.1473,-0.0718,0.7560,8.4603,-4.2878,12.1180,0
0.7762,-0.1679,0.0039,23.9646,-32.0831,-50.7834,6
-0.2002,-0.5678,-0.8292,7.3605,25.4819,-10.3461,1
0.6685,-0.3025,-0.2678,-59.5310,192.2923,-96.7677,6
-0.2218,-0.9240,-0.0288,0.8217,3.1460,11.8356,5
-0.5874,0.4844,-0.9529,12.2668,1.7651,-0.5442,1
0.7378,0.6812,-0.4774,-18.4173,-12.2091,0.7046,2
0.3938,-0.0629,1.1716,-1.4515,5.9182,-16.3911,0
-0.5773,-0.0786,-0.8680,3.5565,11.4991,6.8587,1
0.2819,-1.3477,-0.2857,-15.7000,-0.4755,2.0485,5
-0.6899,-0.2983,-0.0191,-5.3138,-5.7999,-4.4246,3
-0.4662,-0.3480,0.9303,84.9380,37.0787,10.0729,6
-0.5658,0.9715,-0.4394,-0.1293,4.9765,6.1121,4
-0.0197,-0.8174,-0.8830,23.5038,-0.4844,-8.3396,1
-0.7134,-0.4523,-0.1667,9.9891,11.4275,-17.2664,3
-0.2489,1.1045,-0.4512,-8.1959,4.2347,-11.6844,4
-0.0320,1.3675,0.1646,-4.3048,-4.8371,-9.3458,4
-0.0041,0.0569,-1.2946,2.3160,3.7290,-0.9710,1
-0.7741,0.6725,-1.0055,0.3172,-0.5851,0.2186,1
-0.4193,0.8030,0.0478,0.2955,-3.6221,-3.9890,4
0.0899,-0.2256,-0.6675,18.6679,16.3136,-4.6846,1
-0.8785,-0.2014,-0.2624,-20.3089,-62.6419,-228.8147,6
0.4877,-0.7373,1.0434,65.0214,95.8199,156.1012,6
-1.0139,-0.9494,-0.3269,7.1845,5.8015,-0.6415,3
0.4650,0.8935,-0.3669,-1.4469,-19.2046,-5.8252,4
0.2884,0.9388,-0.4726,-11.8463,-8.2059,0.1064,4
-0.0454,-0.7249,-0.8211,3.7889,15.8671,-23.7947,1
0.2901,-0.3213,0.6548,3.8880,5.4242,-1.0437,0
0.5154,-0.2104,0.9168,7.3837,-5.6541,25.8513,0
0.0423,-0.1334,-1.0262,0.9231,0.3217,0.8956,1
0.8029,0.2685,-0.3035,-97.9682,-15.1470,-105.6999,6
-0.4103,0.3286,-0.8270,-3.8282,-7.0709,-0.6808,1
0.9363,0.1221,0.1496,2.1358,0.6823,2.1429,2
0.7224,-0.6577,-1.4760,198.4490,116.6592,-94.8262,6
-0.0619,-0.3776,1.2043,24.0585,-12.5071,-5.6830,0
0.0862,-0.8140,0.9233,8.9811,-1.5501,-12.6451,0
-0.5043,-0.9854,0.6050,-18.3219,18.4740,-6.9336,5
0.6685,-0.0809,0.5712,7.0163,2.0287,1.4489,2
0.1001,-0.4557,0.8093,-79.4154,-41.3185,-122.4617,6
0.8839,-0.2033,-0.4855,1.5612,6.9002,6.7075,2
-0.5846,0.1493,-0.7378,-3.3149,-1.1496,-1.1616,1
-0.2850,1.2933,0.0595,-15.3925,3.1954,-11.0340,4
-0.6692,-0.0522,1.0879,12.3918,-23.4737,-10.2252,0
0.6603,-0.7777,-0.1932,17.3740,2.5213,-11.4548,5
0.3461,-0.9908,0.3476,0.2530,-0.7668,0.9934,5
-0.4762,0.6826,-0.0607,26.4069,-7.6672,-4.8451,4
-0.8920,0.1039,0.9699,24.7785,15.2954,-5.6244,0
-0.9229,0.2794,-0.1046,-60.5934,-107.8956,90.1214,6
-0.2631,1.1100,-0.3928,-10.4977,-16.8805,2.6101,4
0.5217,0.8398,-0.3975,7.9371,3.4574,-3.6486,4
0.6988,-0.3720,-0.2684,13.0553,-0.7167,-2.9847,2
-0.3863,-0.3880,-0.7023,-1.9925,-14.7370,-13.0339,1
0.8385,0.8665,-0.7784,9.0893,5.8088,10.2843,4
1.0602,-0.8498,-0.0168,8.8465,20.6388,7.9677,2
0.3360,-1.2953,-0.1927,0.4611,0.7479,-0.3454,5
-0.9652,0.1492,-0.8405,-11.0879,-7.6441,-0.2881,3
-0.7667,-1.0497,0.4267,-3.7404,-2.1597,3.3465,5
-1.0963,-0.6454,-0.6297,1.7352,22.2283,7.5643,3
-0.7118,0.8799,-0.4150,0.5742,5.1579,2.6744,4
-0.7610,-0.9802,0.1743,224.1546,78.3259,-28.7638,6
-0.1798,0.7792,0.2409,-19.5716,-0.0683,-13.4316,4
1.3318,-0.4640,-0.2839,-76.7544,-142.7310,65.9518,6
-0.6310,0.3055,0.3809,-1.7283,0.6389,-16.2589,3
0.1898,0.0776,0.7132,-5.5436,7.3998,-21.9539,0
-0.6260,-0.1133,-0.4437,-4.5765,-4.5037,10.1446,3
0.6318,0.5576,-0.2534,-3.8016,0.3163,-29.6291,2
-0.0817,-0.9073,0.0781,-7.9888,-7.4231,-0.8418,5
1.1796,-0.0104,0.0631,-10.9222,2.9931,0.2967,2
0.9868,0.2821,-0.2796,0.0244,0.1701,0.1899,2
-0.5945,1.0598,-0.4009,6.0373,-0.5674,-12.7235,4
-0.3951,0.8068,-0.4695,-4.2465,18.8860,5.5103,4
-0.6163,0.1157,0.7307,-0.9905,-2.5869,5.4022,0
-0.4075,0.5514,0.6661,4.4504,-9.6216,4.9867,0
0.6780,-0.1942,0.9965,-25.5193,2.5030,6.6198,0
0.3669,-0.2054,0.6835,7.4242,-0.7728,0.5142,0
0.3005,0.3858,0.8111,14.0397,5.2644,-4.5230,0
0.6369,0.9646,0.4888,0.7353,-14.9955,8.5166,4
-0.3380,0.4881,0.7009,-10.6192,1.1908,1.4322,0
-0.0207,0.2253,-0.7678,0.1665,2.6378,-0.5492,1
-0.4000,-1.0248,0.5508,13.0634,-0.1238,7.9418,5
-0.4973,1.2077,0.3694,-1.9434,7.3031,-3.5209,4
0.2168,0.6466,0.8126,1.1566,5.0765,3.2365,0
0.3071,0.4968,0.6160,10.9248,21.9617,16.6727,0
-1.0060,0.1307,0.8794,-4.4231,-160.8313,-1.1683,6
0.4538,-0.5072,0.3890,20.2188,-4.6343,2.1249,5
-0.2252,-0.9681,-1.0610,-171.6986,20.3334,-170.5708,6
-0.3261,0.0473,0.8801,8.1950,-1.4374,3.3136,0
-0.5465,1.0383,0.6942,-21.2889,-8.5374,16.8677,4
0.7642,0.6093,0.5252,-0.7444,-6.0700,-3.7803,2
0.2161,-0.6934,0.3235,1.9706,-13.0292,14.7750,5
-0.6823,0.7132,-0.2105,69.5880,-15.4302,-130.3099,6
0.7969,-0.6573,0.0083,13.4552,13.8964,19.3374,2
-0.3016,-0.6393,-0.6185,1.3518,-17.6327,-2.8906,5
0.3908,0.0354,1.2153,14.8058,-17.4468,-4.6335,0
-0.4818,-0.1456,-0.4096,-6.4715,-2.8736,-6.8206,3
0.8047,-0.0085,0.9369,-15.2705,-2.2122,6.1709,0
-0.0705,0.6763,1.0537,68.8882,-29.5530,-70.1798,6
-0.1125,0.6358,-0.6512,-6.4891,11.0412,-0.4036,1
-0.8037,-0.5371,1.0722,1.3572,-21.7133,8.5775,0
-0.8611,0.8357,-0.6909,20.2982,-13.6413,-4.9563,3
0.8374,0.8605,-0.7137,14.8015,17.6603,3.8448,2
-0.3169,-0.1512,-0.9370,-146.4741,-44.7969,27.2793,6
0.5998,-0.4919,-0.2085,0.8519,1.3872,4.0095,2
0.4133,-0.7995,0.2917,-2.3701,-3.1946,0.6104,5
0.7809,-0.8231,0.1858,-2.5352,7.2892,1.7729,2
-0.0659,0.7703,1.0367,4.2281,-0.2320,-4.3419,0
0.3126,0.0319,-1.0922,47.6923,-188.4339,-111.5464,6
0.0646,0.7986,-0.1712,-0.3464,-0.9674,0.5529,4
-0.2469,-0.6910,0.2588,17.4719,2.5406,-21.4320,5
-0.9776,-0.6490,-0.1307,-6.7302,-3.1629,-10.4550,3
-0.4678,-0.1351,1.2545,-6.8880,-16.5402,17.9823,0
-0.4238,-1.0679,0.5854,-17.2826,14.8541,-3.5683,5
-0.7488,0.2425,1.0503,-7.2135,10.2142,-6.6089,0
0.7940,0.8125,0.6689,-11.7265,12.4932,-24.2128,2
1.2207,-0.6874,-0.2596,-57.9667,88.8928,29.0694,6
1.1771,-0.0098,-0.7866,-0.0725,-0.0536,0.2750,2
-0.2951,-0.3878,-1.1343,36.6964,-31.7809,90.6697,6
1.5625,0.6485,-0.3063,-48.3058,-224.0291,3.4252,6
-0.8801,0.7170,-0.2502,-0.6710,-3.4841,2.4212,3
0.2782,0.7420,-0.8995,-57.4179,35.9944,62.8772,6
-1.0510,-0.0060,0.2886,-42.7020,-45.8359,78.9686,6
0.7389,0.2408,0.5179,17.1218,0.3041,-19.5837,2
-0.2064,-0.3887,-1.0366,8.2287,-21.5972,-1.7146,1
0.8075,-0.9089,0.6261,9.2571,-3.7747,14.9938,5
0.6046,0.4820,-0.0195,-12.6549,24.9156,3.4894,2
-0.8581,-0.1090,-0.7228,16.9155,23.1003,-2.2638,3
0.2053,0.5034,0.9393,-6.6883,-24.8082,13.8194,0
0.0618,0.1041,-0.7383,47.3709,-40.5580,-127.4710,6
0.3285,-0.2915,-0.8441,2.1635,-47.8956,-125.2496,6
-0.6914,-0.0995,0.3524,4.8375,-4.8878,7.9050,3
-0.2071,0.6555,-0.6318,-25.4963,-6.5466,-10.6608,4
-0.5446,-0.6362,0.0262,8.3586,-17.9617,-8.5030,5
-0.4565,0.2270,0.8690,8.2220,-0.1590,0.5392,0
0.5329,0.0163,-0.5055,6.3887,-15.7977,1.5951,1
0.0084,-0.1511,-0.7637,3.5706,-1.3965,3.4671,1
0.0974,1.0789,0.8969,-10.0641,0.5269,-9.1993,4
0.6808,-0.8757,-0.6563,-7.1187,-4.6774,2.1967,5
0.9673,0.0251,-0.0084,-2.5025,0.3240,0.1266,2
1.1308,0.7507,-0.4556,0.5569,-16.3438,-20.1689,2
-0.8324,-0.4865,-0.6364,65.9274,50.3194,-215.0433,6
-0.7057,-0.5630,-0.1090,4.8534,7.2872,15.8667,3
0.6186,-0.3000,-0.5105,4.7118,-17.8632,-12.8071,2
-0.3897,-0.3164,-0.4649,-6.7805,-11.2115,7.2010,1
-0.7861,0.2428,0.0052,97.5759,65.9168,28.7006,6
0.2532,0.8300,0.4148,19.6573,1.6236,18.5909,4
-0.7954,-0.9594,-0.5219,5.9618,1.3846,-1.3114,5
0.1589,0.3715,-0.6743,17.3954,-19.5180,2.3042,1
0.5148,-0.1716,0.9041,3.8311,-0.4728,0.5852,0
0.3208,-0.7192,-0.2688,4.5407,2.1994,-13.4280,5
-0.0477,-0.2175,-1.0742,170.8640,40.7564,-160.8391,6
1.0624,-0.5565,-0.6353,18.5620,3.3483,-0.1545,2
-0.3887,-0.5883,0.3272,-16.9166,16.8263,10.7368,5
1.0376,0.9402,0.3489,-8.5496,14.3998,-13.9062,2
0.2470,-0.7468,-0.4605,-0.5451,-6.5129,-12.8477,5
0.2237,-0.5773,0.9127,6.5094,-6.9372,1.3563,0
-0.0758,-0.8672,-0.0865,9.3876,-13.0843,-15.4344,5
-0.3152,0.5460,0.7341,4.3160,1.7284,-4.7154,0
-0.5472,0.5035,-0.9905,-88.4702,-28.7139,-80.4999,6
0.0404,-0.9247,-0.1017,-10.7401,-3.2477,11.4469,5
0.5467,0.5735,-0.5485,0.4645,19.5937,-18.3801,4
1.1904,0.2463,-0.0081,-7.6123,-1.1080,3.3417,2
0.4264,1.1210,-0.6165,-0.4698,-0.8148,3.8305,4
0.3106,-0.2352,-0.5597,-4.1181,3.1385,-2.1889,1
-0.8743,-0.2423,0.9183,-8.1232,10.9440,-2.2447,0
-0.3229,-0.6812,0.5873,7.3879,-17.7826,-4.4528,5
0.7199,0.2226,-0.1908,2.4542,-0.3384,-9.8299,2
-0.5100,-0.6703,0.0438,-178.6503,-64.9976,-58.3769,6
-0.7199,-0.2994,-1.2223,103.2227,-62.5623,88.3232,6
-0.3420,-0.7393,-0.0148,1.5969,-2.8794,-2.5410,5
0.5682,0.5259,0.3932,-1.4449,-10.8514,2.1967,4
-1.1294,0.0014,0.3845,0.3568,17.5014,10.3583,3
0.4645,-0.5276,-0.5150,-6.0398,-11.5220,0.3309,1
-0.9741,0.5419,0.0997,2.2725,-3.1201,-2.6762,3
0.8049,-0.4545,0.6978,25.3225,-9.7151,-9.9916,2
0.8562,-0.2866,-1.0000,-20.0407,4.8338,8.5570,1
-0.0524,-0.2845,-0.7534,3.3514,-23.0032,4.0800,1
-1.0424,-0.3796,0.0904,3.9272,-27.9289,-1.3007,3
-0.4675,-0.4602,-0.7893,8.1965,-11.9468,-4.1426,1
-0.6775,-0.5438,-0.5695,-8.8851,-6.4924,2.9651,3
0.5943,-0.6833,-0.6444,-1.1601,-0.8912,0.5582,5
-0.2426,0.7829,0.7292,1.5299,11.5267,-16.9975,4
-0.6245,0.5771,-1.1143,0.4386,-4.0754,-1.9863,1
0.6122,1.0734,0.6727,69.0168,-62.7802,83.6795,6
-0.5503,-0.9084,0.4189,-53.9478,27.2533,11.9831,6
0.8744,-0.6638,-0.5052,-0.0432,0.1754,-0.0211,2
-0.9983,0.3711,-0.3594,-47.5450,-13.4592,64.7278,6
-0.2029,-0.0588,0.7263,-12.6912,-19.3866,13.0426,0
0.0274,1.2235,-0.6016,-154.8273,37.9784,7.4569,6
1.0664,0.0832,0.6586,4.0986,15.9111,12.0911,2
0.5113,-0.0359,-0.5961,-10.6642,-12.6731,-2.4313,2
0.3940,-0.8176,0.1456,-5.1122,-6.2122,-1.5527,5
1.1513,0.1868,0.4761,3.3352,-2.2368,-0.2559,2
-1.1334,0.7084,-0.4965,-113.2187,-57.0569,-9.4737,6
-0.8744,-1.0361,0.3775,-5.3384,2.9098,1.1906,5
0.6172,1.0959,0.3377,2.6326,3.8778,15.8059,4
0.5372,-0.6161,0.6807,-3.0903,-25.2509,13.8518,0
-0.6749,0.9501,-0.4943,75.0814,204.8571,-14.2504,6
-0.6724,-0.3218,-1.0324,-9.6728,-5.4760,5.7609,1
-0.6275,0.5741,1.1957,6.1878,1.5747,-6.8188,0
0.1289,0.1480,-0.9341,-0.9324,1.1873,-0.5608,1
1.1717,-0.5776,-0.4064,0.9310,9.9334,-3.4553,2
0.1540,-0.6446,-0.2888,1.0642,-12.2613,-22.4451,5
-0.2097,-0.3163,0.6053,1.3979,4.2479,-16.7630,0
1.0056,-0.9535,-0.4935,3.5734,-8.5874,-3.8961,2
-1.2255,-0.3363,0.0246,-13.1806,5.8747,-8.0595,3
0.7726,0.6684,0.3842,1.0833,-0.2681,-0.9014,2
0.1277,-0.9370,0.5279,5.4138,-0.2500,3.0249,5
-0.1716,-0.3155,-0.6468,19.8673,-13.1665,4.4589,1
1.2268,-0.3792,0.2856,-0.5134,0.2903,0.2592,2
0.5384,-0.5187,-0.2657,-6.5864,-10.2554,-3.5085,2
0.5540,0.3538,0.2043,14.8866,-13.2289,11.2557,2
1.1070,-0.0777,0.5071,1.2627,-2.1774,0.9086,2
-0.3230,0.6041,1.0886,-85.7741,-34.0992,-172.5282,6
-0.7582,0.9575,-0.4102,-0.5120,2.8208,-5.7838,4
0.2427,-0.8835,-0.2020,-5.6540,-5.0806,1.9411,5
-1.2461,-0.3071,-0.3060,-9.7515,-12.0959,18.7493,3
0.4031,0.5356,-0.4088,-1.9427,6.5571,2.6622,4
0.7065,-0.1630,0.9798,-161.2016,-83.8490,151.3496,6
0.2446,-1.0861,-0.3298,3.9950,2.0976,-2.0905,5
-0.3513,0.6477,-1.0558,14.0223,-12.0941,-2.5682,1
0.0222,0.7990,-0.6891,21.3706,-11.6931,0.0668,4
-0.9258,-0.8100,0.5855,-1.4090,9.5396,-9.4153,3
0.0867,-0.1258,-1.0596,0.1065,-0.0899,-0.1226,1
-0.1107,0.1528,1.1873,0.5043,4.0971,1.7362,0
0.4587,0.3961,-1.2371,-15.8458,-10.3135,0.1628,1
-1.0905,-0.0911,0.3994,-20.8356,-4.7656,7.7772,3
1.0444,-0.2322,-0.1822,20.6827,1.3040,-0.4952,2
-0.7357,0.2155,0.6607,-6.1863,-0.8154,12.5440,3
0.6508,-0.3871,-0.4813,12.0948,2.3405,1.0231,2
-1.0498,-0.5953,-0.1316,3.2244,-3.8576,6.0629,3
-0.1111,-1.1918,-0.8666,0.8147,-2.7991,-1.1949,5
0.8994,-0.4211,0.2742,-4.0401,-0.1300,-10.9249,2
-0.1108,-0.4351,-1.1983,3.4587,15.7340,10.4984,1
-0.4900,1.0323,-0.1641,-18.6993,-9.1451,-19.2786,4
-0.0309,-0.9553,-0.7354,-3.3533,-6.0794,1.9626,5
0.3956,-1.3000,-0.1413,-102.7751,9.9230,80.8194,6
-0.5242,0.3764,0.5868,4.3115,5.7838,-7.4733,0
-0.3637,0.4101,-0.6224,5.0653,0.9243,-1.5150,1
-0.4061,-0.5098,-1.1970,6.7964,6.5752,-6.5115,1
0.3045,0.6827,-1.0241,2.9903,7.6450,-1.1259,1
-0.5321,-0.1381,0.4849,5.2865,4.0666,-0.0550,3
-1.4931,0.1150,-0.7316,90.9316,-13.5822,114.2003,6
-0.0916,0.1476,-0.8136,-4.0202,-0.5523,4.9910,1
-0.5887,0.4241,0.0077,15.0689,1.1296,11.4985,3
0.2209,-0.0816,-0.9713,2.9424,4.3568,3.7082,1
0.6781,1.1501,-0.1263,-2.1851,5.4005,13.2881,4
-0.3157,0.4043,-1.1175,-6.3169,-3.6113,5.3458,1
-0.4971,-0.5781,0.6699,-6.4611,-19.8078,5.2062,0
-0.1360,0.8399,-0.7223,-4.8878,-23.2756,-17.2040,4
0.8345,-0.4448,0.5329,-133.8331,109.0166,19.8358,6
0.3020,1.1355,-0.1725,-2.7998,-22.8611,8.4380,4
-0.7734,-0.9171,0.8344,-3.2810,-7.6677,-6.2927,5
-1.0047,-0.0137,0.9136,7.2135,6.3398,-4.4608,3
-0.9382,0.4607,-0.4009,-11.0727,0.7885,2.2655,3
-0.7121,-0.5176,-0.0545,-2.4715,-4.8423,8.8882,3
1.1609,0.0056,0.2410,-11.2456,-16.3041,21.4563,2
0.5294,0.6941,-0.6758,-1.9803,7.0802,-3.4628,4
-0.0327,0.3572,-0.7441,-0.8611,7.9833,6.0202,1
-0.6971,-0.2496,-0.6821,8.8266,-6.6592,6.6374,3
-0.4411,0.6102,0.2435,-11.8749,-11.8337,-1.6855,4
-0.5578,-1.2807,0.4532,-4.6282,5.2705,5.1821,5
-0.1284,0.4143,-1.0423,-19.2598,-11.6551,5.2110,1
0.1842,-0.8246,0.6168,1.2684,-1.8577,-0.0087,5
-0.8954,-0.7281,-0.9101,3.8615,-3.8045,12.6001,1
-1.2724,0.3586,-0.2135,-4.7676,22.6450,-6.6564,3
-0.6660,-0.7681,-0.1771,4.3011,23.2536,1.6795,5
0.6720,0.2388,1.2902,1.0837,-4.0015,0.0719,0
-0.0977,-0.2919,0.8331,0.0226,-0.0416,-0.1482,0
-0.2102,0.4378,-0.4730,-3.6924,3.3294,6.7234,4
0.4591,-1.2381,-0.2500,-3.2785,-6.2526,-4.0248,5
0.6847,0.4581,0.0630,4.5171,0.5944,16.5065,2
-0.8292,-0.4184,0.2980,-2.9998,-0.6313,24.5313,3
-0.3952,0.4335,-0.5197,-20.4184,-10.2542,-12.0170,1
0.8913,-0.1864,-0.1401,-107.6541,155.8591,-140.3710,6
0.4950,-0.4726,0.3136,-0.7734,1.0978,1.9007,2
-0.2508,0.4786,-1.0976,10.0497,-4.7538,-9.4488,1
-0.4322,0.4849,0.3158,24.7465,-4.8909,-8.7470,4
0.1676,-0.0172,1.2530,-19.6120,2.7707,-6.7669,0
-0.8857,-0.8794,0.1082,-6.4487,-0.4485,-6.6655,3
-0.7630,-0.9887,0.4218,-2.1483,-3.4122,2.4337,5
0.4261,-0.8114,-0.4391,-176.8272,45.2524,-24.4057,6
0.9672,-0.2026,-0.4465,11.6467,13.8965,23.3076,2
0.5376,-0.4281,-0.9675,3.6031,-9.3631,-2.9290,1
-0.4857,0.2303,0.6461,-0.1646,6.6187,9.0630,0
0.3378,0.2208,-0.1137,87.6204,-46.1343,85.9741,6
-0.2690,-0.6064,-0.7735,23.4519,12.7537,-0.4709,1
0.1934,0.2416,0.9996,10.2703,-11.1831,-3.6901,0
-1.2136,0.7539,0.2115,-5.4551,9.8040,-4.9195,3
0.4538,0.8139,-0.8348,0.6381,18.8002,19.4638,4
0.5465,-0.0586,-0.7080,-10.2121,-13.5202,-4.6769,1
0.2664,-0.0058,-0.7284,8.9812,-5.6451,-10.9874,1
-0.6883,0.0536,0.0780,-7.6795,-15.9034,-13.7248,3
-0.0659,-0.6368,-0.3480,-6.9626,-17.8832,-1.8197,5
-0.1714,-0.6661,-0.1421,-78.1274,84.5454,-58.3386,6
-0.7151,0.5700,0.4610,-5.0825,-1.2293,-5.1312,3
0.6356,0.9872,-0.1476,27.1053,-16.2101,59.2101,6
0.4741,-0.4094,1.0583,-3.9838,-8.7964,-12.3859,0
-1.1768,0.2457,0.4982,105.9500,0.2654,71.0488,6
0.2097,1.3134,-0.4550,8.0454,-17.3866,6.8878,4
0.5724,0.7605,-0.0920,1.8453,2.4124,1.0465,4
0.4849,0.7146,0.3551,-6.7614,-14.4437,-4.2529,4
0.9561,0.0344,-0.0040,9.4678,13.6520,-23.9515,2
1.3093,0.0201,-0.0430,56.9524,-15.9958,-19.0048,6
0.6521,0.2994,-0.7398,24.2308,1.6790,-5.8221,1
1.2482,0.6907,-0.2248,11.0467,-4.2906,-11.2227,2
0.5300,-0.3540,-0.1457,1.3859,-23.0608,8.8232,2
0.2964,0.6899,0.2061,13.3371,19.9983,4.2185,4
0.1179,-0.3112,0.7590,-1.7249,-8.8593,11.1332,0
-0.7076,0.1601,0.5487,2.1192,-8.1662,8.3651,3
1.3521,-0.4813,0.0764,-7.0743,3.9834,28.3496,2
0.0212,-0.7252,-0.3652,-3.7431,19.1358,7.8919,5
0.2551,-0.8094,-0.2117,19.6465,14.5582,3.2741,5
-0.0741,-1.3801,0.0766,18.9832,1.6277,-4.9221,5
0.4281,0.0050,0.6516,-10.0200,1.8804,-0.2154,0
-0.0267,0.5857,-0.8971,6.8512,-2.3731,-1.7303,1
0.8275,0.5890,-0.2429,10.3634,-8.4900,0.2728,2
-0.7765,0.4868,0.3195,2.7291,-6.5572,9.6872,3
0.1628,-0.2349,-0.9344,-9.9213,-0.8969,1.6591,1
0.9043,-0.1264,-1.1691,16.7057,0.2027,-0.5636,1
0.8732,-0.3752,1.3271,44.4316,19.5661,54.0222,6
-0.2395,0.4723,-0.8171,-8.0808,-12.6473,2.6114,1
0.0296,0.6462,0.8205,6.8490,-0.9186,9.4950,0
0.5619,-0.5076,-0.1942,46.2837,43.1085,-6.6043,6
-0.6182,0.7479,-0.4242,107.3612,61.0057,-2.8802,6
-0.2609,0.0430,-1.2064,2.9703,3.4052,23.4353,1
0.0409,0.9773,0.8992,-2.9749,16.9726,5.5971,4
-0.2707,-0.4727,0.8788,1.0850,-0.5049,-6.4190,0
0.3030,0.8538,0.6920,-11.0987,-9.9041,-10.3239,4
0.4992,-0.6374,1.0126,17.5507,2.4871,0.6709,0
0.2758,0.9103,-0.9495,-12.5972,2.5016,18.7924,1
-0.8519,-0.1218,0.8074,-13.0059,15.5909,2.1592,3
0.1782,0.5424,0.5391,-2.7326,6.5876,1.3717,4
-0.1577,-0.6999,0.4770,-1.5438,9.6436,-1.1262,5
-0.4486,-0.0822,0.5982,2.7557,-1.3141,-1.7022,0
-0.0297,-1.3672,-0.2118,0.1803,3.0854,10.5466,5
-0.1153,-0.8553,-1.0714,9.1003,-5.8635,12.9468,1
-0.6177,-0.1064,-0.6239,-15.6347,12.1368,-20.5766,1
-0.5021,-0.2181,0.7300,-7.4353,8.4534,6.2349,0
-0.1374,0.5831,-0.7459,-10.0786,10.7178,7.5119,1
0.2845,0.2771,-0.6826,15.3866,7.0027,-1.8479,1
0.3558,0.8054,0.8679,-2.7506,-6.7405,11.7044,0
-0.8847,0.0093,-0.8714,-122.6170,-119.6861,168.1284,6
-0.1247,0.9713,0.4814,-50.8896,73.5439,7.2624,6
-0.2893,-0.5708,0.4758,8.1396,-0.3063,-17.1351,5
0.0426,-0.7973,-0.4896,-13.2721,25.9500,-4.2972,5
0.8835,-0.1529,0.5631,-1.1885,-1.7080,1.2783,2
0.1517,-1.1114,-0.5997,170.2318,-7.7005,-99.9268,6
0.2383,0.1716,-1.2526,-3.2663,-15.1065,22.6236,1
-0.4189,0.3717,1.0565,-8.9272,-3.5580,0.0903,0
-1.2355,-0.1133,-0.2221,-8.5577,0.2931,-1.6726,3
-0.2241,-0.8586,0.5870,18.3961,17.9157,15.4468,5
0.6849,0.3636,0.2257,3.1553,-0.4498,-1.8310,2
0.9446,-0.4026,-0.7462,10.2312,26.3430,3.7694,2
0.4580,1.1422,-0.4747,-4.4220,5.0521,5.7872,4
-0.0618,1.1351,-0.9369,4.2682,-2.0393,-11.1575,4
-0.5091,0.6015,0.0810,-0.1905,2.9206,6.1525,4
0.7732,0.5346,-0.3585,-110.1112,-37.6305,93.6011,6
1.3380,0.3582,0.0286,4.0883,-7.5524,-15.7564,2
-0.0116,-0.1505,-1.2767,-4.6071,4.5718,-21.0870,1
0.5846,0.9681,-0.0319,2.5243,0.7007,-0.7214,4
0.7847,-0.3816,-0.3146,6.2721,27.8103,-0.5768,2
-0.5630,-0.1944,-0.6734,9.3460,-9.8368,-1.6502,1
0.3495,0.9163,1.0519,-12.1516,-2.6412,-12.6072,0
-0.8289,-0.6318,-0.0453,-3.2023,-17.5624,-10.6206,3
-0.7221,0.5326,-0.0442,-6.6672,3.9911,-10.1280,3
0.5062,0.4435,-0.1036,-1.4288,2.7391,-11.7274,2
0.4787,-0.5518,0.5508,-15.4557,14.4200,20.4688,5
-0.3815,0.3112,0.7185,0.0761,-0.6055,-2.3068,0
0.0901,-0.8858,-0.6419,2.6838,0.0327,-0.9253,5
-1.2695,-0.1624,0.7459,2.2933,5.0291,4.7405,3
0.5709,0.0186,1.1346,-0.4309,2.3968,1.6136,0
-0.6170,-1.1117,0.4871,1.9649,8.6481,-5.6156,5
0.5413,0.8311,1.0143,8.0303,-1.0273,-1.4248,0
0.5760,0.1465,-0.3380,-15.6606,-23.5532,-3.1550,2
0.4946,-0.4863,0.1689,-2.2495,24.8650,2.2966,5
0.1754,-0.8542,-0.7314,-1.2229,2.4845,-4.4151,5
-0.0238,-0.8086,0.1314,-4.5818,-16.1311,-11.3796,5
0.5223,0.5096,0.1726,-24.5427,13.8816,-4.4353,2
-0.3670,-0.9740,-0.5734,3.6139,-6.0784,-18.8085,5
1.2859,0.0975,0.5430,0.6879,0.5770,-1.4456,2
0.0718,-1.0482,0.3612,-1.1357,1.3754,-0.4994,5
-0.9423,-0.3620,-0.0451,-14.1342,4.1533,-2.5569,3
-0.4493,0.9362,0.0201,-69.9239,61.6667,-77.7620,6
0.7356,0.8997,0.1782,-2.5746,1.0552,5.5065,4
0.8960,0.1958,-0.3722,3.9762,4.6218,1.7907,2
1.0387,0.2547,0.0481,2.2374,1.6641,-2.8915,2
-0.4733,-0.7501,0.8470,-14.4103,6.6657,-8.8351,0
-0.9957,-0.0969,0.9600,3.4023,4.3551,-7.8913,0
-0.5755,0.8640,0.3565,-19.7220,-3.6975,-1.6533,4
1.0928,0.2987,-0.4655,-2.3576,-1.9221,-1.4711,2
0.7202,-0.3841,0.0212,-11.9186,-1.2540,-10.1997,2
0.2079,0.9902,-0.3830,5.0590,18.1581,4.6204,4
-0.8156,-0.1731,1.2309,-0.2761,-3.6210,6.5601,0
0.3634,-0.1721,-1.1584,1.4030,-6.7259,4.0346,1
0.2243,0.7223,-0.5532,4.3530,11.6726,-8.4798,4
0.2078,0.5892,-1.0673,-2.9325,-2.4483,-16.9412,1
0.1249,0.1930,-1.2238,-6.0398,2.8014,-3.2915,1
0.5023,-0.3951,-0.9091,-0.9527,-4.4364,-14.3364,1
-0.7838,0.3194,0.3727,-0.0108,0.2005,-0.3901,3
-1.1458,-0.4614,0.4435,2.2588,1.4077,2.7595,3
-0.6543,-0.4314,0.4927,-4.7702,22.2448,-10.4834,3
0.0431,0.5440,0.5753,2.5673,-2.2609,-17.6452,0
-0.8651,0.5132,-0.9881,-12.2538,-25.5087,5.9037,1
-0.9795,0.5728,-0.9520,-1.9310,3.7291,-0.4274,3
-1.0453,0.3134,0.4254,-4.0965,-1.6690,7.4348,3
0.0094,0.6510,0.9408,6.1583,-0.7533,-6.4449,0
0.6053,-0.7800,0.9341,20.0256,-2.6481,-2.8067,0
-0.5791,0.2677,-0.6643,-3.0553,7.5996,-25.3332,1
0.4224,0.4396,0.4228,8.5725,-10.1906,-2.4610,4
-0.2575,-0.6970,1.1467,6.7732,-51.7947,-39.1113,6
1.2500,0.4221,-0.0729,1.8075,-0.8245,8.0481,2
-0.2456,-0.1954,-0.7026,9.6458,11.9613,11.5056,1
0.0316,1.0203,-0.0257,-0.7406,4.0559,1.3352,4
0.6835,-0.3695,-1.1274,0.8007,2.9729,0.4124,1
0.5061,0.6727,0.9594,-9.9378,-13.2051,8.0711,0
-1.2391,0.2025,0.0787,-91.1616,87.3925,-50.3506,6
0.5578,-1.0919,-0.0760,-1.2118,-6.4585,-0.0978,5
0.7023,-0.3146,-0.4365,0.2831,-8.1457,2.3877,2
-0.1513,-1.2702,-0.7266,0.5291,-1.6105,1.6434,5
0.1361,-0.1105,0.8035,5.8513,3.8695,9.1713,0
-0.4634,-0.0206,-0.7407,-14.9222,-21.2206,7.3900,1
0.1448,0.8740,0.2677,-0.3411,-215.1517,-113.5187,6
0.0207,0.6928,-0.2541,4.9561,5.6045,10.7275,4
-0.7139,-0.1467,1.1252,-4.3496,-16.1932,-13.6027,0
0.8035,0.4885,-0.0361,-9.3192,9.8685,4.5846,2
0.4727,-0.8332,0.3700,-4.9590,-14.7177,-2.9028,5
-0.4646,-0.8188,1.0032,-46.5868,13.1601,-54.6114,6
0.6577,0.6748,0.5705,-147.6519,-84.6750,63.8791,6
1.1546,0.0589,0.0032,18.0070,-21.4019,-7.5753,2
0.3771,-0.2745,1.3120,-13.8257,2.3375,-4.7036,0
0.8835,-0.6733,-0.5603,-16.3338,2.8308,-23.5898,2
0.3680,-0.7160,0.4224,-51.0576,21.2546,-146.8349,6
-1.0370,-0.2105,-0.7396,1.8432,-21.5952,-20.0095,3
-0.8668,0.5439,0.2095,-1.5013,-0.9519,1.8815,3
-0.8471,1.2298,0.1194,9.0893,-7.3757,-19.4090,4
-0.0965,-1.0896,0.5087,193.0815,-151.1503,31.3954,6
-1.0585,0.4845,-0.2035,-93.7249,-72.0965,-30.8333,6
-0.3897,-0.5706,0.6424,-10.8769,13.7981,17.1419,0
-0.0657,-0.9090,0.3236,-29.7594,38.2266,-52.4683,6
0.7529,0.8996,-0.1856,-37.2323,157.3379,-163.7256,6
0.3462,0.8297,-0.1150,1.2194,-0.2310,-1.5397,4
0.3955,0.5255,0.3970,11.3491,21.6496,-15.1377,4
0.0486,-0.8532,-0.0996,17.1677,6.2534,-11.4397,5
0.4192,0.2151,0.8795,174.6980,127.9985,42.2940,6
0.5521,0.0286,-0.7002,1.3423,-6.6638,-0.3433,1
-0.3215,-0.1576,1.1989,-4.7118,12.3337,-23.5460,0
0.6059,0.9320,0.8985,2.0134,0.7774,-2.3437,4
-0.2337,0.1895,-0.7881,13.1385,4.7306,12.9130,1
0.4991,-0.3057,-0.3567,0.1517,-0.0264,-0.1893,2
0.6056,0.6588,0.3976,5.4717,3.0716,7.6716,4
-0.3131,-0.5533,1.0038,-12.4621,-14.5643,-9.1364,0
-0.0740,1.0682,0.8230,98.4773,-90.8908,-44.1014,6
-0.5071,-0.3963,0.5641,-5.0849,-0.4959,13.2324,0
0.7687,0.5738,0.7200,68.9139,-56.4522,17.8941,6
0.9634,1.1094,-0.4548,-33.8358,-60.7060,-30.5761,6
-0.9250,-1.0398,0.1520,9.1337,8.9143,1.0555,5
-0.4219,0.0998,-0.9303,-4.1616,13.9072,7.2534,1
0.0365,0.9954,-0.7501,13.6167,-3.8706,-6.9368,4
0.5550,-0.6719,-0.1799,-25.8706,-0.0755,-14.3289,5
-0.1608,0.3363,0.8869,10.4966,-7.4319,19.3647,0
0.2376,0.0851,-0.6257,-24.0497,-13.7069,-4.1190,1
-0.9830,-0.4463,0.2103,-26.5424,100.6588,-68.2519,6
0.2645,-0.8478,-0.4231,7.4345,-1.0251,18.1482,5
0.4982,-0.5086,0.1350,-0.2829,-5.4268,1.9299,5
0.5171,-0.8111,-0.9230,-1.0003,-1.6656,1.5428,1
1.3804,-0.0378,-0.3186,-2.8274,-4.5951,-4.0521,2
0.1268,-0.4766,1.0020,-3.2800,2.7352,-17.1279,0
0.6919,0.6934,-0.4647,1.5792,-2.5009,2.9042,4
-0.4975,0.5655,-0.3557,-0.0021,0.0659,0.1422,4
0.3385,0.5827,-1.3709,13.9999,-3.2595,-9.2775,1
-0.0861,-0.6987,0.7094,-1.8122,-16.6814,0.3280,0
0.8968,0.6007,-0.3901,-9.2662,-17.3267,-15.2292,2
0.3259,-0.4056,-0.5509,-1.5903,8.3709,-1.5999,1
-0.3285,-0.4385,-0.4968,5.2179,-21.4793,1.5493,1
-0.1348,0.8428,0.8981,6.5054,-13.2923,-9.7989,0
-0.2840,-0.8289,0.7745,7.3014,-25.1643,-0.6599,5
-0.2872,-0.0932,-1.2379,-43.2939,-100.7727,-124.3381,6
-0.9788,-0.0701,-1.1058,-1.1646,-0.7661,1.0558,1
0.7155,-0.3410,-0.2775,-21.8819,16.0995,-4.1429,2
0.5322,-0.4611,-1.0780,14.4381,10.2458,-140.7540,6
0.2363,0.2651,-1.3453,-0.1196,-2.7455,18.7144,1
0.1185,1.1859,0.2338,10.0187,-12.5752,-2.0566,4
-0.5013,-0.4984,-0.3953,-8.6232,8.4721,19.1050,5
0.9305,0.2309,0.5220,17.4288,-0.9331,13.4847,2
-0.0284,-0.4613,0.7962,-5.8461,-11.0685,-1.3108,0
-0.9134,0.2100,-0.4610,10.4786,-8.3211,-15.4761,3
0.0661,0.0807,-1.4120,-14.4910,21.6244,1.3711,1
1.1092,-0.3408,0.3187,3.8185,-2.9723,28.7130,2
-0.8125,1.0278,0.0706,-1.4095,1.0689,6.4605,4
0.5725,-0.6615,-0.2108,1.4077,-6.9536,-3.0714,5
-0.3606,-0.7961,0.1010,9.8779,-5.0423,4.3248,5
-0.3517,-0.0693,-1.0596,-3.5985,-18.9355,14.6360,1
0.3985,-0.8411,0.0911,-120.7968,-52.3791,-112.5720,6
-0.3092,-0.9071,0.5607,14.7343,5.1026,7.9675,5
-0.7868,-0.5071,-0.1746,0.1244,-0.2999,0.1780,3
0.5421,-0.7153,-0.1490,1.9065,14.5491,-22.9688,5
0.2503,1.5902,0.3459,15.1322,-109.3196,-67.1179,6
1.2216,-0.2340,0.0781,5.3428,16.6961,17.1265,2
0.0754,-1.2692,-0.0418,-18.8663,-2.6805,9.9606,5
0.7100,0.8747,0.0287,9.5832,-3.6498,-2.7687,4
-0.2292,0.4381,-1.1032,-3.3485,-10.2790,-27.2767,1
0.8775,0.8221,-0.0562,-8.5043,5.0043,2.2362,2
1.0545,0.7338,-0.0953,-8.1764,5.9757,6.3051,2
-0.8162,0.0619,0.1057,10.0655,-3.9907,4.8320,3
-0.5021,-1.2441,0.3010,-3.1483,-2.3174,7.8129,5
0.0700,0.2420,-1.0934,-0.3940,2.5516,1.7479,1
-0.5447,0.9585,0.6260,0.2751,1.7645,0.3856,4
-0.6531,-0.1331,0.1557,-182.1941,30.7355,107.6760,6
0.1763,0.9142,-0.0399,-4.1599,-9.1980,18.8113,4
-0.8300,-0.4026,-0.6080,24.4903,-7.1957,-5.4980,3
0.1523,0.8010,-0.1967,13.8849,-56.8890,-92.7032,6
-0.9502,-0.3384,-0.3983,-6.8302,4.4150,-0.8702,3
-0.7422,0.2250,1.0748,0.5286,7.4193,-0.7879,0
1.1535,-0.6220,-0.7416,9.3316,-8.8960,-10.0024,2
-0.6114,-0.1760,0.7881,-1.8336,-1.1373,-0.0757,0
0.4056,0.8299,-0.5582,-0.3414,2.4581,-3.8938,4
-0.0508,0.5002,0.6821,6.3688,2.0644,-14.0340,0
0.4099,-0.0379,-0.7591,8.7956,-2.8898,2.7686,1
0.2129,0.8206,0.5187,179.2379,84.5798,86.9947,6
1.1072,0.2628,0.4726,-1.9162,-164.3684,6.3929,6
0.9695,0.8475,-1.0542,-114.5997,61.5087,132.1847,6
0.1648,0.3918,-1.0029,8.8832,-6.9730,-4.9232,1
0.0311,1.1846,-0.8034,-1.4479,-21.5621,10.5858,4
-1.1616,-0.1084,0.3469,-13.8141,18.4537,-1.3079,3
-0.4828,-0.9321,0.6916,-5.3433,3.9477,2.0148,5
0.9984,1.0391,-0.2407,11.0739,3.8878,-8.8941,4
-0.6021,-0.0255,0.4349,-0.8174,-3.2490,0.9801,3
-0.3497,0.6662,1.2002,-14.6811,13.7833,11.4394,0
-0.1234,0.6207,0.7313,12.2059,-7.9905,18.1512,0
0.4042,1.2369,0.5357,-1.6000,-1.6816,-1.3597,4
-0.6826,0.1905,-0.0812,24.0773,-1.2019,-11.1938,3
-0.8322,0.2200,-0.1916,-0.3990,-14.5619,4.6133,3
1.2369,0.1628,0.2547,9.9111,2.7504,-4.9119,2
-0.5604,-0.4123,-0.8660,1.5505,-0.3713,1.4075,1
0.2537,0.3746,1.5586,55.5496,86.1034,78.6850,6
0.8530,0.0187,0.2207,11.3760,5.3141,16.9876,2
-0.0271,0.4194,0.7309,24.4652,-1.2917,7.1481,0
0.5550,-0.2494,0.6084,-2.6022,3.1315,-1.9925,0
-0.3373,-0.4738,1.2480,-16.7987,11.1859,18.1761,0
0.4397,-0.7498,0.7004,-4.0904,4.0485,5.6133,5
-0.2941,-0.6184,0.1589,8.2751,-9.9066,-3.2386,5
-1.2220,0.0526,-0.7092,-0.0430,0.0223,-0.3776,3
0.6433,-0.2485,0.8557,1.8432,0.2061,-9.9974,0
0.8364,-0.4598,1.1205,4.8608,2.3273,-1.8643,0
1.1323,-0.1236,-0.1983,6.0590,-13.1540,-0.0645,2
0.0594,-0.8487,0.4200,164.9395,122.8365,-10.5612,6
-0.5867,-0.0770,0.7953,-0.0916,2.2858,3.4902,0
0.7040,-0.1335,0.6777,-4.5560,-4.7371,-5.8045,2
0.6797,0.3539,-0.4534,102.9895,40.4724,38.3174,6
0.7398,0.1724,-0.2014,5.8383,-10.1341,-15.8891,2
-0.4973,0.3215,0.9593,15.7161,-9.6916,-8.6390,0
-0.8459,-0.3383,0.4335,0.5230,2.3327,-1.6402,3
0.6125,0.6219,0.5530,-3.0860,-12.4258,-4.9418,4
0.3508,0.7459,0.2570,0.6671,-0.2606,-0.0103,4
-0.6167,0.2586,-0.7019,-94.5146,172.9515,29.3804,6
-0.4594,1.0470,-0.9719,-10.3129,-11.4973,-2.5821,4
0.8451,0.5645,-1.0842,-5.0319,18.6151,-15.1002,1
-0.6555,1.2321,-0.5107,-7.3139,-1.1300,-4.5225,4
0.3715,-0.7721,-0.1552,10.1575,7.2045,-14.5362,5
-0.2209,1.8405,-0.3906,-77.5326,-20.3753,176.7113,6
-0.0143,-0.2493,-0.7995,-0.5171,-2.8835,0.9219,1
-0.9228,-0.3408,0.1361,-23.5993,0.0059,9.2147,3
-0.0862,-0.9310,0.4823,-1.6584,3.5038,-6.5083,5
-0.3936,-0.7865,0.3766,-4.2568,-5.6565,1.5665,5
1.4058,-0.2536,-0.2160,0.9890,4.3028,9.0873,2
-1.1529,0.0148,-0.7122,102.0979,15.5090,6.4671,6
-0.6109,-0.8453,-0.5943,-10.8443,-6.9002,-2.8210,5
-0.4091,-0.7453,-0.0413,-5.1253,12.0256,-16.6049,5
-0.3473,-1.3055,0.1788,7.1607,-4.5350,-9.1710,5
-0.7059,-0.5010,0.5105,4.7076,-3.8521,6.8667,3
-0.0751,0.0225,-0.8990,-14.5339,0.7907,3.5344,1
0.1859,-0.6706,0.0350,-11.9260,-2.9128,-2.3654,5
0.0339,0.1659,-1.2471,-0.2446,-0.0170,-0.1676,1
-0.2642,-0.5583,-0.4571,9.5412,13.4969,-8.1170,5
-0.8159,0.0517,0.8499,-9.4016,16.8885,20.3421,0
0.2179,0.7399,-0.7960,4.7165,-23.8829,8.6896,1
0.3453,0.5611,0.4391,3.5954,16.7324,-1.9315,4
0.3442,0.7535,-0.3211,-19.8913,-3.9201,-6.7972,4
-0.0005,0.2203,-0.8346,-1.3042,20.5295,-15.4215,1
1.1374,-0.6067,0.3567,-11.3813,-2.4559,27.5759,2
0.6515,-0.6479,0.5492,-13.1714,-18.0107,-1.3909,5
1.1576,-0.5356,0.3465,-18.4110,14.4601,-7.0084,2
-1.3979,0.0048,0.0422,-9.5011,-9.5676,20.6779,3
-0.7529,0.1778,0.1046,-22.0433,0.3270,15.2427,3
1.0036,-0.3641,0.3243,3.5416,-3.3692,-5.3881,2
0.1906,0.9109,0.1430,-2.6893,-1.2454,2.1758,4
0.5341,0.3322,1.1478,-15.4702,4.1107,18.5849,0
0.6864,-1.0168,0.4436,-0.0209,3.6783,-0.9412,5
0.9355,-0.0624,1.1533,-5.3034,10.6212,0.1559,0
-0.0366,1.1725,-0.0853,-3.6351,-9.5233,-17.5459,4
-0.0523,0.2838,0.9648,-17.8144,-6.5401,-9.4713,0
0.5015,-0.5208,-0.2318,3.1390,1.5983,-1.9830,5
-0.6441,-0.1305,-0.9143,-8.7488,8.4737,27.2827,1
-0.3325,0.7854,-0.9123,-13.4020,-18.6537,-8.3116,1
-0.1708,1.4078,0.2691,-148.3937,109.0056,1.1316,6
0.6518,1.1529,-0.6296,-0.9567,2.6094,4.2454,4
-0.8236,0.2348,-0.9054,15.5975,-10.4674,0.6741,1
-0.3476,-0.5900,0.9277,-2.6689,-20.3572,14.7036,0
0.4389,0.4993,-0.8358,8.5422,12.5015,-4.9516,1
-0.8587,0.4675,0.7757,-2.0771,142.3166,-165.6101,6
-0.0302,1.0058,-0.2919,4.2168,-28.4048,3.2082,4
0.4984,-0.9097,-0.1082,-55.1781,-65.9671,-61.7935,6
-0.9650,0.6819,0.8959,-0.9006,2.9074,1.6199,3
-0.6621,-1.1429,-0.6547,-9.6557,8.2664,7.5726,5
0.3940,-0.4561,-0.4964,-0.4048,-5.8840,-0.2293,1
0.3618,0.8553,0.4947,1.5497,0.5921,-2.4847,4
-0.6000,-0.4763,-1.0774,-9.5688,-18.7634,12.4947,1
-0.6003,-1.0454,-0.5862,1.6026,5.0451,-5.0820,5
0.7473,-0.8676,0.0720,-3.5327,22.1074,3.3985,5
0.5464,-0.4250,0.3820,-0.0191,0.3967,-0.0243,2
-0.2215,0.3985,1.4406,0.7662,19.4371,7.6634,0
0.0772,-1.4306,0.0350,0.1851,-0.1437,0.1732,5
0.2046,-0.6733,0.1936,-7.1463,14.9045,-9.6874,5
0.8495,-0.6956,-0.5747,-14.7765,-0.6922,3.8896,2
-0.2748,-0.0502,-0.6707,-8.5769,-7.8078,5.9641,1
-0.0367,0.2943,0.6359,99.9836,-149.5819,-22.1522,6
0.8678,-0.4346,0.1255,-16.2274,4.4757,-20.8147,2
0.2545,0.3816,-0.7486,14.4747,-18.9111,11.6121,1
-0.4109,0.7521,-1.1278,-22.7861,9.8060,3.4599,1
-0.0368,0.1743,1.1762,-8.1549,-2.5775,9.8014,0
-1.1937,-0.5550,-0.4577,9.1727,-186.2207,-128.5451,6
-0.6000,0.1741,0.8794,-7.7686,4.4427,-4.2440,0
0.0869,-0.7653,0.6296,-13.2770,20.9626,-3.1693,5
1.3703,-0.7307,-0.4832,114.4315,172.0509,53.2632,6
-0.3172,0.1718,1.2140,10.7024,-2.4602,-5.7502,0
0.8791,0.2747,-0.9350,7.9606,2.2026,-26.1667,1
1.1509,-0.4063,-0.0642,14.3926,12.5894,-8.5215,2
0.7703,0.7848,-0.4887,-0.2411,-1.4860,-1.0994,4
-0.9626,-0.9447,-0.1048,0.5968,0.9502,0.1804,5
-0.6818,-0.5083,0.0817,-112.8226,-65.0466,95.0203,6
1.2320,-0.5098,0.5660,1.2439,0.8543,0.2652,2
0.6646,0.6460,0.4742,-0.5880,11.4872,24.6883,4
0.5796,-0.9745,0.0819,11.1038,-4.8208,-11.6122,5
0.6572,0.8078,-0.4575,-19.5147,0.7787,-18.9645,4
-0.1078,-0.5906,-0.5789,-12.3282,-4.5324,14.0592,1
-0.2761,0.5249,0.7869,-133.7417,-38.6082,-167.5773,6
-0.6136,-0.6706,-0.1828,55.5894,221.0905,29.3792,6
-0.0546,-0.7379,1.0193,0.3462,-9.5246,-12.2826,0
-0.2965,0.8416,0.5164,2.6558,-3.9731,-8.6243,4
-0.3814,-0.8644,0.6631,2.9510,1.1599,0.6581,5
0.8260,-0.4866,-0.4395,-6.7835,24.6667,-3.6334,2
0.8424,0.4848,0.1838,11.3544,-7.6643,-19.3381,2
-0.5267,0.9150,-0.7808,-3.3117,9.1599,-19.0225,4
0.5999,0.7183,-0.7932,-16.5144,-1.9100,1.8335,1
1.1470,0.0570,0.5859,10.5842,-19.3336,99.2929,6
0.0091,0.6876,-0.7866,-3.9260,7.6997,-3.0159,1
-1.0179,-0.5247,-1.0602,-14.0044,37.5377,-55.4055,6
-0.3035,0.4223,-1.2272,-3.1733,-3.8041,26.1158,1
0.5870,-0.0046,0.8163,-10.9340,-7.4921,-4.8771,0
-0.3735,-1.2737,-0.0022,18.3272,2.3997,7.0312,5
-1.2381,-0.1845,0.5325,22.8430,-6.3016,-12.2352,3
-1.3260,0.5247,0.0545,26.9706,-9.4618,-6.9762,3
-0.7342,0.2562,-0.7166,-0.7720,-7.9413,7.6032,1
-0.1820,-0.7151,-0.9144,-9.4558,-7.0973,8.6361,1
-0.0780,1.2117,0.7739,9.4901,-23.8839,7.7796,4
1.0758,0.1273,-0.0131,-2.6401,0.9389,10.0284,2
-0.8512,0.2063,0.5264,-15.6134,8.3165,-13.7818,3
0.1611,0.4710,0.6691,-3.8601,0.1968,-10.2249,0
-0.1207,-0.7903,-0.5726,-17.0165,-7.7270,0.4544,5
0.2215,-0.9464,0.3762,2.4579,3.9396,3.5244,5
-0.5492,0.8736,0.0288,-0.0763,14.4888,13.6372,4
-0.9964,0.1355,0.8104,-0.3537,-24.5616,2.9316,3
0.3470,-1.0191,0.2101,-21.9382,9.1735,-66.1352,6
0.2832,1.1276,-0.4074,-8.5348,2.5729,19.8846,4
-0.3958,0.6504,-0.0171,1.2980,5.3628,-11.0256,4
-0.0391,-0.4275,-1.0568,-2.9962,-7.2431,-5.0791,1
0.4429,-0.5591,0.5754,-21.2848,-0.5063,-1.1381,0
-0.0423,-0.7054,0.7018,9.9358,20.9744,-0.9564,0
-1.3797,-0.0128,0.5679,-1.0365,0.0904,-0.7482,3
-0.2547,0.2893,-0.6002,4.0993,0.0669,2.3895,1
0.9995,0.4274,0.9635,-31.1757,-129.1677,-105.7333,6
0.0233,0.0085,-1.4343,-119.5846,200.9210,71.8595,6
-0.3994,-0.2571,-0.7695,-13.2625,-21.6352,4.3252,1
0.7345,0.4930,0.0312,-0.9288,-0.8430,0.1801,2
-0.5432,-0.9902,-0.4083,-0.0635,2.1422,0.3851,5
-0.2473,1.0550,0.1728,-26.0095,12.4364,-3.8861,4
-0.4215,-1.2740,-0.2748,104.1955,-161.1222,117.0579,6
-0.6121,0.5591,1.1161,-2.4515,-10.4059,-6.9156,0
0.3469,0.8871,-0.4787,-111.2087,3.8087,39.6801,6
-0.0133,0.3937,0.9181,-10.4808,-24.2342,5.2424,0
-0.1180,0.8196,-0.6215,17.5202,-0.2229,3.9221,4
-0.1155,-0.7335,-0.2412,-55.4824,64.1768,-12.2946,6
0.2272,-1.2448,0.6160,5.4667,-5.4353,5.4011,5
0.4048,-1.3226,-0.3356,-23.8034,-230.5081,37.8604,6
0.2270,1.0719,-0.3721,-10.0853,-17.4259,21.0568,4
-0.6498,0.1105,0.8153,17.9096,-2.8225,-13.4561,0
0.4212,0.4458,0.4654,6.0309,2.6959,0.1803,0
0.2414,-0.1702,0.7059,-0.1773,21.8910,-8.9291,0
1.2416,-0.1973,-0.2655,6.4808,-3.8461,6.6742,2
-0.6293,-0.1210,-0.4110,-7.1765,-16.6688,-18.3889,3
-0.3875,1.1389,0.1111,3.1486,-0.6810,1.3656,4
-0.4439,-0.4026,0.2188,-62.9454,-19.3028,16.7595,6
-0.6973,-0.1135,0.6324,-2.0571,-17.9556,23.8568,3
0.7676,-1.2859,-0.1253,-14.3291,12.3590,5.0946,5
0.0596,1.2476,-0.0713,0.0008,0.0444,0.0255,4
-0.2140,0.6614,-0.2429,9.9952,-15.3649,19.6664,4
0.1636,1.1677,0.8487,1.0841,-1.7277,-1.6167,4
0.1651,-0.5457,0.6792,-11.9526,-4.6740,-8.0306,0
0.2852,-0.0263,1.0791,-1.4889,4.5879,0.1778,0
0.1001,-0.3825,-0.7367,-17.6365,-8.5041,18.1174,1
0.2072,-1.2104,0.1749,51.7257,43.3639,77.2719,6
-0.8040,-0.3632,0.3177,25.2280,1.9472,-0.8476,3
-0.0158,0.1738,-0.9152,-5.3912,1.9589,-0.4223,1
-0.1173,-0.2342,1.3778,0.6862,-2.0407,-2.4903,0
-1.1090,0.0626,0.1348,11.1706,7.5867,-4.7515,3
0.6235,-0.4376,-0.4758,-10.7169,-6.7438,22.7569,2
-0.2286,-0.1883,-0.7565,-9.8085,6.5023,26.0263,1
-1.0413,0.5353,0.7706,15.1850,6.4920,-1.2251,3
-0.9479,0.1455,-0.7095,-2.2290,-0.1743,1.2245,3
-0.4701,-0.8872,-0.3865,9.9550,9.7741,-18.5296,5
-0.5457,0.1313,-0.3376,-34.5263,-104.5046,40.4110,6
-0.3610,0.1645,0.7796,-7.6692,5.6259,23.9504,0
-0.4764,-0.2430,-1.2155,-13.1553,10.1610,22.6149,1
0.0015,-0.4599,0.9336,-17.7260,-0.2959,1.7396,0
-0.4695,-1.3037,0.0906,4.6389,20.1162,-17.2805,5
0.5245,0.6705,-0.3499,16.0485,-7.6175,-3.2790,4
-1.3014,-0.2914,-0.4636,12.8560,-9.8146,-0.4184,3
-0.2110,-0.6833,0.2855,-0.8113,-3.4149,-3.3421,5
-1.0872,-0.5710,-0.0119,-113.0108,-172.1197,13.3205,6
-0.5393,-0.2059,0.8093,1.7950,4.2528,6.5679,0
0.4268,1.2281,-0.5082,-29.9588,84.8201,-74.4923,6
-0.4167,0.6548,0.2473,-18.9793,8.6628,4.3465,4
0.5046,1.2188,-0.3949,12.5236,-11.3872,-1.0696,4
0.9782,-0.0200,-0.6563,-2.7958,5.7121,-1.8767,2
-0.0681,0.1717,-0.7927,-200.9590,104.5161,61.5901,6
-0.6637,0.3463,-0.7593,-1.1285,-2.5524,-5.4031,1
-0.1747,0.6840,1.0558,-7.0443,-0.4449,3.9030,0
-0.7811,0.1970,0.5677,-4.6420,7.7122,0.5767,3
-0.2156,-1.1911,0.0015,7.4794,-13.8176,7.2080,5
-0.6453,-0.0338,-0.5080,-2.0672,14.6846,-5.5757,3
0.6862,0.0897,0.5777,4.3682,19.9369,-10.7565,2
0.8525,0.1836,0.2208,-11.6186,3.9968,-11.2458,2
0.6540,-0.3365,0.2645,2.5817,-6.0474,-4.0576,2
-0.0122,1.4924,-0.2229,0.7766,-11.4848,-11.4861,4
0.8407,-0.0302,-0.6378,11.6005,16.6714,182.7789,6
-0.4430,0.8023,0.6418,3.7993,11.0224,6.0940,4
-0.4388,0.2146,0.5936,-16.8885,-5.2063,10.8111,0
0.6296,0.7489,-0.3577,208.5250,-40.6279,-19.7344,6
0.8908,-0.1476,-0.2076,-12.9513,-7.1089,-1.5249,2
1.2945,-0.0710,-0.3148,3.1514,-21.1670,-17.5768,2
0.2597,-0.7660,0.3609,9.4435,8.7632,23.0363,5
1.2571,0.8337,0.2048,-10.5344,22.5187,-4.5007,2
0.4760,0.0689,0.9886,-3.8935,-2.4703,-0.4908,0
0.2116,-0.6232,-1.1360,-0.5003,-5.3472,-5.4763,1
0.3554,0.5459,-1.2370,1.8494,4.0253,-2.8782,1
-0.1809,0.6434,0.4022,2.1802,2.4611,2.5284,4
-1.3192,0.3805,-0.2190,1.8490,-17.1090,-6.8967,3
0.5196,-0.1490,-0.7618,20.7002,3.6287,8.8590,1
-0.6730,0.5063,0.1653,0.3535,1.3241,-0.4941,3
0.1958,0.5248,-1.2094,-16.8131,-3.8626,-11.1322,1
-1.2063,-0.6425,-0.0323,5.3991,-1.5516,0.7058,3
-0.3195,-0.7678,-0.4921,-2.5519,4.9210,8.7660,5
0.7585,-0.6913,-0.7206,202.4640,-101.5122,78.1231,6
-0.3766,1.4719,0.1287,57.0427,162.5419,17.3711,6
-0.5223,-0.5720,0.7634,-4.8238,28.2527,-1.8336,0
-0.5190,-0.6966,0.5299,109.7922,73.7155,200.0597,6
0.7598,-0.5379,0.1633,-0.4462,-1.4478,0.1956,2
0.8249,0.4509,-0.5982,-27.6058,-223.6402,17.7794,6
-0.3900,-1.3546,-0.1732,87.1130,-84.8049,-110.2191,6
0.5760,-0.0767,1.2580,0.4656,-0.6525,2.0906,0
-0.6248,-0.8851,0.9172,0.7342,2.0091,-2.0212,0
-0.2519,-0.2433,1.2312,0.8813,-17.5793,10.9927,0
0.4022,0.5220,0.9191,-47.0373,53.5902,-21.0754,6
0.2241,-0.2846,0.9557,-13.9006,-5.3915,-9.6977,0
0.5852,-0.4903,1.0412,3.8828,1.2898,2.1290,0
-1.0681,-0.1483,-0.0327,-10.6497,-19.0444,-0.6597,3
-0.1444,0.2566,-1.3278,-3.1753,0.0589,0.9636,1
1.2141,0.7005,0.1206,-1.4368,-0.8969,3.3316,2
-0.4950,0.0910,1.0033,6.2403,-8.3620,-9.3920,0
0.7240,0.5748,-0.0550,-0.5705,-0.4370,0.0688,2
-0.7844,0.2535,0.3152,-2.9584,-0.8796,4.0149,3
-0.3686,-0.6666,-0.3472,25.4908,-47.3579,-33.8996,6
-0.4764,0.5837,0.7751,-2.1596,6.1560,-6.7808,0
-0.6282,-0.1800,-1.2814,-55.2691,44.7200,5.0448,6
0.4647,0.6418,0.9924,-1.4577,-3.5895,-6.1712,0
0.7384,-0.0794,-0.3900,7.4019,-1.9664,-19.9634,2
-0.5899,-0.5707,0.2604,-19.9885,-89.7478,212.5035,6
0.6656,1.3223,-0.0811,4.9234,8.2380,-8.1564,4
-0.2369,-0.5232,-0.1491,-47.1710,39.6545,17.6404,6
0.1880,1.0294,0.6759,14.9825,-7.8624,-7.2685,4
0.1933,0.9253,0.8349,1.7247,-15.9106,-7.8668,4
0.7647,0.8326,-0.7608,1.8177,9.2663,-13.3684,4
-1.2849,-0.0284,0.4093,-0.5016,-0.2522,-0.2810,3
1.0969,-0.5958,0.3311,-8.3246,19.4205,14.7822,2
0.3238,0.8155,0.1140,8.9919,-4.3657,1.4773,4
-0.1913,0.2193,0.7094,-5.5320,-16.9218,-22.6191,0
-0.8671,-0.8645,-0.4837,4.1871,-5.6208,3.1386,5
-0.4974,-0.1100,-1.2042,28.9327,126.5579,-5.9603,6
-0.1033,1.1264,-0.6385,0.6843,1.9237,-1.7999,4
0.4154,1.3024,0.4985,2.2935,-7.8941,24.7946,4
-0.1333,-1.0648,0.7543,1.8827,-16.1870,1.7883,5
0.8757,0.1252,0.0747,-2.9797,-14.0866,11.4154,2
0.0406,-0.6242,0.7873,15.9915,-19.7796,4.0482,0
-0.2995,0.7962,-0.0410,87.7424,-63.5223,71.1613,6
-0.1044,-0.3003,1.0492,4.8235,-9.7396,-0.3159,0
0.7175,-0.6237,-0.0565,-16.0390,-6.3258,-3.3137,2
-0.4282,-0.1703,-0.6497,-21.2336,3.9206,-6.8915,1
0.0010,-0.2644,-1.4746,3.7669,-9.5322,5.5236,1
-0.3220,0.8600,-0.3407,-4.4902,-9.1500,-4.0341,4
-0.9359,0.0917,-0.1885,5.7938,-13.3448,10.7455,3
-0.2383,-1.1008,0.3441,9.3130,17.8562,-3.2871,5
-0.1226,0.7279,1.1137,11.8065,11.3412,-14.0547,0
-0.1256,0.6148,0.9000,-18.8254,10.0499,-6.0016,0
-0.4163,-0.4022,-0.6702,7.1221,-5.8816,-8.6745,1
-0.0148,-0.5411,-0.7457,-5.2662,1.0359,-24.8766,1
-0.0781,0.7505,-0.6408,-0.4836,4.9342,6.5970,4
0.1375,-0.8600,0.6683,0.2045,1.2254,0.6828,5
-0.2999,-0.7187,-0.2863,5.4997,5.3094,5.5695,5
0.1087,0.6985,1.3011,-4.3693,6.0703,-0.2934,0
0.0312,-0.4572,0.6718,-7.8249,-23.7671,-13.9271,0
0.7441,-0.8793,0.9268,-7.9813,2.5468,13.4926,0
-0.8321,-0.6319,-0.0012,-9.9170,1.9919,7.6111,3
-0.0436,0.5228,-0.4469,-3.6334,8.3190,-11.0609,1
0.0305,-0.6585,-0.8226,-17.1835,-2.1021,2.7342,1
0.9351,0.3626,-0.9310,-5.5973,2.6188,-5.0044,2
1.0397,0.3882,0.2000,-1.3838,-0.7493,2.5872,2
-0.4239,-0.6693,1.1480,10.2522,9.7998,-13.4169,0
0.1005,0.7510,0.4578,9.7820,-8.0424,-13.5837,4
-0.6737,-0.5319,-0.9171,-25.2992,-1.4624,-3.8318,1
-0.8495,0.8049,0.2927,4.9562,-3.5252,-4.5147,4
0.9827,0.0363,0.3216,6.9045,19.5220,-8.6246,2
-0.6103,0.6193,0.2702,85.5694,-93.9960,7.3871,6
-0.7280,-0.2540,0.2044,-161.3747,-13.4225,47.1368,6
0.3934,1.4523,-0.0829,-1.2411,3.8002,-3.5570,4
0.3761,0.9461,0.9236,-2.7878,6.6246,16.9011,4
-1.0503,0.5907,-0.8539,16.0329,0.0203,-7.4468,3
1.0930,-0.8422,-0.0155,-74.2112,-176.7644,53.3128,6
-0.6907,0.3461,0.3561,-8.4629,-15.8384,18.4484,3
1.0527,0.8395,0.5199,-14.3988,-2.1837,-19.6625,2
-1.2064,0.4749,0.4195,0.6944,2.7658,1.3856,3
0.7322,-0.3166,-0.9014,-0.5997,6.3213,7.2242,1
0.2784,-0.3755,0.4580,16.6106,22.2032,78.4485,6
0.2629,0.0595,0.6598,1.8850,2.4431,-1.6508,0
0.3084,-0.9630,0.4433,-130.4476,-20.6173,-152.2974,6
0.2833,0.1601,0.8546,-2.3279,-2.5618,-2.8666,0
0.6829,0.3396,0.7097,19.3174,145.6447,48.3090,6
0.3496,0.4511,-0.9004,-2.1123,8.7137,-12.9485,1
-0.5839,0.0950,-0.6897,-0.5397,-6.1648,-2.0847,1
0.3490,0.0643,1.3679,-11.2379,-21.0754,5.5096,0
0.6212,0.7837,0.3785,-6.7828,-10.3023,17.3737,4
1.2419,0.0085,0.2948,-15.9271,-7.6066,16.1860,2
-1.0738,-0.2916,-0.2697,1.8712,-7.2838,0.2180,3
-0.0899,-0.6820,-0.3928,-17.4515,4.9818,11.1521,5
0.7042,0.3289,0.3885,-1.7246,-13.8394,-12.1287,2
-0.6522,0.0485,0.7007,-6.2617,8.7149,25.7666,0
1.0328,-0.2203,0.0900,-28.0476,104.2297,33.3606,6
0.5174,0.9047,-0.5411,-1.4934,1.1303,-10.6946,4
1.1012,-0.3603,-0.6299,4.0264,1.4314,-5.5753,2
-0.8654,0.0409,0.6381,-10.7224,16.0053,-8.6652,3
1.2753,0.4846,0.0705,71.9045,-19.8423,-15.2221,6
0.4282,-0.4827,0.3648,-17.2223,16.5302,17.6649,5
-0.4614,-0.4778,-0.0557,25.5840,-14.2098,0.1476,5
0.6927,-0.4611,-0.2354,-0.2367,0.9758,-12.2817,2
0.8975,-0.3580,1.0327,-1.7811,-1.9574,0.2541,0
-0.2489,0.0506,0.8925,22.9923,-2.0315,-3.7929,0
-0.9038,0.2639,-0.6227,-29.2730,5.7270,0.1301,3
1.3408,-0.2909,0.2969,69.1039,-34.1702,-24.8028,6
-0.1652,0.0050,-0.9974,31.0069,-74.8226,-123.5030,6
-1.1190,0.8194,-0.4311,21.0419,-11.6988,-10.4218,3
0.4655,-0.6138,-0.6420,3.9170,2.8751,-4.3706,1
0.3774,-0.6821,-0.0388,-3.4598,5.2571,1.7717,5
-0.6054,-0.7144,0.2969,-3.2637,11.0803,-11.9130,5
0.3265,0.5031,-0.2844,81.9420,150.1304,-32.4221,6
-0.5499,0.4890,1.1665,-99.2744,-113.1951,-61.7918,6
0.6925,-0.0896,-1.2021,-17.4085,-21.1236,2.5562,1
-0.7996,-0.6640,0.1805,21.7287,51.7155,-55.1836,6
-1.0739,0.8810,0.5449,-58.6246,50.1292,-42.1750,6
0.3112,-0.4408,-0.4553,3.5695,4.2001,4.8628,5
1.4715,0.0824,-0.2417,2.8291,-3.2349,5.1091,2
0.0568,-0.4895,-0.5059,-145.4490,51.5092,104.8406,6
-0.5712,-0.0212,0.5220,10.1221,-10.5027,4.8138,3
0.0510,0.9806,-0.8824,12.0507,-1.1747,-8.4885,4
0.4420,0.3031,1.2666,-1.8601,-7.5528,-27.7592,0
1.0482,0.3097,-0.2752,-0.8015,-8.3044,2.2655,2
0.0573,-1.1525,-0.5248,28.8091,-1.6422,6.2617,5
0.8756,0.5152,1.0926,-2.5651,6.2482,-11.8608,0
-0.2167,0.4370,-0.7915,7.1148,5.0594,-5.1233,1
-0.6655,0.3454,-1.1637,-3.9524,-8.5830,-4.0784,1
0.5825,-0.7209,-0.1770,-0.3350,-0.2034,-0.1673,5
0.6518,0.0920,0.3087,-11.6241,-6.5742,-6.1759,2
-0.9524,-0.2335,1.4203,145.5602,178.7458,31.9772,6
-1.2650,-0.1389,-0.2574,25.7619,-6.1090,-10.6946,3
0.0316,0.1674,-1.3386,-9.4610,-7.4339,10.4532,1
-0.5101,0.6057,0.3514,14.2187,-7.0253,-1.3513,4
0.6027,-0.7680,0.1209,5.4042,12.2447,-1.4286,5
0.5004,0.3309,0.8009,-4.5931,18.5007,-8.3682,0
-0.9001,-0.1907,-0.1361,1.9087,0.3887,1.3535,3
-1.3486,0.4013,0.4263,-3.4490,-0.5353,3.1245,3
-0.4605,-1.0917,0.5501,-0.5472,-0.0836,-0.1107,5
0.1054,1.0837,0.5720,-0.3398,24.5540,-12.4640,4
-0.5145,0.4384,-1.3345,6.8532,-3.4950,14.6443,1
-0.4765,0.9925,0.1188,0.7001,7.4234,10.5215,4
-0.4049,-0.5780,1.2531,-6.4843,-12.5889,-10.3876,0
1.0559,0.2127,0.0465,-22.0477,10.5099,15.6468,2
0.7721,-0.1092,-0.5402,-4.8644,5.5506,8.8211,2
0.4498,0.3349,0.5945,-17.1223,5.6187,-8.9087,0
0.9866,0.5553,0.3610,-88.0973,-37.4588,-20.2332,6
0.3409,-0.8432,-0.6425,2.6048,13.8073,9.5383,5
0.1527,-0.5554,0.4243,-2.7609,1.1220,1.2194,5
0.3884,0.7625,-0.0657,-17.5283,-7.1367,5.6781,4
-0.8914,0.1203,0.6817,97.5728,13.7940,-12.8367,6
-0.8717,0.7005,0.8338,7.1534,-7.7762,-8.4775,3
-0.3491,-1.2828,0.0946,4.5396,-11.0926,-10.3879,5
1.1539,0.5764,0.7576,2.6089,16.5713,1.2169,2
-0.1551,-0.6272,-0.5981,9.8421,-9.1852,-23.2014,5
-0.6267,-1.0079,0.7790,22.7090,6.1174,1.6886,5
0.3011,0.6906,0.5066,4.3675,7.0177,-12.4472,4
0.2638,-0.1567,-1.4123,3.9902,2.6395,3.5368,1
-1.0769,0.5946,0.6529,6.4792,9.0810,10.9707,3
-0.6877,0.5579,0.1660,56.7833,13.5294,41.6255,6
0.2866,0.3612,-1.4325,2.9434,2.2852,-3.6419,1
0.6701,-0.5459,-0.7775,57.7061,65.5570,-24.1796,6
0.7977,-0.8745,-0.0451,-1.8017,3.9971,-2.2326,5
0.4851,0.4620,-0.9047,19.2407,-0.6983,-5.0412,1
0.1877,0.8352,0.9537,-2.7958,-16.0076,-11.8435,0
1.0806,-0.0402,-0.1488,0.4115,-1.3724,-0.2012,2
-0.4543,0.0232,-0.8897,15.4445,-4.7363,-4.5387,1
0.0572,0.1619,0.7465,3.6210,28.5155,-3.3600,0
0.2309,0.0188,0.7648,0.3778,-14.5805,-6.8824,0
0.6246,-0.9202,0.2113,-49.3602,-7.5044,44.1017,6
1.2118,0.6621,0.4598,16.4414,-7.8712,-69.8966,6
0.2401,0.4599,-0.5972,148.1082,72.2971,16.4335,6
0.9163,0.1615,0.3594,-0.1846,5.4967,11.4939,2
-0.2210,-0.8989,0.1782,7.9641,-27.0310,1.4811,5
0.7675,-0.5710,0.9508,-57.8596,47.8170,5.6793,6
-0.3956,-0.0077,-1.3730,17.1744,-9.5702,3.4246,1
0.0619,0.7916,0.0899,-22.2207,-24.7833,167.4762,6
-0.5566,0.4947,0.3745,1.9264,-7.3451,16.2088,3
0.2498,-0.2362,0.7658,15.8463,-23.5108,0.4366,0
-0.1619,-0.8250,0.2354,12.7422,-17.3416,-5.9204,5
0.3002,0.2290,0.6700,-10.9764,4.6567,-24.4144,0
0.4881,-0.3093,1.1006,2.6959,-2.4813,-14.3825,0
0.5024,-0.4050,0.5967,-4.0299,-6.2957,-1.3464,0
0.3601,0.3451,0.7636,99.8329,-121.7381,134.1912,6
-0.3186,0.3312,0.7389,5.4631,-14.3140,23.6202,0
0.2775,-0.2810,0.8662,4.2557,3.5143,27.5346,0
-1.1572,0.7298,0.4482,3.9136,-5.4853,11.6945,3
0.6544,0.7034,0.2734,0.3399,8.2178,-21.4390,4
-0.5891,-0.3901,0.5052,2.7755,1.2081,-0.0621,3
0.3419,-0.8999,-0.5474,1.0025,-2.6641,-7.5995,5
-0.5429,-0.4452,0.2023,-22.0255,5.9313,10.4220,3
-0.4311,-0.2049,1.1213,-63.9617,41.2284,-39.2307,6
-0.5346,-0.0146,1.3543,28.1220,-3.4037,4.2270,0
-0.4179,-1.1048,-0.2134,-19.4091,18.4865,-11.0725,5
0.7156,0.6398,-0.4947,-2.4420,-13.6422,-4.0029,2
-0.1414,0.5045,-0.4903,30.2083,5.3283,-78.1375,6
-0.4626,0.3192,0.4869,-6.1074,-13.3823,-3.9546,0
0.3863,-0.9379,0.7541,-171.6958,-39.1245,-8.1032,6
-0.4118,0.1220,-0.7830,0.1826,-1.2424,0.1812,1
-1.1724,-0.3180,0.5833,15.2914,4.7250,-9.7838,3
-0.0687,-0.9767,-0.3470,7.6520,8.0153,18.0154,5
-0.3815,1.1007,-0.5495,-0.1127,20.4235,18.2343,4
0.3498,-0.3875,-1.0009,-15.0578,-103.5044,101.0391,6
0.6249,-0.1041,-0.3513,0.3581,-13.9260,-8.5174,2
-0.3697,-0.1648,-0.7018,6.0458,16.6097,20.6677,1
-0.3235,-0.6180,0.4057,4.0785,-4.7958,2.0097,5
0.0794,0.3324,-0.7282,-7.8968,9.1439,4.7384,1
-0.5215,-0.9051,-0.2994,-6.2920,5.5619,-1.7683,5
-1.2564,0.4130,0.3081,-12.7948,-7.9369,-4.6455,3
0.8591,-0.3760,-0.0635,-2.5492,-18.8437,21.4562,2
0.1345,1.0039,-0.0088,-39.8876,-45.8450,15.3384,6
-0.8725,0.5420,-0.0534,4.8170,16.2987,-3.7191,3
0.8135,-0.0087,-0.0959,-19.2510,8.8481,8.5402,2
1.3294,0.1955,-0.0468,-1.3629,2.0086,-0.1612,2
-0.3621,0.6815,-0.5505,-20.3480,-19.6231,3.4123,4
-0.0490,-0.7970,-0.1463,63.3309,-74.8797,53.2862,6
0.8468,0.4981,0.9614,-51.3095,-10.8730,-65.3197,6
0.2208,0.6016,0.5380,9.0186,-8.7794,16.0307,4
-0.7263,-0.2831,-0.4563,-11.5497,2.6761,0.4986,3
-0.6323,0.5167,-0.3942,7.5481,17.0261,-8.2546,3
0.2457,-0.0461,0.7867,5.8053,-7.1111,12.3270,0
-0.0574,0.0449,1.0994,-3.6726,-1.6359,-1.4954,0
0.6757,-0.5618,1.0304,3.2132,21.8299,-2.7369,0
-0.5879,-0.7516,-0.8657,5.2015,4.8677,-0.4577,1
-0.4009,-0.6155,0.2054,-17.6994,3.1571,13.1537,5
-0.7555,-0.4506,0.0613,99.3179,-67.3757,-22.5650,6
-0.3857,-1.0301,-0.0897,-7.9589,114.7523,-109.1853,6
-0.2401,0.9872,0.7319,14.5279,-16.5579,11.3924,4
0.3491,0.8061,-0.1256,5.9498,5.6976,12.0809,4
-0.7198,-0.5209,-0.1015,-14.9568,12.2734,-1.6342,3
-0.3676,-0.4437,0.7876,-2.9291,20.0055,18.2391,0
0.3663,-0.1186,1.1404,0.0232,-0.0391,-0.0158,0
0.1292,0.3443,1.1892,0.9831,0.1336,0.9100,0
0.4592,-0.8768,-1.1354,46.3953,65.5299,-22.7145,6
-0.6891,-0.1928,-0.2979,1.2781,11.3276,-26.8221,3
0.0223,-0.3220,-0.7121,218.1311,2.2064,83.4920,6
0.1425,-0.3558,-0.8664,5.8539,3.3754,-2.6908,1
-0.0001,0.6018,0.7734,4.1599,-6.5661,1.8972,0
0.1110,-0.2579,-1.3950,-0.3552,-0.4106,-27.6197,1
-0.8267,-1.4999,0.2217,-106.4422,-111.9497,-147.8431,6
0.6087,-0.1269,-0.4184,11.4800,-10.0894,-3.4122,2
0.6375,-0.0693,0.4174,2.1902,-3.5794,-0.0905,2
-0.2831,-0.6232,-0.7231,3.7455,-2.9888,3.1316,1
0.0068,-0.9914,-0.1217,19.0821,-5.1942,-16.5078,5
0.1674,-0.4293,-1.3957,-7.0212,-11.1104,11.1439,1
0.5491,0.6405,0.4205,1.1031,0.1486,6.5693,4
1.2854,-0.0374,0.1547,-2.8396,6.5143,4.1462,2
-0.1554,-0.4992,0.4537,-11.0466,-2.6744,-4.0695,5
0.8773,0.4980,0.6098,-25.1004,10.7544,2.9133,2
0.3918,-0.6562,1.1434,-11.8671,4.4091,-3.5796,0
1.2215,-0.6415,0.1259,-2.1388,0.3129,-1.4621,2
0.3823,-0.9242,-0.3138,9.2993,-12.9088,20.4980,5
-0.5472,-0.3237,-1.4723,50.7343,6.6024,42.6877,6
-1.0218,0.0535,-0.5130,-60.0649,-47.0099,99.9272,6
0.4626,0.5642,0.2223,-4.1578,81.0080,14.4113,6
0.7244,0.8579,-0.2525,-18.8480,-9.4411,14.2749,4
0.4636,-0.2726,0.9381,-37.2855,125.2797,206.9331,6
-0.6347,-0.4777,-0.5210,18.7974,-8.9886,6.4360,3
0.0825,-1.1771,-0.5499,9.4473,-9.0299,-1.3835,5
0.3497,-0.3306,0.7562,-52.5314,-14.0017,-53.4251,6
-0.5039,1.1359,-0.8329,-7.0203,-16.0949,8.8857,4
-0.1081,-0.4784,-0.9495,11.7391,25.1245,-10.0334,1
0.1643,-0.6761,0.4725,-5.3025,-12.6665,-25.8035,5
0.0292,0.2173,1.2374,8.7484,-0.5574,-0.8812,0
0.4518,-0.4975,-0.0770,-2.0119,21.8760,12.9394,5
0.5726,-0.0929,-0.7786,12.2973,19.5716,-15.6392,1
-0.6517,-1.1590,0.1046,-0.1889,-0.2647,-0.3078,5
0.1236,1.0236,-0.2469,26.3248,-12.2786,-3.2626,4
-0.8822,0.5223,0.3752,-22.3442,-10.6583,-7.6769,3
0.1186,-0.3181,-1.2460,3.8586,-4.8909,-8.5804,1
-0.5415,0.6723,0.5804,72.2613,25.6614,-117.8941,6
-0.7021,0.5101,-0.8682,81.9690,47.2693,-161.4291,6
0.7360,-0.0475,0.6914,11.3690,4.8999,-7.2219,2
-0.0533,-0.1621,-0.7452,156.2124,76.7472,29.0992,6
-0.5487,0.6443,0.8039,-0.4220,3.5779,7.8413,0
0.8149,-0.6868,0.2846,7.9792,5.3757,-21.9210,2
-0.3594,-0.9442,-0.1625,-28.4396,0.1232,7.1280,5
-0.8400,0.5897,0.1634,12.8119,-19.5907,-12.9865,3
-0.0648,1.2264,-0.6027,29.3936,4.4479,-2.3303,4
-0.1766,-0.3458,-1.2778,0.9659,-1.2836,2.2336,1
0.0312,-0.8044,1.2068,-90.8480,-71.1469,-0.9198,6
-0.5461,0.3066,0.8562,9.3943,-13.7871,9.9721,0
0.3834,1.1697,0.6891,-47.8916,-43.0984,21.9464,6
0.5406,-0.2620,-0.3613,5.8980,-2.2062,-4.9178,2
-0.0289,0.8858,0.6284,6.2221,26.0441,-4.3278,4
-1.2283,0.4732,-0.4585,-6.7113,7.7328,10.3523,3
0.6623,-0.9707,-0.6125,17.6497,8.2622,2.2990,5
0.4346,-0.4797,0.5712,-230.1642,-43.3611,55.0671,6
0.5886,-0.9270,-0.8390,-0.9581,10.2620,-26.1149,5
-0.5389,-0.1307,0.9858,-10.6917,1.9253,-24.7886,0
1.0659,-0.7454,0.4374,-0.8105,0.6554,-14.7315,2
-0.6191,-1.0166,0.1955,74.4540,-187.6615,-8.0550,6
-0.3321,0.8021,0.4720,20.6504,4.9212,12.6819,4
0.6731,1.0603,0.0639,-63.3768,-44.0158,-71.8683,6
0.4415,0.8969,-0.9175,3.2738,-7.7399,14.4608,4
0.7438,-1.3036,0.2027,13.3970,-11.8542,3.7345,5
-0.4312,-0.2751,-0.7796,-8.4511,17.5654,4.9205,1
-0.6035,-1.0026,0.0147,-9.5183,4.7688,0.3731,5
0.4587,-0.9533,0.4737,11.1539,89.4360,223.4924,6
0.0742,0.8618,0.1435,-1.6064,8.1550,5.0384,4
0.6335,0.2019,-0.5467,13.7077,0.8626,6.4866,2
-0.7040,1.2741,0.2834,-8.6168,8.1051,15.3706,4
0.4167,-0.9622,-0.0249,7.2857,-14.5899,20.0341,5
0.4260,-0.7904,0.6652,-13.4481,15.0868,-4.7038,5
0.2349,-0.8512,0.1312,7.1047,9.2944,-4.5431,5
1.1815,-0.0264,-0.4894,3.0998,1.1667,8.9099,2
1.3997,-0.6225,0.3545,64.6772,-14.3074,-92.0754,6
0.4163,-0.3690,0.5666,5.4498,3.7492,-7.0407,0
0.3897,-0.4174,0.4975,11.1342,20.3646,-3.6213,0
-0.2450,0.4113,1.2083,-0.4233,0.0130,0.0665,0
-0.1293,0.2518,1.1710,0.6991,-0.1904,0.6146,0
-0.9680,0.2730,0.4515,0.4982,-96.5721,88.1950,6
0.9124,0.2430,1.1761,-0.1189,0.4647,0.8224,0
-0.3500,0.0454,0.8445,35.5486,8.5622,-78.1100,6
0.6555,0.2961,-0.1202,11.7327,2.8651,17.6331,2
0.9722,-0.3248,0.4330,9.7564,-15.0922,12.0300,2
-0.6717,-0.6253,-0.1750,-1.5928,-1.1328,4.4522,3
-0.2409,0.5157,0.5373,-9.1689,12.8198,-3.2635,0
0.6897,-0.0487,0.6343,-21.3168,-19.0976,2.9822,2
-0.7491,-0.4867,-0.0527,-18.2215,9.8779,15.3781,3
0.5529,-1.0377,-0.0658,13.3853,20.7109,9.6077,5
-0.8680,0.3850,0.8550,2.7012,-17.3855,-5.2134,3
-0.8539,-0.4366,-0.4122,-1.6576,-8.6317,-1.2355,3
0.3220,-0.8466,-0.2880,1.2678,-3.5372,6.3632,5
1.1073,0.6920,0.3960,9.0721,0.4228,3.4727,2
-1.3196,-0.0952,-0.5039,-8.2196,20.5432,-1.0896,3
0.1096,0.2259,-1.1383,-0.0217,-0.0508,0.0297,1
0.3776,-0.1364,-0.7189,-19.3270,-3.0939,-6.8888,1
0.9716,-0.0840,-0.2695,-18.6611,68.2049,153.7803,6
0.9452,0.1447,0.9330,-48.0323,109.6540,14.7785,6
0.2503,1.0891,0.1317,-13.5404,-13.7766,16.6022,4
0.4899,-0.4913,-0.8687,17.0578,-23.9704,3.1073,1
0.0353,0.6010,-0.5808,-7.3795,-1.7103,2.8439,1
0.9675,0.7473,-0.1971,-5.7638,19.7125,4.6930,2
0.7854,0.3337,-0.3975,1.6509,-0.4678,-1.8937,2
0.8187,0.2094,1.0698,26.0936,-12.9772,-3.3913,0
0.1805,-0.7343,0.5137,135.8473,-67.8133,109.8626,6
0.9084,-0.2228,0.3108,7.2588,0.1294,1.5515,2
-0.2239,1.1945,-0.1134,-172.5490,-29.2476,-69.2034,6
0.8229,0.7716,0.4291,-1.8704,-4.4459,-0.0178,4
-1.0395,-0.3761,-0.4109,14.3426,-2.9518,-1.4074,3
0.3450,0.8713,-0.3041,-1.6754,-0.7176,-1.7712,4
-0.9697,0.5825,-0.3872,3.8828,4.0680,1.1426,3
-0.2889,0.4386,-1.0658,3.0921,6.6198,-21.2839,1
-0.8975,0.6939,-0.5899,0.8809,0.4750,-0.7551,3
-0.6500,-1.0324,0.7146,20.9647,-3.6546,-5.2893,5
0.0058,0.0291,0.8025,-3.3343,-26.8206,-8.2729,0
-1.0133,0.7898,-0.0500,-24.8497,-0.8771,6.8862,3
-0.4079,0.3344,0.5426,8.8105,4.5113,12.4959,0
0.2120,0.7487,0.2354,-14.5291,-6.7813,8.7077,4
-0.6299,0.2911,-0.8615,-4.5689,1.5335,20.2234,1
-0.5945,-0.2456,-0.4847,-0.5574,-1.1556,7.7961,3
1.0954,-0.4831,-0.4796,0.2885,21.5436,-7.5958,2
-0.0684,-0.1428,1.3571,-7.7763,19.7929,4.3249,0
-0.8253,-0.9292,-0.4032,-29.7628,-14.9209,75.4298,6
-1.1834,-0.0367,0.2310,34.3291,-82.8478,194.8245,6
-0.3657,-0.1579,-0.6690,-15.5757,13.5207,-10.5602,1
0.0261,0.7052,-0.7905,3.8660,-4.9529,-6.4894,1
0.1569,-0.3937,0.7808,-22.8010,-1.6355,-7.1641,0
0.1877,0.9439,0.3704,-13.0692,0.0980,2.5448,4
0.3755,-0.2447,0.6810,6.2175,14.3020,-24.4260,0
-0.9981,0.8382,0.3296,-3.8836,19.6690,2.3315,3
0.7178,-0.6773,0.6097,96.4939,203.7858,50.5103,6
0.4079,-0.4331,-0.8344,35.7235,-51.2770,32.9362,6
0.1352,0.6954,0.7945,-44.1532,46.5310,111.7115,6
-0.4122,0.1702,1.0094,-0.0533,0.1610,-0.0748,0
-0.8511,0.1349,0.1629,-20.4203,12.9316,-1.4935,3
0.2691,-0.1301,0.6624,27.3875,-4.0209,-7.1793,0
0.7993,-0.1883,-0.6606,-1.5199,-3.9755,2.0986,2
0.7112,0.2510,1.0343,-13.2308,-1.8972,10.3333,0
0.4254,-0.4470,-0.0005,-70.2188,-119.9932,-70.5201,6
-0.1361,-1.2674,-0.0795,0.0079,0.1843,0.3570,5
-0.8387,0.5468,-0.2186,0.0162,13.8222,0.0223,3
-0.7614,0.5229,-0.2181,9.7915,3.4343,17.1372,3
0.0473,0.6777,-0.2736,10.5204,23.5120,-9.8070,4
0.6008,-0.5227,0.0886,-98.6037,-58.6926,29.1481,6
-0.3506,-0.8954,-0.2503,-10.7495,9.8222,8.6696,5
0.4189,0.5467,-0.3532,-2.1220,-3.3172,1.5374,4
-0.5667,-0.6648,0.4806,8.1363,-6.0501,-18.8460,5
-0.0400,0.8833,-0.3195,-1.1987,-7.2882,4.1562,4
-0.5177,0.7834,0.4324,-1.5908,-2.1091,0.2008,4
-0.1287,-0.8362,0.1508,11.0528,53.2122,-34.4917,6
-0.5888,0.9058,0.4179,-7.8935,-4.1787,-15.9064,4
-0.5209,-0.4350,0.4274,-190.4938,15.4420,-40.6591,6
0.5611,-1.0675,0.4871,9.6702,35.1869,-78.1610,6
-0.0810,0.8018,-0.5467,0.6274,1.8237,7.4779,4
0.4637,-1.2294,0.5319,5.4308,17.0168,-11.0163,5
-0.0981,-1.3357,-0.1183,-7.4357,-7.0961,13.2777,5
-0.8396,-0.0148,0.4925,-9.1084,-11.6681,-16.8370,3
0.3531,-1.2661,-0.2081,0.9411,0.5109,12.3943,5
0.0129,1.1796,0.0200,-18.2122,-18.4778,5.8756,4
0.5383,-0.0363,0.7103,0.0579,1.6828,-2.4883,0
0.9580,0.1002,0.7027,-16.8147,-6.5515,-10.9710,2
0.7323,0.8924,0.9154,-23.2281,10.2902,6.1890,0
1.1879,-0.6703,-0.1139,5.2826,4.3624,-8.1209,2
-0.2642,-0.6945,0.4532,-20.5956,-2.4906,9.7038,5
0.9099,-0.6701,-0.4084,-17.6616,-23.6533,1.5568,2
0.2030,-0.9855,-0.9701,-7.1537,-5.9219,21.5963,1
0.8955,0.2928,-0.1701,3.5100,5.9849,-19.4854,2
0.5207,1.0326,-0.6481,14.8540,-7.4914,-14.7084,4
-0.8366,-0.7377,0.4555,15.7196,-13.4208,-17.5189,3
0.4027,0.0888,0.6743,7.2186,-0.3894,8.0961,0
-0.9811,-0.3749,-0.3275,-25.3761,-2.8894,-3.5457,3
-0.0772,-0.6088,-0.5922,0.0688,0.0839,0.0472,5
-0.1126,0.4154,-0.7921,-7.2369,-5.9964,-5.4750,1
-0.4496,0.7070,-1.1696,13.8358,-11.2981,16.5365,1
-0.2796,-0.9356,-0.2847,-17.8509,-140.2084,-18.2799,6
-0.1999,-1.0989,-0.5562,16.2573,-8.3362,-15.7180,5
-1.1067,0.1661,-0.7124,0.6333,14.9024,-11.9366,3
0.4764,-1.1299,0.1965,-1.2064,13.1358,-7.6680,5
0.3577,0.8760,-0.5357,-4.9823,-7.6899,-19.7779,4
0.6033,0.2226,-0.2266,4.7771,-9.2697,4.4288,2
-0.9203,-0.6630,-0.0325,4.6660,0.4736,1.7749,3
-0.4760,0.3452,-0.7723,-9.2917,1.9608,-7.8047,1
-0.8011,-0.1003,-0.3264,-11.5323,-38.6183,-120.6301,6
-0.8346,-0.5965,0.6765,-155.1126,-53.7128,70.7070,6
0.9867,1.0921,0.0888,-3.0995,-13.5502,-21.3580,4
0.2540,-0.1884,-0.6561,1.7796,12.0705,20.4016,1
-0.6535,0.3480,-1.3652,-24.4780,156.6824,18.8885,6
-1.3232,0.1389,-0.3253,0.1239,9.8560,19.2389,3
-0.1612,-0.5075,0.5483,3.4996,4.7044,23.3340,5
-0.2726,0.0440,-0.4199,73.2313,-92.4058,-49.7908,6
0.6773,0.1341,0.6571,-3.9691,3.1311,2.0399,2
-0.4598,1.0211,0.2241,14.0548,4.0048,-4.0085,4
-0.6618,-0.0186,-0.5386,-94.0741,144.0680,-39.5920,6
0.3050,-1.1765,0.2262,11.9639,-7.6017,-0.8395,5
1.1525,0.3493,-0.0292,2.6155,-0.3407,-14.3010,2
0.2848,-0.6595,-0.3646,7.7058,19.6409,2.0702,5
0.0350,-0.8243,-0.3591,0.7341,-11.3438,-15.3390,5
-0.2813,0.0811,-0.7536,-8.5093,-17.5759,17.8696,1
0.1531,0.6909,0.5231,-14.9197,-8.9406,3.5948,4
0.5081,1.0175,0.4917,-14.7421,-0.9060,-1.7134,4
0.0013,-1.0640,0.2778,4.7079,0.7709,-1.0095,5
-0.4150,0.5509,0.0417,1.7748,-20.5719,21.2257,4
-0.4209,-0.5553,-0.0416,25.6990,3.7788,6.7285,5
0.8750,-0.3677,-0.3895,-5.1445,7.0609,14.4045,2
-0.1087,0.4890,1.0185,-13.9023,-5.9569,-11.4864,0
-1.1382,0.1592,-0.3987,-9.3570,60.2399,56.5956,6
0.9279,0.7565,-0.1528,10.4405,12.9992,-16.6969,2
-0.5703,-0.0099,-0.7535,4.3995,-5.6739,0.5357,1
-1.5358,0.3628,0.4988,-71.2467,91.6404,-108.9212,6
-0.7884,-0.4252,0.8903,4.4370,-3.6888,0.0771,0
-0.9046,0.0099,-0.1535,6.8600,13.2443,13.9163,3
-0.4690,-0.0992,-1.3742,-2.4798,4.6986,7.1648,1
0.1051,0.9555,1.1025,-12.0101,36.4485,98.9704,6
0.7189,-0.0504,1.1114,-166.8129,-135.0442,41.4901,6
-0.8710,-0.4985,-0.9227,17.1388,22.0130,8.8256,1
0.6211,0.6609,-0.8767,3.3840,-20.5616,-4.4675,1
-0.3470,0.5035,0.4385,11.4510,12.4305,-14.8096,4
0.4388,0.8726,-0.7981,-14.2213,-0.1955,-25.4788,4
-0.5114,0.5535,-0.3633,-5.4963,5.4596,8.5355,4
0.8756,0.6293,-0.2841,-9.9510,7.1226,6.4022,2
-0.5218,-1.1475,0.2585,72.3083,207.4696,-47.8757,6
-0.6157,-0.2365,-0.5482,99.6864,92.5981,-26.3625,6
0.3181,0.9596,-0.4862,-8.1916,-9.8843,1.5864,4
0.0265,-0.1803,-0.7492,1.4054,3.0206,-4.1767,1
-0.9591,-0.7951,-0.4526,-5.4335,8.8500,6.5717,3
-1.3146,0.1099,0.1523,-3.0038,-46.4718,70.2378,6
-0.5189,-0.9471,0.5045,-43.4910,41.8951,118.3409,6
0.3359,-0.5556,-0.3546,18.4136,-9.4422,19.9057,5
-0.4634,1.0820,-0.0377,7.3256,-10.3780,0.1637,4
-0.8763,-0.7026,0.0448,-5.3973,14.5553,10.3280,3
-0.5983,-1.0964,0.1143,-0.3213,-14.5372,24.9574,5
-0.6518,-0.2194,0.1899,76.7474,79.8777,-24.2687,6
-0.9921,-0.9063,-0.0623,-47.9202,84.5571,22.2494,6
